timestamp,symbol,rk,uc_close,uc_close_loose,open_uc,frozen1,etf,exit_locked_A,exit_locked_C,ON1,xr_A,ft_A,xr_C,ft_C
2020-01-21,TANLA,3.0,True,True,False,False,False,False,False,0.018571962369695605,0.06125759604490681,1.0,-0.04083839736327121,-1.0
2020-01-27,TANLA,1.0,True,True,False,False,False,False,False,0.02162934192338195,-0.045245751033532386,-1.0,-0.045245751033532386,-1.0
2020-02-01,SHAKTIPUMP,2.0,True,True,False,False,False,False,False,0.028284713838581776,-0.04991217798594846,-1.0,-0.04991217798594846,-1.0
2020-02-03,DCAL,1.0,True,True,True,True,False,False,False,0.048663509745857425,0.09716945288753795,1.0,0.1013299556681444,1.0
2020-02-04,DCAL,1.0,True,True,True,True,False,False,False,0.04821700317092059,0.09194336379263546,1.0,0.10138805069402546,1.0
2020-02-04,SUZLON,2.0,False,False,True,False,False,False,False,0.0,-0.057823129251700627,-1.0,-0.057823129251700627,-1.0
2020-02-05,DCAL,1.0,True,True,True,True,False,False,False,0.04830149692771979,0.08283041641520816,1.0,0.10178263369752716,1.0
2020-02-06,RPOWER,1.0,True,True,True,True,False,False,False,0.029852963149681222,0.08441558441558436,1.0,0.08823529411764719,1.0
2020-02-06,DCAL,2.0,True,True,True,True,False,False,False,0.048269751662308735,0.07880144582272239,1.0,0.10191780821917806,1.0
2020-02-07,RPOWER,1.0,True,True,True,True,False,False,False,0.028987536873252284,0.078781512605042,1.0,0.0,0.0
2020-02-07,DCAL,3.0,True,True,True,True,False,False,False,0.04865969251421376,0.07544031311154596,1.0,0.10177453027139882,1.0
2020-02-10,SUZLON,1.0,True,True,False,False,False,False,False,0.04348511193973881,0.07857142857142853,1.0,0.12765957446808507,1.0
2020-02-11,SUZLON,1.0,True,True,True,False,False,False,False,0.07847161544149506,-0.051020408163265286,-1.0,-0.051020408163265286,-1.0
2020-02-12,SUVEN,1.0,True,True,True,False,False,False,False,0.04840709578704239,0.06046533895059364,1.0,-0.04031022596706243,-1.0
2020-02-12,DCAL,3.0,True,True,True,False,False,False,False,0.04854200001885367,-0.04161873181295255,-1.0,-0.04161873181295255,-1.0
2020-02-13,IFCI,1.0,True,True,False,False,False,False,False,0.028987536873252173,-0.04096638655462185,-1.0,-0.04096638655462185,-1.0
2020-02-17,MIDHANI,1.0,True,True,False,False,False,False,False,0.04317542538429642,0.06724581724581723,1.0,-0.04483054483054482,-1.0
2020-02-18,SUVEN,1.0,True,True,True,True,False,False,False,0.0478352062741636,0.06395163856188354,1.0,0.10191082802547768,1.0
2020-02-19,SUVEN,1.0,True,True,True,True,False,False,False,0.04868905704634896,0.06369426751592357,1.0,0.1021233569261879,1.0
2020-02-20,SUVEN,1.0,True,True,True,True,False,False,False,0.04835673210312175,0.06348403871154124,1.0,0.10211946050096343,1.0
2020-02-20,THOMASCOOK,2.0,True,True,False,False,False,False,False,0.12337902116050481,0.10974025974025972,1.0,-0.07316017316017315,-1.0
2020-02-24,SUVEN,1.0,True,True,True,False,False,False,False,0.048881911497355546,0.06079686209744012,1.0,-0.040531241398293415,-1.0
2020-02-25,NAVINFLUOR,2.0,True,True,False,False,False,False,False,0.014133304590255413,0.06537755031875916,1.0,0.06537755031875916,1.0
2020-02-26,SUVEN,1.0,True,True,True,True,False,False,False,0.04862365014024039,0.05544455544455544,1.0,-0.03696303696303696,-1.0
2020-02-26,SIMPLEXINF,2.0,False,False,False,False,False,True,False,0.011078085173155117,-0.057840616966580986,-1.0,-0.057840616966580986,-1.0
2020-02-27,SUVEN,1.0,True,True,False,False,False,False,False,0.035177451219141176,-0.03693350779112644,-1.0,-0.03693350779112644,-1.0
2020-03-05,JISLJALEQS,3.0,True,True,False,False,False,False,False,-0.02061928720273576,-0.06413994169096209,-1.0,-0.09375,-1.0
2020-03-16,VAKRANGEE,2.0,False,False,False,False,False,True,True,-0.05035388614561498,-0.061649659863945584,-1.0,-0.09546165884194058,-1.0
2020-03-20,RELIGARE,1.0,False,False,False,False,False,False,True,-0.05093693636275409,-0.08594001934859725,-1.0,-0.09738717339667458,-1.0
2020-03-23,RELIGARE,2.0,False,False,False,False,False,True,False,-0.04618074506336001,-0.08177807940278252,-1.0,-0.10199004975124382,-1.0
2020-03-23,ORISSAMINE,3.0,False,False,False,False,False,True,False,-0.0512602437941716,-0.07952171628497096,-1.0,-0.09749763928234179,-1.0
2020-03-26,V2RETAIL,1.0,True,True,True,True,False,False,False,0.09309042306601212,0.2613240418118467,1.0,0.2666666666666666,1.0
2020-03-26,SHAKTIPUMP,2.0,True,True,True,False,False,False,False,0.0491690238064697,0.007957559681697646,0.0,-0.04040404040404044,0.0
2020-03-27,TANLA,1.0,True,True,True,False,False,False,False,0.048202101817877985,0.13011063011063012,1.0,-0.08674042007375342,-1.0
2020-03-27,DHAMPURSUG,2.0,True,True,True,False,False,False,False,0.04831226690824586,0.2137123745819398,1.0,0.21414913957934978,1.0
2020-03-27,DWARKESH,3.0,True,True,True,False,False,False,False,0.04863194883803601,0.20253915519696253,1.0,0.2088607594936709,1.0
2020-03-30,WELCORP,1.0,False,False,True,False,False,False,False,0.04855322541699092,0.07711442786069655,0.0,0.026066350710900466,0.0
2020-03-30,DELTACORP,2.0,True,True,True,False,False,False,False,0.04859890472541473,0.20783132530120485,1.0,0.09946442234123953,0.0
2020-03-30,INTELLECT,3.0,True,True,True,True,False,False,False,0.048009219186360585,0.19145199063231855,1.0,0.2132352941176472,1.0
2020-03-31,ORISSAMINE,1.0,True,True,True,False,False,False,False,0.04875965822839756,0.10830969158964038,1.0,0.15756558877364246,1.0
2020-03-31,INTELLECT,2.0,True,True,True,True,False,False,False,0.04843996280006779,0.1629792542016807,1.0,0.21366024518388782,1.0
2020-03-31,DALMIASUG,3.0,True,True,True,True,False,False,False,0.04849434993861079,0.1635980479148181,1.0,0.21301775147928992,1.0
2020-04-01,INTELLECT,1.0,True,True,True,True,False,False,False,0.04870676481155911,0.12403052289216915,1.0,0.15596330275229353,1.0
2020-04-01,SUZLON,2.0,True,True,True,True,False,False,False,0.05264373348542195,0.06370656370656369,1.0,0.0769230769230771,1.0
2020-04-01,DALMIASUG,3.0,True,True,True,True,False,False,False,0.04813248575046103,0.13366441251056638,1.0,0.15601503759398483,1.0
2020-04-03,SUZLON,1.0,True,True,True,True,False,False,False,0.025317807984289842,0.06318681318681317,1.0,0.10000000000000009,1.0
2020-04-03,ORISSAMINE,2.0,True,True,False,False,False,False,False,0.03562717764315071,0.08937823834196892,1.0,0.11705607476635516,1.0
2020-04-03,WELCORP,3.0,True,True,True,False,False,False,False,0.04856796663491014,0.052099533437014234,0.0,0.0022222222222223476,0.0
2020-04-07,DALMIASUG,1.0,True,True,True,True,False,False,False,0.04806517106775754,0.10129172528456326,1.0,0.1015358361774743,1.0
2020-04-07,BFUTILITIE,2.0,True,True,True,False,False,False,False,0.04852180737957834,0.09020313461811641,1.0,-0.06013542307874427,-1.0
2020-04-07,INTELLECT,3.0,True,True,True,True,False,False,False,0.048108578320030126,0.09530433795139678,1.0,0.10227272727272729,1.0
2020-04-08,VAKRANGEE,1.0,True,True,True,True,False,False,False,0.04674897957407298,0.10525368837711407,1.0,0.1514423076923077,1.0
2020-04-08,ORISSAMINE,2.0,True,True,True,True,False,False,False,0.04877552298818166,0.07711819739096061,1.0,0.10248901903367491,1.0
2020-04-08,SUZLON,3.0,True,True,True,True,False,False,False,0.04652001563489294,0.056122448979591844,1.0,0.09090909090909083,1.0
2020-04-09,SHAKTIPUMP,1.0,True,True,False,False,False,False,False,0.09237332013101529,0.08171494404213295,1.0,-0.05447662936142197,-1.0
2020-04-09,VAKRANGEE,2.0,True,True,True,True,False,False,False,0.046956983087770965,0.09735576923076925,1.0,0.09862385321100908,1.0
2020-04-09,WABAG,3.0,True,True,True,True,False,False,False,0.048373584284215454,0.13344439816743026,1.0,0.15722222222222237,1.0
2020-04-13,SHILPAMED,1.0,True,True,True,True,False,False,False,0.04854310166862952,0.08474650159117661,1.0,0.10261627906976756,1.0
2020-04-13,DCAL,2.0,True,True,True,True,False,False,False,0.04858978344538745,0.0740833500300541,1.0,0.10153640614562476,1.0
2020-04-13,JISLJALEQS,3.0,True,True,True,True,False,False,False,0.04762804898925466,0.078397212543554,1.0,0.09302325581395365,1.0
2020-04-15,VAKRANGEE,1.0,True,True,True,True,False,False,False,0.047017206516710264,0.08463582369490466,1.0,0.08463582369490466,1.0
2020-04-15,SHAKTIPUMP,2.0,True,True,True,True,False,False,False,0.04833654656129083,0.07551020408163264,1.0,0.10344827586206895,1.0
2020-04-15,DCAL,3.0,True,True,True,True,False,False,False,0.048249253835992434,0.07099914113942171,1.0,0.10184595798854224,1.0
2020-04-16,WELSPUNLIV,1.0,True,True,False,False,False,False,False,0.05129329438755059,0.12802840434419382,1.0,0.12802840434419382,1.0
2020-04-16,WABAG,2.0,True,True,True,True,False,False,False,0.048694153416153796,0.09050979262672812,1.0,0.07633221315410443,0.0
2020-04-16,VAKRANGEE,3.0,True,True,False,False,False,False,False,0.02270479369375744,0.07963018192663288,1.0,-0.053086787951088586,-1.0
2020-04-17,EDELWEISS,1.0,True,True,False,False,False,False,False,0.03817257350502956,-0.05947748749305169,-1.0,-0.05947748749305169,-1.0
2020-04-17,ORISSAMINE,2.0,True,True,True,False,False,False,False,0.04876557995004127,0.06515229736706248,1.0,-0.043434864911374986,-1.0
2020-04-17,WABAG,3.0,True,True,True,True,False,False,False,0.0487215794157958,0.07838968520677594,1.0,-0.052259790137850634,-1.0
2020-04-20,ARMANFIN,1.0,True,True,True,False,False,False,False,0.048764437718780584,0.10505904144477891,1.0,-0.024311808592745066,0.0
2020-04-20,CREDITACC,2.0,True,True,True,True,False,False,False,0.04869090119692121,0.10617974391424104,1.0,0.15746370517433927,1.0
2020-04-21,JISLJALEQS,1.0,True,True,True,True,False,False,False,0.0478560211776351,0.05987394957983193,1.0,0.09345794392523366,1.0
2020-04-21,CREDITACC,3.0,True,True,True,False,False,False,False,0.04867789059998895,0.09527059365749027,1.0,-0.06351372910499352,-1.0
2020-04-22,HEG,1.0,True,True,True,False,False,True,False,0.04872448056732015,-0.045596059113300495,-1.0,-0.045596059113300495,-1.0
2020-04-22,JISLJALEQS,3.0,True,True,True,True,False,False,False,0.04567003683318838,0.05807743658210948,1.0,0.08928571428571419,1.0
2020-04-23,JUBLPHARMA,1.0,True,True,True,False,False,False,False,0.048679673036232884,0.08373384156446799,1.0,0.08778391651319839,1.0
2020-04-23,CREDITACC,2.0,True,True,True,False,False,False,False,0.04876872357595552,-0.05685180420659934,-1.0,-0.05685180420659934,-1.0
2020-04-23,EDELWEISS,3.0,True,True,False,False,False,False,False,-0.023438572972017457,-0.061224489795918366,-1.0,-0.061224489795918366,-1.0
2020-04-28,CIEINDIA,1.0,True,True,True,True,False,False,False,0.048679673036232884,0.08414816042426254,1.0,0.10220994475138112,1.0
2020-04-30,CREDITACC,1.0,True,True,False,False,False,False,False,-0.05129329438755015,-0.05149535423925668,-1.0,0.07724303135888502,1.0
2020-05-07,LEMONTREE,2.0,True,True,False,False,False,False,False,0.04342216145027811,-0.008875739644970349,0.0,-0.046491969568892635,-1.0
2020-05-13,AUBANK,1.0,True,True,True,False,False,False,False,0.04889754287633785,0.09868632995668827,1.0,-0.06579088663779219,-1.0
2020-05-14,JUBLPHARMA,1.0,True,True,True,False,False,False,False,0.04868961884324996,0.07790151286650898,1.0,-0.05588484335309052,-1.0
2020-05-18,BANKBEES,3.0,False,False,False,False,True,False,False,0.013254115678416056,-0.010189720204920372,0.0,-0.023222222222222255,0.0
2020-05-21,QUESS,1.0,True,True,True,False,False,False,False,0.04913452337774782,0.07683402854846733,1.0,-0.05122268569897822,-1.0
2020-05-21,DELTACORP,2.0,True,True,True,False,False,False,False,0.04818550830096502,0.05598932097521661,1.0,-0.03732621398347774,-1.0
2020-05-26,LEMONTREE,2.0,True,True,True,False,False,False,False,0.04706751085798544,0.07358003442340787,1.0,-0.049053356282271914,-1.0
2020-05-28,BOMDYEING,2.0,True,True,False,False,False,False,False,0.008421102396408475,0.059007852612503825,1.0,0.10167714884696011,1.0
2020-06-01,NBCC,1.0,True,True,False,False,False,False,False,0.005768454396740452,0.06065525383707198,1.0,0.06065525383707198,1.0
2020-06-01,WABAG,2.0,True,True,False,False,False,False,False,0.04499736593073589,0.08276673640167365,1.0,0.10599999999999987,1.0
2020-06-01,GSFC,3.0,True,True,False,False,False,False,False,0.02744515061505659,0.056330415983820936,1.0,0.0662550463072904,1.0
2020-06-02,WELCORP,1.0,True,True,True,False,False,False,False,0.04879016416943216,0.05819805194805193,1.0,0.05819805194805193,1.0
2020-06-02,VARROC,2.0,True,True,True,False,False,False,False,0.04863972413203932,0.065135636564208,1.0,0.08993647609495148,1.0
2020-06-02,WABAG,3.0,True,True,True,True,False,False,False,0.04862406500785088,0.07799487508007687,1.0,0.1196013289036546,1.0
2020-06-03,J&KBANK,1.0,True,True,True,False,False,False,False,0.04563529470661942,0.07295719844357978,1.0,-0.04863813229571985,-1.0
2020-06-03,WABAG,3.0,True,True,True,False,False,False,False,0.0486319488380369,0.07317445250525459,1.0,-0.04878296833683639,-1.0
2020-06-04,CREDITACC,2.0,True,True,True,False,False,False,False,0.04869450869018799,0.07598205790403698,1.0,0.020239653609908315,0.0
2020-06-05,J&KBANK,1.0,True,True,True,False,False,False,False,0.09531017980432477,0.07093596059113302,1.0,-0.11285266457680243,-1.0
2020-06-10,POONAWALLA,1.0,True,True,True,True,False,False,False,0.046385126580934966,0.07503179313268334,1.0,0.09915014164305958,1.0
2020-06-11,SETFGOLD,1.0,False,False,False,False,True,False,False,0.009324076875123044,0.0011709601873535203,0.0,-0.014469722315155555,-1.0
2020-06-16,MOREPENLAB,1.0,True,True,False,False,False,False,False,0.04950598381345461,0.10754564983888293,1.0,0.10754564983888293,1.0
2020-06-16,REPCOHOME,2.0,True,True,False,False,False,False,False,0.03630244024557605,0.07726413249005673,1.0,0.11575704225352124,1.0
2020-06-18,SUVEN,1.0,True,True,False,False,False,False,False,0.04717856027509004,0.07884748102139405,1.0,-0.052564987347596036,-1.0
2020-06-18,REPCOHOME,2.0,True,True,True,False,False,False,False,0.04849434993861035,0.07045252883762201,1.0,-0.06903353057199213,-1.0
2020-06-19,EDELWEISS,1.0,True,True,True,True,False,False,False,0.047779788301407944,0.0793521323700769,1.0,0.10264385692068445,1.0
2020-06-19,SUVEN,2.0,False,True,True,True,False,False,False,0.04944827541398178,0.07751810401579987,1.0,0.1008771929824559,1.0
2020-06-22,SUVEN,1.0,True,True,True,True,False,False,False,0.048511651425673374,0.06923558897243108,1.0,0.08635097493036215,1.0
2020-06-22,EDELWEISS,2.0,True,True,True,True,False,False,False,0.048567966634910587,0.07598311486336368,1.0,0.07851851851851843,1.0
2020-06-23,SUVEN,1.0,True,True,True,False,False,False,False,0.04759565875166949,0.06715081575805809,1.0,-0.044767210505372065,-1.0
2020-06-23,EDELWEISS,2.0,True,True,True,False,False,False,False,0.04914283565959776,0.07095238095238093,1.0,-0.04730158730158729,-1.0
2020-06-23,J&KBANK,3.0,True,True,True,False,False,False,False,0.09296306697821866,0.09609087187883747,1.0,-0.05483028720626615,0.0
2020-06-25,SUVEN,2.0,True,True,False,False,False,False,False,0.047155137917277656,0.06548375385732434,1.0,-0.043655835904882895,-1.0
2020-06-26,SUVEN,3.0,False,True,True,False,False,False,False,0.04850152222775428,-0.042683982683982664,-1.0,-0.042683982683982664,-1.0
2020-06-29,EDELWEISS,1.0,True,True,True,False,False,False,False,0.04831857727080768,-0.043847241867043835,-1.0,-0.043847241867043835,-1.0
2020-06-30,SUZLON,1.0,True,True,True,True,False,False,False,0.042111485350126765,0.06566820276497697,1.0,0.10309278350515472,1.0
2020-06-30,EDELWEISS,3.0,True,True,False,False,False,False,False,0.003531492781470913,-0.04388477088948786,-1.0,-0.04388477088948786,-1.0
2020-07-03,SUZLON,1.0,True,True,False,False,False,False,False,0.03670136685042791,-0.04072096128170896,-1.0,-0.04072096128170896,-1.0
2020-07-03,TRIDENT,3.0,False,False,True,False,False,False,False,0.014793169177830467,-0.03587396210347031,-1.0,-0.03587396210347031,-1.0
2020-07-14,HATHWAY,2.0,True,True,False,False,False,False,False,0.07616136096556358,0.08260534429599178,1.0,-0.05507022953066119,-1.0
2020-07-17,GRAPHITE,1.0,True,True,True,False,False,False,False,0.048707248867366104,0.05717809468534949,1.0,-0.038118729790232994,-1.0
2020-07-17,HINDOILEXP,2.0,True,True,False,False,False,False,False,0.034685557987889304,0.06756302521008402,1.0,0.06756302521008402,1.0
2020-07-20,SUVEN,1.0,True,True,False,False,False,False,False,0.018742181809740632,-0.05038610038610038,-1.0,-0.05038610038610038,-1.0
2020-07-20,WABAG,2.0,True,True,True,True,False,False,False,0.04858036662329379,0.05734738829452485,1.0,0.10239194292908094,1.0
2020-07-21,WABAG,1.0,True,True,True,True,False,False,False,0.048730213928114274,0.05593189856723217,1.0,0.10231814548361329,1.0
2020-07-21,HATHWAY,2.0,True,True,False,False,False,True,False,0.039875472916224286,-0.07027976753615355,-1.0,-0.07027976753615355,-1.0
2020-07-21,IOB,3.0,True,True,True,False,False,False,False,0.04879016416943216,-0.04545454545454543,-1.0,-0.04545454545454543,-1.0
2020-07-22,WABAG,1.0,True,True,True,True,False,False,False,0.04875209865868335,0.05335731414868104,1.0,-0.05215074229158734,-1.0
2020-07-22,EDELWEISS,2.0,True,True,False,False,False,False,False,0.02457126073050553,0.07014925373134333,1.0,0.07014925373134333,1.0
2020-07-23,WABAG,1.0,True,True,True,True,False,False,False,0.048663268667707094,-0.03442275273261188,-1.0,-0.03442275273261188,-1.0
2020-07-23,PNBHOUSING,2.0,True,True,True,False,False,False,False,0.04879016416943216,0.049599753694581326,1.0,-0.03306650246305422,-1.0
2020-07-23,EDELWEISS,3.0,True,True,False,False,False,False,False,0.023420274208098668,-0.04563303994583618,-1.0,-0.04563303994583618,-1.0
2020-07-24,WABAG,1.0,True,True,False,False,False,False,False,-0.028688984848344923,-0.03475603439345281,-1.0,-0.07089552238805974,-1.0
2020-07-27,GOLDBEES,2.0,False,False,False,False,True,False,False,0.011983879776191309,-0.01188682146701524,-1.0,-0.01188682146701524,-1.0
2020-07-28,APOLLO,1.0,False,False,True,False,False,False,False,0.022305757514298197,-0.07787325456498385,-1.0,-0.07787325456498385,-1.0
2020-07-28,REPCOHOME,2.0,True,True,False,False,False,False,False,0.028056597782525117,0.060238013614770575,1.0,-0.04015867574318038,-1.0
2020-07-28,OMAXE,3.0,True,True,True,True,False,False,False,0.04855977596428929,0.08611412775199917,1.0,0.10138248847926268,1.0
2020-07-29,OMAXE,1.0,True,True,True,True,False,False,False,0.048194356754387435,0.08090379008746354,1.0,-0.09912170639899631,-1.0
2020-07-30,OMAXE,1.0,True,True,True,False,False,True,True,0.04837184163666386,-0.05103961283384118,-1.0,-0.09683203825463249,-1.0
2020-08-03,SUVEN,1.0,True,True,False,False,False,False,False,0.01760370441824799,0.06586651053864169,1.0,0.09127516778523481,1.0
2020-08-04,VAKRANGEE,1.0,True,True,True,True,False,False,False,0.04863703653725171,0.0787207165824529,1.0,-0.05248047772163527,-1.0
2020-08-04,WELSPUNLIV,2.0,True,True,True,False,False,False,False,0.04856968131108097,0.05716765873015875,1.0,-0.0381117724867725,-1.0
2020-08-05,MARKSANS,1.0,True,True,True,True,False,False,False,0.04795804429616224,0.05965377417342485,1.0,-0.03976918278228323,-1.0
2020-08-05,SUVEN,2.0,True,True,True,False,False,False,False,0.04915923595808369,0.062153931339977875,1.0,-0.041435954226651917,-1.0
2020-08-05,VAKRANGEE,3.0,True,True,False,False,False,False,False,0.010662705744040046,-0.04889520892583679,-1.0,-0.04889520892583679,-1.0
2020-08-06,MARKSANS,1.0,True,True,False,False,False,False,False,0.0,-0.03865021554927904,-1.0,-0.03865021554927904,-1.0
2020-08-06,THOMASCOOK,2.0,True,True,False,False,False,False,False,0.041258716615975466,-0.04134165366614664,-1.0,-0.04134165366614664,-1.0
2020-08-10,TANLA,1.0,True,True,False,False,False,False,False,0.02623397845606945,0.07738640827550086,1.0,-0.0515909388503339,-1.0
2020-08-10,MARKSANS,2.0,True,True,False,False,False,False,False,0.033488669754043965,-0.040616246498599455,-1.0,-0.040616246498599455,-1.0
2020-08-10,JISLJALEQS,3.0,True,True,True,True,False,False,False,0.045052663940943205,0.07998683344305466,1.0,0.07998683344305466,1.0
2020-08-11,CAMLINFINE,1.0,True,True,False,False,False,False,False,0.020102911203218277,0.07621092066439018,1.0,-0.05080728044292679,-1.0
2020-08-11,JISLJALEQS,3.0,True,True,True,False,False,False,False,0.047320656190072086,0.07127123977344245,1.0,-0.04751415984896163,-1.0
2020-08-12,GPIL,1.0,True,True,True,True,False,False,False,0.04879016416943216,0.06717032967032967,1.0,-0.04478021978021978,-1.0
2020-08-12,GLOBUSSPR,2.0,True,True,False,False,False,False,False,0.014873547828675449,-0.04687636522498907,-1.0,-0.04687636522498907,-1.0
2020-08-13,GPIL,2.0,True,True,True,False,False,False,False,0.05001042057466121,-0.04447933019361592,-1.0,-0.04447933019361592,-1.0
2020-08-18,NETWORK18,1.0,True,True,False,False,False,False,False,0.010695289116747553,-0.037293053422085706,-1.0,-0.037293053422085706,-1.0
2020-08-18,DEN,3.0,True,True,False,False,False,False,False,0.01569343454604688,-0.052891455351912274,-1.0,-0.052891455351912274,-1.0
2020-08-21,BEPL,1.0,True,True,False,False,False,False,False,0.02418079819721486,-0.04928404928404927,-1.0,-0.04928404928404927,-1.0
2020-08-21,ARVINDFASN,2.0,True,True,True,True,False,False,False,0.04871092800600607,0.059686237223674846,1.0,-0.03979082481578323,-1.0
2020-08-24,TANLA,1.0,True,True,True,False,False,False,False,0.04876843000005682,0.09956314794288326,1.0,-0.06637543196192218,-1.0
2020-08-24,ARVINDFASN,2.0,True,True,True,False,False,False,False,0.04856374052983625,-0.03977812995245643,-1.0,-0.03977812995245643,-1.0
2020-08-25,GLOBUSSPR,1.0,True,True,True,False,False,False,False,0.048649685135696785,0.07345132743362832,1.0,0.09019387468389994,1.0
2020-08-25,TANLA,2.0,True,True,False,False,False,False,False,0.020863215063389617,0.09999379016983886,1.0,0.13346104725415064,1.0
2020-08-26,MOREPENLAB,1.0,True,True,True,False,False,False,False,0.04879016416943216,-0.04179894179894179,-1.0,-0.04179894179894179,-1.0
2020-08-27,TANLA,1.0,True,True,True,False,False,False,False,0.048677494460564574,-0.06034531320414603,-1.0,-0.06034531320414603,-1.0
2020-08-27,RAMCOSYS,2.0,True,True,True,False,False,False,False,0.04865159283961873,-0.045614521269225446,-1.0,-0.045614521269225446,-1.0
2020-08-27,WELSPUNLIV,3.0,True,True,True,False,False,False,False,0.04826674096983474,0.06868131868131867,1.0,-0.045787545787545784,-1.0
2020-08-28,CGPOWER,1.0,True,True,True,False,False,False,False,0.048009219186360585,0.05720976915356306,1.0,-0.03813984610237537,-1.0
2020-08-31,CGPOWER,2.0,True,True,True,False,False,False,False,0.04793946228911938,-0.04017857142857143,-1.0,-0.04017857142857143,-1.0
2020-09-02,CGPOWER,1.0,True,True,True,True,False,False,False,0.048044173832710424,0.07526366251198466,1.0,0.10021321961620466,1.0
2020-09-03,CGPOWER,1.0,True,True,True,False,False,False,True,0.04787594804602868,0.07081937252512946,1.0,-0.058943089430894435,-1.0
2020-09-04,CGPOWER,1.0,True,True,True,False,False,True,False,0.04762804898925488,-0.046457607433217196,-1.0,-0.046457607433217196,-1.0
2020-09-07,RAMCOSYS,1.0,True,True,False,False,False,False,False,0.033379222073834924,0.08058560238716897,1.0,-0.05372373492477932,-1.0
2020-09-07,JISLJALEQS,2.0,True,True,False,False,False,False,False,0.03231879125516768,0.08759124087591252,0.0,-0.058654848800834214,-1.0
2020-09-07,TANLA,3.0,True,True,False,False,False,False,False,0.04815291705530722,0.09603440038222646,1.0,0.09603440038222646,1.0
2020-09-08,TANLA,1.0,True,True,False,False,False,False,False,-0.011010020136730247,0.0911450186285942,1.0,0.09903381642512077,1.0
2020-09-08,GLOBUSSPR,3.0,True,True,False,False,False,False,False,0.02245724658327486,0.0707428839013948,1.0,-0.04716192260092986,-1.0
2020-09-09,GLOBUSSPR,1.0,True,True,False,False,False,False,False,0.024670854776595696,0.07354721549636804,1.0,0.07550043516100957,1.0
2020-09-09,TANLA,2.0,True,True,False,False,False,False,False,0.03465970182571887,0.08733544612384203,1.0,-0.0020146520146520075,0.0
2020-09-10,NETWORK18,2.0,True,True,False,False,False,False,False,0.028399474521697776,0.013717421124828544,0.0,-0.04223006074857928,-1.0
2020-09-11,GLOBUSSPR,1.0,True,True,False,False,False,False,False,0.03342264546132068,0.07235340019074593,1.0,0.0798278223439639,1.0
2020-09-14,GLOBUSSPR,1.0,True,True,True,False,False,False,False,0.04869840842316453,0.07068538398018166,1.0,-0.04712358932012111,-1.0
2020-09-14,MARKSANS,2.0,True,True,False,False,False,False,False,0.04086370376511539,0.0753016535081186,1.0,0.0753016535081186,1.0
2020-09-15,GLOBUSSPR,1.0,True,True,False,False,False,False,False,0.012764578856402586,-0.046063497889521014,-1.0,-0.046063497889521014,-1.0
2020-09-15,ADFFOODS,2.0,True,True,True,False,False,False,False,0.048819944243587265,0.07819619404985262,1.0,0.07819619404985262,1.0
2020-09-17,SETFGOLD,3.0,False,False,False,False,True,False,False,0.005420067469338985,-0.00970496894409938,-1.0,-0.012972972972972951,-1.0
2020-09-18,RAMCOSYS,3.0,True,True,False,False,False,False,False,0.03812702464371931,-0.04335756774619959,-1.0,-0.04335756774619959,-1.0
2020-09-21,AARTIDRUGS,3.0,False,False,True,False,False,False,False,0.04880691360623235,0.06257474498768906,1.0,-0.041716496658459376,-1.0
2020-09-24,SETFGOLD,3.0,False,False,False,False,True,False,False,0.003368897066104548,0.016390808291820675,1.0,0.016390808291820675,1.0
2020-09-28,GPIL,1.0,True,True,True,False,False,False,False,0.049433457855173835,0.07420366795366792,1.0,-0.049469111969111954,-1.0
2020-09-29,TANLA,1.0,True,True,False,False,False,False,False,0.03960745459477888,-0.053308231563823735,-1.0,-0.053308231563823735,-1.0
2020-09-29,ADANIGREEN,2.0,True,True,True,False,False,False,False,0.04878349574674701,-0.020725388601036343,0.0,-0.053758977334106846,-1.0
2020-10-01,AARTIDRUGS,1.0,True,True,False,False,False,False,False,0.013674064120022145,0.05682269203291614,1.0,0.07551766138855065,1.0
2020-10-01,ICIL,2.0,True,True,False,False,False,False,False,0.03732595761268609,-0.015212527964205802,0.0,-0.06762543943752002,-1.0
2020-10-05,ESTER,2.0,True,True,True,True,False,False,False,0.04852704089466098,0.06767955801104977,1.0,-0.04511970534069985,-1.0
2020-10-06,ESTER,1.0,True,True,False,False,False,False,False,0.0,-0.04285714285714289,-1.0,-0.04285714285714289,-1.0
2020-10-06,AARTIDRUGS,2.0,True,True,True,False,False,False,False,0.0487474938615593,-0.037738415258576546,-1.0,-0.037738415258576546,-1.0
2020-10-07,RAMCOSYS,1.0,True,True,True,False,False,False,False,0.04871169605168024,-0.04493969730957226,-1.0,-0.04493969730957226,-1.0
2020-10-07,AARTIDRUGS,2.0,True,True,False,False,False,False,False,-0.007925499341304487,-0.03842695601816574,-1.0,-0.03842695601816574,-1.0
2020-10-07,THYROCARE,3.0,True,True,False,False,False,False,False,0.07172215650899627,0.0808493881012965,1.0,-0.053899592067531,-1.0
2020-10-13,RAMCOSYS,3.0,True,True,False,False,False,False,False,0.02870091900386562,-0.04936494025012867,-1.0,-0.04936494025012867,-1.0
2020-10-14,RENUKA,3.0,True,True,False,False,False,False,False,0.015748356968139365,0.06065759637188209,1.0,0.078125,1.0
2020-10-19,GPIL,1.0,True,True,False,False,False,False,False,0.013908430046131848,0.060324129651860736,1.0,-0.040216086434573826,-1.0
2020-10-21,ICIL,1.0,True,True,True,True,False,False,False,0.04864580500357718,0.08325313958523796,1.0,0.10202117420596735,1.0
2020-10-22,ICIL,1.0,True,True,True,True,False,False,False,0.048530417955301,0.07740959714010724,1.0,-0.05160639809340483,-1.0
2020-10-23,ICIL,1.0,True,True,True,False,False,False,False,0.048615506933812114,-0.04817935731749914,-1.0,-0.04817935731749914,-1.0
2020-10-23,SATIN,3.0,True,True,False,False,False,False,False,0.020693495951981333,-0.03383116883116883,-1.0,-0.03383116883116883,-1.0
2020-10-28,ADANIGREEN,1.0,True,True,False,False,False,False,False,-0.028529532288985138,0.061422502965271825,1.0,0.061422502965271825,1.0
2020-10-28,SUZLON,2.0,True,True,True,False,False,False,False,0.027028672387919395,-0.038160469667318994,-1.0,-0.038160469667318994,-1.0
2020-10-29,TANLA,1.0,True,True,False,False,False,False,False,0.022168199081392892,0.06432718225171057,1.0,0.0766561514195585,1.0
2020-10-30,TANLA,1.0,False,False,True,False,False,False,False,0.04878283926218341,0.06388028215439384,1.0,0.08716671549956057,1.0
2020-11-02,TANLA,1.0,True,True,False,False,False,False,False,0.03370620102063526,0.05980285463145119,1.0,-0.056657223796033995,-1.0
2020-11-02,ICIL,3.0,True,True,True,False,False,False,False,0.04869511165284557,0.08607784431137727,1.0,-0.05738522954091818,-1.0
2020-11-05,CUPID,3.0,True,True,False,False,False,False,False,-0.023530497410194084,-0.033222591362126304,-1.0,-0.033222591362126304,-1.0
2020-11-10,TATAINVEST,2.0,False,True,False,False,False,False,False,0.011428695823623158,-0.0180623973727422,-1.0,-0.0180623973727422,-1.0
2020-11-11,YESBANK,1.0,True,True,False,False,False,False,False,0.038132869695443716,-0.030287733467945492,-1.0,-0.030287733467945492,-1.0
2020-11-13,IGPL,1.0,True,True,False,False,False,False,False,0.04311608555016466,0.07887420864299477,1.0,0.10088582677165348,1.0
2020-11-17,THOMASCOOK,1.0,True,True,False,False,False,False,False,0.03333642026759165,0.09358353510895884,1.0,0.09358353510895884,1.0
2020-11-17,TANLA,2.0,True,True,True,True,False,False,False,0.048681137632838656,0.06922520785636825,1.0,0.08458625043039136,1.0
2020-11-18,THOMASCOOK,1.0,True,True,False,False,False,False,False,0.06559728248581331,-0.06295399515738499,-1.0,-0.06295399515738499,-1.0
2020-11-19,TANLA,2.0,True,True,False,False,False,False,False,0.03247946534511659,0.06620885127115997,1.0,0.06719576719576725,1.0
2020-11-25,TANLA,2.0,False,False,True,False,False,False,False,0.04872589888230472,0.060015423173317914,1.0,0.09331619537275082,1.0
2020-12-02,TANLA,1.0,True,True,False,False,False,False,False,0.041473248206575164,0.059274398240196285,1.0,0.10653409090909083,1.0
2020-12-02,CGPOWER,3.0,True,True,True,True,False,False,False,0.04837052505290851,0.06891126494650723,1.0,-0.045940843297671494,-1.0
2020-12-03,SUVEN,1.0,True,True,False,False,False,False,False,0.014883995699237484,-0.038492435399651914,-1.0,-0.038492435399651914,-1.0
2020-12-04,CGPOWER,1.0,True,True,False,False,False,False,False,0.03536714383729134,-0.04628571428571429,-1.0,-0.04628571428571429,-1.0
2020-12-04,TEJASNET,2.0,True,True,False,False,False,False,False,0.031147796944471118,0.07294467646890557,1.0,-0.048629784312603716,-1.0
2020-12-07,JPPOWER,1.0,True,True,False,False,False,False,False,0.04652001563489283,0.09183673469387756,1.0,0.09183673469387756,1.0
2020-12-08,TANLA,1.0,True,True,False,False,False,False,True,0.040410141431444835,0.061256189141917355,1.0,-0.044401544401544424,-1.0
2020-12-09,TANLA,1.0,True,True,False,False,False,True,True,0.03662453357311346,-0.04057716374244773,-1.0,-0.08640939597315433,-1.0
2020-12-09,TEJASNET,2.0,True,True,True,False,False,False,False,0.04864180722234579,0.07346832814122535,1.0,-0.04897888542748357,-1.0
2020-12-10,TANLA,1.0,True,True,False,False,False,False,True,-0.027902532884835907,-0.0396452646701293,-1.0,-0.07187500000000002,-1.0
2020-12-11,JPPOWER,1.0,True,True,False,False,False,False,False,0.062131781107006345,-0.07142857142857144,-1.0,-0.07142857142857144,-1.0
2020-12-14,BORORENEW,1.0,True,True,False,False,False,False,False,0.03432474254107465,0.08523809523809522,1.0,0.08523809523809522,1.0
2020-12-14,SUVEN,3.0,True,True,False,False,False,False,False,0.03348670903701034,0.09303957339320801,1.0,0.15516149461684603,1.0
2020-12-15,SUZLON,1.0,True,True,True,True,False,False,False,0.050643732818755005,0.06539888682745826,1.0,0.08641975308641991,1.0
2020-12-15,SUVEN,3.0,True,True,False,False,False,False,True,0.08283351355673574,0.09310388836892712,1.0,-0.08826754385964908,-1.0
2020-12-16,SUZLON,1.0,True,True,False,False,False,False,False,0.0363676441708749,0.06481481481481481,1.0,0.06481481481481481,1.0
2020-12-16,HIMATSEIDE,2.0,True,True,False,False,False,False,False,0.008733679968754515,-0.04864840673111352,-1.0,-0.04864840673111352,-1.0
2020-12-24,SUZLON,1.0,True,True,True,False,False,False,False,0.04976150955906378,0.06669096209912537,1.0,0.08737864077669899,1.0
2020-12-28,SUZLON,1.0,True,True,False,False,False,False,False,0.03809984623227036,0.06553398058252427,1.0,0.10280373831775713,1.0
2020-12-29,SUZLON,2.0,False,True,True,True,False,False,False,0.04567003683318838,0.06308411214953269,1.0,0.09821428571428581,1.0
2020-12-30,XELPMOC,1.0,True,True,True,True,False,False,False,0.04874272696442361,0.08843440606639695,1.0,-0.06478720520466241,-1.0
2020-12-30,SUZLON,2.0,True,True,True,True,False,False,False,0.05218575317057028,0.06122448979591837,1.0,0.09322033898305082,1.0
2020-12-30,INDIACEM,3.0,True,True,False,False,False,False,False,-0.024721340380200907,-0.04543029507120286,-1.0,0.06814544260680429,1.0
2020-12-31,SUZLON,1.0,True,True,True,True,False,False,False,0.04149973090675285,0.05901937046004843,1.0,0.07317073170731692,1.0
2021-01-01,SUZLON,1.0,True,True,True,True,False,False,False,0.047628048989254435,0.0583623693379791,1.0,-0.0389082462253194,-1.0
2021-01-01,SALASAR,2.0,True,True,True,False,False,False,False,0.02061928720273587,0.05133928571428566,1.0,0.05133928571428566,1.0
2021-01-04,SUZLON,1.0,True,True,False,False,False,False,False,0.022989518224698635,-0.03931339977851606,-1.0,-0.03931339977851606,-1.0
2021-01-04,TRIDENT,2.0,True,True,False,False,False,False,False,0.06730368189610658,0.08281532549728754,1.0,0.08281532549728754,1.0
2021-01-05,SUZLON,1.0,True,True,False,False,False,False,False,0.03636764417087468,0.06349206349206349,1.0,0.1071428571428572,1.0
2021-01-06,SUZLON,1.0,True,True,True,True,False,False,False,0.04845238338594693,0.06231003039513679,1.0,-0.04154002026342452,-1.0
2021-01-06,JISLJALEQS,2.0,True,True,True,False,False,False,False,0.048009219186360585,0.07151221144195387,1.0,-0.047674807627969246,-1.0
2021-01-07,GLOBUSSPR,1.0,True,True,False,False,False,False,False,0.05651796666950304,0.07787360622614685,1.0,-0.0519157374840979,-1.0
2021-01-07,SUZLON,2.0,True,True,True,False,False,False,False,0.04621284315513119,-0.04150579150579151,-1.0,-0.04150579150579151,-1.0
2021-01-08,FACT,2.0,True,True,False,False,False,False,False,0.11191791620398561,0.09382048872180451,1.0,0.09411764705882364,1.0
2021-01-11,TTML,1.0,True,True,True,False,False,False,False,0.04700604237593087,0.06130634071810545,1.0,-0.0408708938120703,-1.0
2021-01-11,3IINFOLTD,2.0,True,True,False,False,False,False,False,0.012651117553558855,-0.04034391534391535,-1.0,-0.04034391534391535,-1.0
2021-01-11,ANANTRAJ,3.0,True,True,False,False,False,False,False,-0.011996716287631326,-0.047578486249695795,-1.0,0.07136772937454369,1.0
2021-01-12,TTML,1.0,True,True,True,False,False,False,False,0.04489531990789075,-0.03790087463556854,-1.0,-0.03790087463556854,-1.0
2021-01-13,TTML,1.0,True,True,True,False,False,False,False,0.047628048989254435,-0.04006968641114985,-1.0,-0.04006968641114985,-1.0
2021-01-13,J&KBANK,2.0,True,True,False,False,False,False,False,0.0016353233407309098,-0.046527940144961415,-1.0,-0.046527940144961415,-1.0
2021-01-14,TTML,1.0,True,True,False,False,False,False,False,0.013857034661426404,0.06179401993355484,1.0,0.08256880733944949,1.0
2021-01-14,ANANTRAJ,2.0,True,True,False,False,False,False,False,0.020710799442561267,0.07863549007046766,1.0,0.1171303074670571,1.0
2021-01-15,TTML,1.0,True,True,True,False,False,False,False,0.04773140282118993,0.0604761904761905,1.0,0.09745762711864403,1.0
2021-01-18,TTML,1.0,True,True,False,False,False,False,False,0.04149973090675285,0.059927360774818424,1.0,0.10162601626016254,1.0
2021-01-19,SHAKTIPUMP,1.0,True,True,False,False,False,False,False,0.024803977365808194,-0.048814959773863874,-1.0,-0.048814959773863874,-1.0
2021-01-19,TTML,2.0,True,True,True,True,False,False,False,0.04743972507156036,0.05899363794100637,1.0,-0.039329091960670914,-1.0
2021-01-19,ANANTRAJ,3.0,True,True,False,False,False,False,False,0.017167803622365252,0.07915893630179346,1.0,0.08226950354609919,1.0
2021-01-20,TTML,1.0,True,True,True,False,False,False,False,0.045290759180163676,-0.03998896856039714,-1.0,-0.03998896856039714,-1.0
2021-01-20,ANANTRAJ,2.0,True,True,True,False,False,False,False,0.04833155375093767,0.07914128512477897,1.0,-0.05276085674985265,-1.0
2021-01-21,TTML,1.0,True,True,False,False,False,False,False,-0.014870162479451832,-0.042698998418555616,-1.0,0.11610486891385774,1.0
2021-01-22,TTML,1.0,True,True,True,False,False,False,False,0.04811924834419834,0.06866197183098592,1.0,0.09731543624161088,1.0
2021-01-22,ANANTRAJ,2.0,True,True,False,False,False,False,False,0.03030534949532937,-0.05604395604395606,-1.0,-0.05604395604395606,-1.0
2021-01-25,TTML,1.0,True,True,True,True,False,False,False,0.0459097013040779,0.06579578139980824,1.0,0.09935897435897423,1.0
2021-01-27,TTML,1.0,True,True,True,True,False,False,False,0.04695698308777141,0.06490384615384615,1.0,0.10091743119266039,1.0
2021-01-28,TTML,1.0,True,True,True,True,False,False,False,0.04777027626868602,0.06487549148099606,1.0,0.10204081632653073,1.0
2021-02-01,TTML,1.0,True,True,True,True,False,False,False,0.04879016416943216,0.06398809523809523,1.0,0.0978835978835979,1.0
2021-02-01,CUPID,2.0,True,True,False,False,False,False,False,0.0,0.041396103896103986,1.0,0.041396103896103986,1.0
2021-02-02,TTML,3.0,True,True,True,True,False,False,False,0.04652001563489305,0.06349206349206347,1.0,0.0984848484848484,1.0
2021-02-03,OLECTRA,2.0,True,True,True,True,False,False,False,0.04867066130122044,0.06116687578419071,1.0,0.10218105766357932,1.0
2021-02-03,TTML,3.0,True,True,True,True,False,False,False,0.04686430897621774,0.0606060606060606,1.0,0.0987951807228915,1.0
2021-02-04,OLECTRA,3.0,True,True,True,True,False,False,False,0.04869056753571588,0.06056596525673311,1.0,-0.04037731017115541,-1.0
2021-02-05,PNBGILTS,1.0,True,True,False,False,False,False,False,0.051883814289332975,0.05300669886275123,1.0,-0.03533779924183415,-1.0
2021-02-05,OLECTRA,2.0,True,True,True,False,False,False,False,0.04860042884963356,-0.039860964306041136,-1.0,-0.039860964306041136,-1.0
2021-02-05,AFFLE,3.0,True,True,False,False,False,False,False,0.05260995027229676,0.05581079000051332,1.0,-0.037207193333675545,-1.0
2021-02-08,POONAWALLA,1.0,True,True,True,False,False,False,False,0.09485779345867673,0.08696314346634174,1.0,0.08696314346634174,1.0
2021-02-08,ANANTRAJ,3.0,True,True,False,False,False,False,False,0.029514060513164075,0.08109776168531932,1.0,-0.0704697986577183,-1.0
2021-02-10,MANALIPETC,1.0,True,True,False,False,False,False,False,0.04320326300889876,0.08266319772942295,1.0,0.08266319772942295,1.0
2021-02-10,HNDFDS,2.0,True,True,False,False,False,False,False,0.054013270327084584,0.06272618873292472,1.0,0.09877913429522756,1.0
2021-02-11,POONAWALLA,2.0,True,True,True,True,False,False,False,0.04851016264032104,0.0863556539665572,1.0,0.1023421588594704,1.0
2021-02-12,GREENPLY,1.0,True,True,False,False,False,False,False,0.02166149678117879,0.08332247132429613,1.0,0.08332247132429613,1.0
2021-02-12,AFFLE,2.0,True,True,True,False,False,False,False,0.04877012696702554,-0.04465913720670839,-1.0,-0.04465913720670839,-1.0
2021-02-12,POONAWALLA,3.0,True,True,True,False,False,False,False,0.048693175662494426,0.08466686063427406,1.0,0.10232783705140647,1.0
2021-02-15,JPPOWER,1.0,True,True,True,False,False,False,False,0.09531017980432477,0.07678571428571428,1.0,-0.05119047619047618,-1.0
2021-02-15,GOLDIAM,2.0,True,True,False,False,False,False,False,0.13517477836825265,0.08012218045112784,1.0,-0.05341478696741856,-1.0
2021-02-15,CIEINDIA,3.0,True,True,False,False,False,False,False,0.02811577447605007,0.06870107328822928,1.0,-0.04580071552548618,-1.0
2021-02-16,MAHABANK,1.0,True,True,False,False,False,False,False,0.05861550283444927,0.07170978627671543,1.0,0.07170978627671543,1.0
2021-02-16,POONAWALLA,2.0,True,True,True,True,False,False,False,0.04868018341595359,0.0811613328934345,1.0,0.10206775186977568,1.0
2021-02-16,IOB,3.0,True,True,False,False,False,False,False,0.037457562534900735,0.07033805888767725,1.0,0.07033805888767725,1.0
2021-02-17,MAHABANK,1.0,True,True,True,True,False,False,False,0.09391672879752466,0.07455454829634262,1.0,-0.049703032197561746,-1.0
2021-02-17,CENTRALBK,2.0,True,True,False,False,False,False,False,0.1310282624064043,0.0707142857142857,1.0,-0.04714285714285714,-1.0
2021-02-17,IOB,3.0,True,True,False,False,False,False,False,0.14225122591751793,0.07438580527752504,1.0,0.11325966850828717,1.0
2021-02-18,MAHABANK,2.0,True,True,False,False,False,False,False,0.03137512256775343,-0.04823562891291975,-1.0,-0.04823562891291975,-1.0
2021-02-18,CENTRALBK,3.0,True,True,False,False,False,False,False,0.04082199452025481,-0.04970238095238094,-1.0,-0.04970238095238094,-1.0
2021-02-19,POONAWALLA,1.0,True,True,False,False,False,False,False,-0.0023980826840119818,-0.051839178785286565,-1.0,-0.08363345338135253,-1.0
2021-02-22,MON100,2.0,False,False,False,False,True,False,False,0.0,-0.019936144936144973,-1.0,-0.019936144936144973,-1.0
2021-02-23,HNDFDS,2.0,True,True,False,False,False,False,False,0.025835138570064586,-0.04784413516625678,-1.0,-0.04784413516625678,-1.0
2021-02-24,HINDCOPPER,2.0,True,True,False,False,False,False,False,0.04552325502408383,0.09447861336315352,1.0,0.09447861336315352,1.0
2021-02-24,IIFLCAPS,3.0,True,True,False,False,False,False,False,0.09466522654107834,0.07076367781155019,1.0,-0.047175785207700126,-1.0
2021-02-25,RCF,1.0,True,True,False,False,False,False,False,0.058798296135949,0.056182738974467177,1.0,0.056182738974467177,1.0
2021-02-26,EVEREADY,1.0,True,True,False,False,False,False,False,0.0719289472649205,-0.05285828846374156,-1.0,-0.05285828846374156,-1.0
2021-03-01,NFL,2.0,True,True,False,False,False,False,False,0.07579383936953388,-0.04865016872890888,-1.0,-0.04865016872890888,-1.0
2021-03-01,MMTC,3.0,True,True,False,False,False,False,False,0.04499736593073589,0.08898684997011358,1.0,-0.059324566646742384,-1.0
2021-03-02,HCC,1.0,True,True,False,False,False,False,False,0.03677925150329653,0.05696788801976124,1.0,0.05696788801976124,1.0
2021-03-03,IFCI,1.0,True,True,False,False,False,False,False,-0.023716526617315825,-0.0555245535714286,-1.0,-0.06400000000000006,-1.0
2021-03-03,BAJAJHIND,2.0,True,True,False,False,False,False,False,-0.012903404835908017,-0.06456043956043957,-1.0,0.09684065934065936,1.0
2021-03-03,SETFGOLD,3.0,False,False,False,False,True,False,False,0.0,-0.012037528766153322,-1.0,-0.012037528766153322,-1.0
2021-03-05,ANANTRAJ,1.0,True,True,False,False,False,False,False,0.006688988150796327,-0.04638063279002877,-1.0,-0.04638063279002877,-1.0
2021-03-05,FACT,2.0,True,True,False,False,False,False,False,0.06370122702605485,-0.06909356889664099,-1.0,-0.06909356889664099,-1.0
2021-03-08,SUBEXLTD,1.0,True,True,False,False,False,False,False,0.07282674199767358,-0.05743552222425461,-1.0,-0.05743552222425461,-1.0
2021-03-08,OLECTRA,2.0,True,True,True,True,False,False,False,0.048778019477572876,0.06243851787080553,1.0,0.1022589264027205,1.0
2021-03-09,IFCI,1.0,True,True,False,False,False,False,False,0.04512043528046972,0.09931318681318684,1.0,0.09931318681318684,1.0
2021-03-09,OLECTRA,2.0,True,True,True,True,False,False,False,0.04859351529692724,0.05957007529754674,1.0,0.07265155020823699,1.0
2021-03-10,ONWARDTEC,1.0,True,True,False,False,False,False,False,0.013754262138971463,-0.06383473959848707,-1.0,-0.06383473959848707,-1.0
2021-03-10,MTNL,2.0,True,True,False,False,False,False,False,0.07312226482896289,0.10024630541871923,1.0,-0.06683087027914615,-1.0
2021-03-10,OLECTRA,3.0,True,True,True,False,False,False,False,0.048768128272955735,0.05892609241753155,1.0,-0.0392840616116877,-1.0
2021-03-12,MTNL,3.0,True,True,False,False,False,False,False,0.014538158446026905,-0.06604901374775853,-1.0,-0.06604901374775853,-1.0
2021-03-15,HPL,1.0,True,True,False,False,False,False,False,0.03515006213807048,0.07702604039912384,1.0,-0.051350693599415895,-1.0
2021-03-15,3IINFOLTD,2.0,True,True,False,False,False,False,False,0.030483016725075807,-0.046768707482993194,-1.0,-0.046768707482993194,-1.0
2021-03-22,SALASAR,1.0,True,False,False,False,False,False,False,0.0,-0.03378378378378376,-1.0,-0.03378378378378376,-1.0
2021-03-22,JPPOWER,2.0,True,True,True,True,False,False,False,0.0370412716803491,0.07277628032345011,1.0,0.07277628032345011,1.0
2021-03-23,JPPOWER,2.0,True,True,True,False,False,False,False,0.035718082602079315,0.07012987012987011,1.0,0.07012987012987011,1.0
2021-03-23,INOXWIND,3.0,True,True,False,False,False,False,False,0.005282632464427284,0.07507944915254236,1.0,-0.05005296610169491,-1.0
2021-03-30,VAKRANGEE,2.0,True,True,True,False,False,False,False,0.04843340355201953,0.047853130016051376,1.0,0.047853130016051376,1.0
2021-04-01,PSB,1.0,True,True,False,False,False,False,False,0.045040725424303485,0.04336043360433606,0.0,-0.05052264808362368,-1.0
2021-04-01,ASIANTILES,3.0,True,True,False,False,False,False,False,0.009940439705251158,0.09922220636506356,1.0,0.09922220636506356,1.0
2021-04-08,RTNPOWER,2.0,True,True,True,False,False,False,False,0.01739174271186905,-0.038847117794486206,-1.0,-0.038847117794486206,-1.0
2021-04-09,BUTTERFLY,1.0,True,True,False,False,False,False,False,-0.01884223172834698,-0.0486954173651819,-1.0,-0.0486954173651819,-1.0
2021-04-16,GREENPANEL,3.0,True,True,True,False,False,False,False,0.04864180722234579,-0.043151552497346896,-1.0,-0.043151552497346896,-1.0
2021-04-19,EKC,1.0,True,True,False,False,False,False,False,0.0906182339206234,0.09982578397212544,1.0,0.20247524752475243,1.0
2021-04-20,EKC,1.0,True,True,False,False,False,False,False,0.09267881573359027,0.09586720867208673,1.0,0.10209962947715101,1.0
2021-04-22,TEJASNET,1.0,True,True,True,True,False,False,False,0.04862744347913672,0.07196753986332571,1.0,0.07196753986332571,1.0
2021-04-23,TEJASNET,1.0,True,True,True,True,False,False,False,0.04869975234350399,0.0711960943856794,1.0,-0.04746406292378627,-1.0
2021-04-23,TTML,2.0,True,True,True,True,False,False,False,0.0483965408618503,0.08721959858323493,1.0,-0.07480314960629919,-1.0
2021-04-26,APARINDS,1.0,True,True,False,False,False,False,False,0.029171377300279744,-0.04218212381477686,-1.0,-0.04218212381477686,-1.0
2021-04-26,TEJASNET,2.0,True,True,False,False,False,False,False,-0.0028456881187715055,-0.045687714507141,-1.0,-0.045687714507141,-1.0
2021-04-26,EKC,3.0,True,True,True,True,False,False,True,0.048709313621626116,0.08545961678389523,1.0,-0.0970245795601552,-1.0
2021-04-27,OAL,1.0,True,True,False,False,False,False,False,0.04111138824243099,0.09447178002894359,1.0,0.09447178002894359,1.0
2021-04-27,EKC,2.0,True,True,True,False,False,True,False,0.04860533836722336,-0.053340417667713906,-1.0,-0.053340417667713906,-1.0
2021-04-28,ASHAPURMIN,1.0,True,True,False,False,False,False,False,0.02713870759929815,0.11207997641972883,1.0,0.11207997641972883,1.0
2021-05-03,BAJAJHIND,2.0,True,True,False,False,False,False,False,0.08796877294595751,0.0874384236453202,1.0,-0.05829228243021347,-1.0
2021-05-05,POONAWALLA,2.0,True,True,True,False,False,False,False,0.04854954151087121,0.07249736272278057,1.0,0.07367641614216947,1.0
2021-05-06,PGEL,1.0,True,True,True,True,False,False,False,0.04946063016839952,0.09235412474849095,1.0,-0.06156941649899396,-1.0
2021-05-06,IGARASHI,3.0,True,True,False,False,False,False,False,0.025317807984290397,-0.051322040405009824,-1.0,-0.051322040405009824,-1.0
2021-05-07,PGEL,1.0,True,True,True,False,False,False,False,0.04840709578704239,-0.058885484488701643,-1.0,-0.058885484488701643,-1.0
2021-05-07,EKC,2.0,True,True,False,False,False,False,False,0.010313459128273195,-0.08122579175210755,-1.0,-0.10655090765588004,-1.0
2021-05-10,GOODLUCK,1.0,True,True,False,False,False,False,False,-0.04049136135473708,-0.06802721088435376,-1.0,-0.06802721088435376,-1.0
2021-05-10,RPOWER,2.0,True,True,False,False,False,False,False,0.05129329438755037,0.08941997851772283,1.0,0.09285714285714297,1.0
2021-05-11,SPIC,1.0,True,True,False,False,False,False,False,0.06575137756278071,-0.06166909103210313,-1.0,-0.06166909103210313,-1.0
2021-05-11,RPOWER,2.0,True,True,True,False,False,False,False,0.04683129968409894,-0.05724070450097845,-1.0,-0.05724070450097845,-1.0
2021-05-12,RENUKA,1.0,True,True,True,False,False,False,False,0.048620687006073915,0.08121504829689884,1.0,-0.05414336553126589,-1.0
2021-05-12,JPPOWER,2.0,True,True,True,False,False,False,False,0.037271394797231405,-0.05244122965641951,-1.0,-0.05244122965641951,-1.0
2021-05-12,BAJAJHIND,3.0,False,False,True,False,False,False,False,0.047024938644863123,-0.06587301587301589,-1.0,-0.06587301587301589,-1.0
2021-05-14,RENUKA,1.0,True,True,False,False,False,False,False,0.03660974561256092,0.08317191283292978,1.0,-0.05544794188861985,-1.0
2021-05-14,3IINFOLTD,3.0,True,True,True,False,False,False,False,0.04723557917168675,-0.05318977984894746,-1.0,-0.09227467811158796,-1.0
2021-05-17,ADANIGREEN,1.0,True,True,True,False,False,False,False,0.04877140731145513,0.04813902452748796,1.0,-0.0320926830183253,-1.0
2021-05-17,RENUKA,2.0,True,True,True,False,False,False,False,0.047402238894583615,0.08529819694868238,1.0,-0.05686546463245492,-1.0
2021-05-19,MUKANDLTD,1.0,True,True,True,True,False,False,False,0.04855014341809927,0.07180888125043544,1.0,-0.047872587500290296,-1.0
2021-05-19,THOMASCOOK,2.0,True,True,True,False,False,False,False,0.04824683353938575,0.06283948940793048,1.0,0.0778985507246377,1.0
2021-05-20,MUKANDLTD,1.0,True,True,True,False,False,False,False,0.0484434887463534,-0.04549326312529037,-1.0,-0.04549326312529037,-1.0
2021-05-21,ANANTRAJ,1.0,True,True,True,True,False,False,False,0.04870820031544554,0.06611138431276126,1.0,-0.0440742562085075,-1.0
2021-05-21,THOMASCOOK,2.0,True,True,False,False,False,False,False,0.03419136474827944,-0.03888198757763976,-1.0,-0.03888198757763976,-1.0
2021-05-21,EDELWEISS,3.0,True,True,False,False,False,False,False,0.027430291226151482,0.05052971362357228,1.0,-0.033686475749048185,-1.0
2021-05-24,ANANTRAJ,1.0,True,True,True,False,False,False,False,0.04879016416943216,-0.04197892271662764,-1.0,-0.04197892271662764,-1.0
2021-05-24,JTEKTINDIA,2.0,True,True,False,False,False,False,False,0.0,-0.04314562761320165,-1.0,-0.04314562761320165,-1.0
2021-05-24,HPL,3.0,True,True,True,False,False,False,False,0.04879016416943216,-0.04411027568922307,-1.0,-0.04411027568922307,-1.0
2021-05-25,TTML,1.0,True,True,True,True,False,False,False,0.045290759180163676,0.060397131825703235,1.0,0.09963099630996308,1.0
2021-05-25,RTNPOWER,2.0,True,True,False,False,False,False,False,0.030305349495328926,0.0708791208791209,1.0,0.10447761194029859,1.0
2021-05-26,TTML,1.0,True,True,True,True,False,False,False,0.046855417281504774,0.05614127569847125,1.0,0.09859154929577474,1.0
2021-05-26,KIRLOSBROS,2.0,True,True,False,False,False,False,False,0.07458798176313053,0.07284393942425028,1.0,-0.048562626282833525,-1.0
2021-05-27,TTML,1.0,True,True,True,True,False,False,False,0.04811924834419834,0.05206237424547282,1.0,0.09731543624161088,1.0
2021-05-27,PGEL,2.0,True,True,False,False,False,False,False,0.04294445182974149,-0.04462223688551632,-1.0,-0.04462223688551632,-1.0
2021-05-28,TTML,1.0,True,True,True,True,False,False,False,0.0459097013040779,0.0478187919463087,1.0,0.04807692307692313,1.0
2021-05-31,TTML,1.0,True,True,True,True,False,False,False,0.04695698308777141,0.04704670329670327,1.0,0.048929663608562546,1.0
2021-06-01,TTML,1.0,True,True,True,False,False,False,False,0.04777027626868602,0.045543905635648745,1.0,0.04956268221574356,1.0
2021-06-01,POONAWALLA,2.0,True,True,True,True,False,False,False,0.04847365311805607,0.06955478938689855,1.0,0.10229923358880377,1.0
2021-06-01,JAGSNPHARM,3.0,True,True,False,False,False,False,False,0.03232604701714914,0.07304194778527426,1.0,0.07304194778527426,1.0
2021-06-02,TTML,1.0,True,True,True,True,False,False,False,0.0483735842842159,0.04560599750104122,1.0,0.04999999999999982,1.0
2021-06-02,POONAWALLA,2.0,True,True,True,True,False,False,False,0.048774296316906884,0.06390726900556962,1.0,0.09711202792764184,1.0
2021-06-03,TTML,1.0,True,True,True,True,False,False,False,0.04879016416943216,0.04583333333333332,1.0,0.04761904761904767,1.0
2021-06-03,POONAWALLA,2.0,True,True,True,False,False,False,False,0.0486239143863072,0.05913088815342071,1.0,-0.03942059210228047,-1.0
2021-06-04,AURUM,1.0,True,True,False,False,False,False,False,0.048626511440157394,0.032860824742268015,1.0,0.032860824742268015,1.0
2021-06-04,TTML,2.0,True,True,True,True,False,False,False,0.04652001563489305,0.045918367346938764,1.0,0.04797979797979801,1.0
2021-06-07,URJA,1.0,True,True,False,False,False,False,False,0.034846731330168135,0.044832826747720385,1.0,0.06164383561643838,1.0
2021-06-07,PGEL,2.0,True,True,False,False,False,False,False,0.04398614818425006,-0.04917405934536555,-1.0,-0.04917405934536555,-1.0
2021-06-08,RENUKA,2.0,True,True,True,False,False,False,False,0.09438681870455623,0.07994923857868022,1.0,0.09930715935334877,1.0
2021-06-08,TTML,3.0,True,True,True,False,False,False,False,0.04706751085798544,-0.03235800344234079,-1.0,-0.03235800344234079,-1.0
2021-06-09,TTML,1.0,True,True,False,False,False,False,False,0.0,0.05467980295566501,1.0,0.09885057471264358,1.0
2021-06-09,RPOWER,2.0,True,True,True,True,False,False,False,0.04711792297706996,0.07048872180451128,1.0,0.09623430962343105,1.0
2021-06-09,URJA,3.0,True,True,False,False,False,False,False,0.019169916107720564,0.044930875576036894,1.0,0.07594936708860756,1.0
2021-06-10,RTNPOWER,1.0,True,True,True,False,False,False,False,0.04740223889458406,-0.04507628294036061,-1.0,-0.04507628294036061,-1.0
2021-06-10,RPOWER,2.0,True,True,True,False,False,False,False,0.04499736593073589,0.06948595337716677,1.0,-0.046323968918111184,-1.0
2021-06-10,URJA,3.0,True,True,True,False,False,False,False,0.04820210181787754,-0.029541446208112887,-1.0,-0.029541446208112887,-1.0
2021-06-11,RENUKA,1.0,True,True,True,False,False,False,False,0.04718824152009837,0.07270408163265307,1.0,-0.04846938775510205,-1.0
2021-06-11,TTML,2.0,True,True,True,True,False,False,False,0.04699536859340858,0.05805439330543932,1.0,0.10179640718562877,1.0
2021-06-11,RPOWER,3.0,True,True,True,False,False,False,False,0.04688358589885011,0.07285714285714286,1.0,0.0992366412213741,1.0
2021-06-14,TTML,1.0,True,True,True,True,False,False,False,0.048695111652845124,0.057741659538066724,1.0,0.10076045627376429,1.0
2021-06-14,RENUKA,2.0,True,True,True,True,False,False,False,0.04697536831340443,0.07386200973375323,1.0,-0.04924133982250216,-1.0
2021-06-15,TTML,1.0,True,True,True,True,False,False,False,0.04824683353938575,0.05764530146659424,1.0,0.09963768115942018,1.0
2021-06-15,RENUKA,2.0,True,True,False,False,False,False,False,0.03013410684407436,-0.048074296640262235,-1.0,-0.048074296640262235,-1.0
2021-06-15,RPOWER,3.0,True,True,True,True,False,False,False,0.04618938246937443,0.07051948051948052,1.0,0.10069444444444442,1.0
2021-06-16,TTML,1.0,True,True,True,False,False,False,False,0.047754431295899735,0.05745341614906832,1.0,-0.038302277432712216,-1.0
2021-06-16,RPOWER,2.0,True,True,True,False,False,False,False,0.04746653723892402,0.06919642857142858,1.0,-0.046130952380952384,-1.0
2021-06-17,JPPOWER,1.0,True,True,True,False,False,False,False,0.04367506350266148,0.07366071428571425,1.0,-0.049107142857142835,-1.0
2021-06-17,RPOWER,2.0,True,True,True,False,False,False,False,0.04847475650241062,-0.043519394512771994,-1.0,-0.043519394512771994,-1.0
2021-06-17,3IINFOLTD,3.0,True,True,True,False,False,False,False,0.0479439087987199,-0.04754440961337514,-1.0,-0.04754440961337514,-1.0
2021-06-18,RPOWER,1.0,True,True,False,False,False,False,False,-0.012698583337127367,0.06692203695358269,1.0,0.11182108626198062,1.0
2021-06-18,TTML,2.0,True,True,False,False,False,False,False,0.021190686979638773,0.06195575429512825,1.0,0.07741935483870965,1.0
2021-06-18,RTNPOWER,3.0,True,True,True,True,False,False,False,0.04367506350266148,0.07748724489795919,1.0,0.09401709401709413,1.0
2021-06-21,RTNPOWER,1.0,True,True,True,True,False,False,False,0.04184710993550045,0.07600732600732601,1.0,0.09836065573770503,1.0
2021-06-21,J&KBANK,2.0,True,True,False,False,False,False,False,0.08764730705875579,0.05602508178844055,1.0,-0.037350054525627036,-1.0
2021-06-21,RPOWER,3.0,True,True,True,True,False,False,False,0.04706751085798544,0.06841652323580034,1.0,-0.04561101549053356,-1.0
2021-06-22,RTNPOWER,1.0,True,True,True,True,False,False,False,0.04800921918636081,0.07377049180327869,1.0,0.078125,1.0
2021-06-22,TTML,2.0,True,True,True,True,False,False,False,0.04821971349794474,0.06223267750213858,1.0,0.10128388017118417,1.0
2021-06-22,RPOWER,3.0,True,True,True,False,False,False,False,0.0476948738080174,-0.04433497536945812,-1.0,-0.04433497536945812,-1.0
2021-06-23,RTNPOWER,1.0,True,True,True,False,False,False,False,0.04580953603129423,0.07198660714285715,1.0,-0.04799107142857144,-1.0
2021-06-23,TTML,2.0,True,True,True,True,False,False,False,0.04872223169428613,0.061748522518850615,1.0,-0.04116568167923374,-1.0
2021-06-24,TTML,1.0,True,True,True,False,False,False,False,0.047754431295899735,-0.040857919254658384,-1.0,-0.040857919254658384,-1.0
2021-06-24,RTNPOWER,2.0,True,True,False,False,False,False,False,0.02941388520629329,0.07595948827292114,1.0,-0.05063965884861409,-1.0
2021-06-24,AJMERA,3.0,True,True,False,False,False,False,False,0.021529356852576065,0.09979791699051764,1.0,0.09979791699051764,1.0
2021-06-25,MUKANDLTD,1.0,True,True,True,True,False,False,False,0.04842722368768637,0.05177148795091295,1.0,0.05177148795091295,1.0
2021-06-25,RANASUG,2.0,True,True,True,True,False,False,False,0.04869876066861423,0.08698930627913354,1.0,0.10054844606946989,1.0
2021-06-25,RTNPOWER,3.0,True,True,True,False,False,False,False,0.04879016416943194,0.07500000000000004,1.0,0.09523809523809534,1.0
2021-06-28,TTML,1.0,True,True,True,True,False,False,False,0.048202101817877985,0.06534391534391534,1.0,0.1011764705882352,1.0
2021-06-28,BAJAJHIND,2.0,True,True,True,True,False,False,False,0.047502333985003364,0.08745173745173745,1.0,0.10051546391752586,1.0
2021-06-28,MUKANDLTD,3.0,True,True,True,False,False,False,False,0.04847189367218885,0.05005775101064268,1.0,0.05005775101064268,1.0
2021-06-29,RTNPOWER,1.0,True,True,True,True,False,False,False,0.04445176257083405,0.06609461966604827,1.0,0.0993788819875776,1.0
2021-06-29,TTML,2.0,True,True,True,True,False,False,False,0.04822978309564707,0.0622689075630252,1.0,0.10089686098654704,1.0
2021-06-29,BAJAJHIND,3.0,True,True,True,True,False,False,False,0.04780784581932185,0.08477540500736375,1.0,0.10073710073710052,1.0
2021-06-30,RTNPOWER,1.0,True,True,True,False,False,False,False,0.048494349938609904,0.06521739130434784,1.0,-0.04347826086956523,-1.0
2021-06-30,TTML,2.0,True,True,True,True,False,False,False,0.04814934389758285,0.06089846252402305,1.0,0.10149572649572658,1.0
2021-06-30,RANASUG,3.0,True,True,False,False,False,False,False,0.029462032730316334,0.07421689606074987,1.0,0.1225806451612903,1.0
2021-07-01,TTML,1.0,True,True,True,True,False,False,False,0.04797583187687371,0.0605540293040293,1.0,0.10183299389002043,1.0
2021-07-01,RTNPOWER,2.0,True,True,True,True,False,False,False,0.04625101765075579,0.06403212172442943,1.0,0.09604519774011289,1.0
2021-07-01,MUKANDLTD,3.0,True,True,False,False,False,False,False,0.02952108079123672,0.05183427973699938,1.0,0.05183427973699938,1.0
2021-07-02,RTNPOWER,1.0,True,True,True,True,False,False,False,0.04420609250449603,0.06355932203389833,1.0,-0.042372881355932215,-1.0
2021-07-02,TTML,2.0,True,True,True,True,False,False,True,0.04869317566249398,0.06022694210066917,1.0,-0.05237633365664396,-1.0
2021-07-02,RANASUG,3.0,True,True,True,True,False,False,False,0.048574670148556987,0.06948933419521652,1.0,-0.04632622279681102,-1.0
2021-07-05,RTNPOWER,1.0,True,True,True,False,False,False,False,0.04750233398500292,-0.04131274131274132,-1.0,-0.04131274131274132,-1.0
2021-07-05,BAJAJHIND,2.0,True,True,True,False,False,False,False,0.04777647933858553,-0.04635258358662613,-1.0,-0.04635258358662613,-1.0
2021-07-05,TTML,3.0,True,True,True,True,False,True,False,0.04828197538946677,-0.03990577802410973,-1.0,-0.03990577802410973,-1.0
2021-07-06,TTML,1.0,True,True,False,False,False,False,True,-0.02054227230031369,-0.039675204647478216,-1.0,-0.07830188679245276,-1.0
2021-07-06,SAREGAMA,2.0,True,True,False,False,False,False,False,0.02839137984385509,0.05580635118306351,1.0,-0.037204234122042344,-1.0
2021-07-07,ICICIB22,1.0,False,False,False,False,True,False,False,-0.0014951410709502788,-0.016629908935685857,-1.0,-0.01845386533665838,-1.0
2021-07-08,VEEDOL,3.0,True,True,True,True,False,False,False,0.04878269214283115,0.04674239537333841,1.0,0.050002988821806316,1.0
2021-07-09,VEEDOL,1.0,True,True,True,False,False,False,False,0.04879301066233843,0.04724846929626055,1.0,-0.03149897953084037,-1.0
2021-07-09,BIRLAMONEY,2.0,True,True,False,False,False,False,False,0.02116842443747835,-0.046583850931677016,-1.0,-0.046583850931677016,-1.0
2021-07-09,JAGSNPHARM,3.0,True,True,False,False,False,False,False,0.014835066403940722,-0.05007763975155281,-1.0,-0.05007763975155281,-1.0
2021-07-12,RANASUG,2.0,True,True,True,False,False,False,False,0.048461703007010914,-0.0496551724137931,-1.0,-0.0496551724137931,-1.0
2021-07-13,GOODLUCK,1.0,True,True,False,False,False,False,False,0.04183119384512857,0.07489597780859918,1.0,-0.04993065187239945,-1.0
2021-07-14,KITEX,1.0,True,True,False,False,False,False,False,0.06545721665464299,-0.049369747899159655,-1.0,-0.049369747899159655,-1.0
2021-07-15,HGS,1.0,True,True,True,True,False,False,False,0.04879820925408662,0.06304395047425967,1.0,-0.042029300316173114,-1.0
2021-07-15,DATAMATICS,2.0,True,True,False,False,False,False,False,0.023609865639134142,0.0797659678205753,1.0,0.0797659678205753,1.0
2021-07-16,HGS,1.0,True,True,False,False,False,False,False,0.02557521652523942,-0.04063900701068844,-1.0,-0.04063900701068844,-1.0
2021-07-19,GOODLUCK,1.0,True,True,False,False,False,False,False,0.025817683025941562,0.0834065934065934,1.0,0.1274362818590704,1.0
2021-07-20,GOODLUCK,1.0,True,True,True,True,False,False,False,0.04865050911718338,0.0827922077922078,1.0,0.10195530726257007,1.0
2021-07-20,SDBL,2.0,True,True,False,False,False,False,False,0.036018299189156,0.05894166957736636,1.0,-0.039294446384910905,-1.0
2021-07-22,GOODLUCK,1.0,True,True,True,True,False,False,False,0.0490561569891943,0.07960893854748603,1.0,0.07960893854748603,1.0
2021-07-22,GPIL,2.0,True,True,False,False,False,False,False,0.028716080508194963,0.05618384149099795,1.0,0.06707692307692303,1.0
2021-07-23,GOODLUCK,1.0,True,True,True,False,False,False,False,0.04802999689603471,0.07793503039513677,1.0,-0.05195668693009119,-1.0
2021-07-23,GULPOLY,2.0,True,True,False,False,False,False,False,0.032208903369618014,0.06453121346738368,1.0,0.06724020828616695,1.0
2021-07-26,POONAWALLA,1.0,True,True,False,False,False,False,False,0.036031611370912486,0.05866147023249564,1.0,0.05866147023249564,1.0
2021-07-26,GOODLUCK,3.0,True,True,False,False,False,False,False,0.0037950709685512507,0.08337859858772406,1.0,0.08337859858772406,1.0
2021-07-27,TEJASNET,1.0,True,True,True,False,False,False,False,0.04863979953491082,-0.03834009923319803,-1.0,-0.03834009923319803,-1.0
2021-07-27,SARDAEN,2.0,True,True,False,False,False,False,False,0.034552381506659735,0.052246093749999944,1.0,-0.03483072916666663,-1.0
2021-07-27,OLECTRA,3.0,True,True,True,False,False,False,False,0.048638471231339686,0.06556653015337668,1.0,-0.04371102010225112,-1.0
2021-07-28,GOODLUCK,2.0,True,True,False,False,False,False,False,0.020501857044187943,0.08482656583922407,1.0,0.112739571589628,1.0
2021-07-29,TEJASNET,1.0,True,True,True,True,False,False,False,0.04872195367180954,0.05983074629483472,1.0,0.10231923601637116,1.0
2021-07-29,GOODLUCK,2.0,True,True,False,False,False,False,False,0.04706751085798544,0.08449381943357849,1.0,0.10344827586206895,1.0
2021-07-30,TEJASNET,1.0,True,True,True,True,False,False,False,0.04868807173856915,0.060410112203135025,1.0,0.1022832745498421,1.0
2021-07-30,INDOAMIN,3.0,True,True,False,False,False,True,True,-0.051293294387551036,-0.04247517188693659,-1.0,-0.04981705600900643,-1.0
2021-08-02,TEJASNET,1.0,True,True,True,True,False,False,False,0.04872828489587544,0.06042324113606834,1.0,0.10219236209335203,1.0
2021-08-02,GOODLUCK,2.0,True,True,True,True,False,False,False,0.04850611360652213,0.07817381425731325,1.0,-0.055871212121212044,-1.0
2021-08-02,AMBALALSA,3.0,True,True,True,False,False,False,False,0.04798521736222083,0.06912442396313365,1.0,-0.04608294930875576,-1.0
2021-08-03,TEJASNET,1.0,True,True,True,True,False,False,False,0.04865544774729624,0.060390988078399696,1.0,0.10222297069720443,1.0
2021-08-03,CGPOWER,2.0,True,True,True,True,False,False,False,0.04876149485563008,0.06108626472864883,1.0,-0.04072417648576589,-1.0
2021-08-03,GOODLUCK,3.0,True,True,True,False,False,False,False,0.04897052308416061,-0.047213203463203464,-1.0,-0.047213203463203464,-1.0
2021-08-04,TEJASNET,1.0,True,True,True,False,False,False,False,0.04864580500357718,0.059886686233941215,1.0,-0.03992445748929414,-1.0
2021-08-04,CGPOWER,2.0,True,True,False,False,False,False,False,0.04265517560191601,-0.03931847968545216,-1.0,-0.03931847968545216,-1.0
2021-08-05,TEJASNET,2.0,True,True,True,True,False,False,False,0.048683218016718044,0.06058366561253955,1.0,0.1023682200152789,1.0
2021-08-06,TEJASNET,1.0,True,True,True,True,False,False,False,0.048753785320091225,0.06102804758266944,1.0,0.09138533178114083,1.0
2021-08-06,GOKEX,2.0,True,True,False,False,False,False,False,0.01595893262161674,-0.05694099378881987,-1.0,-0.05694099378881987,-1.0
2021-08-09,TEJASNET,1.0,True,True,True,True,False,False,False,0.04870700754387958,0.06110198736071845,1.0,-0.04073465824047897,-1.0
2021-08-09,GLOBUSSPR,2.0,True,True,True,False,False,False,False,0.04878709612480403,0.06607637578580171,1.0,-0.04405091719053447,-1.0
2021-08-10,TEJASNET,1.0,True,True,False,False,False,False,False,0.03874082831643033,-0.04005544005544006,-1.0,-0.04005544005544006,-1.0
2021-08-10,HGS,2.0,True,True,True,True,False,False,False,0.04877099427030185,0.06868582753449444,1.0,-0.05624207390804259,-1.0
2021-08-11,HGS,1.0,True,True,False,False,False,False,False,0.04731867350338792,-0.04336651934493089,-1.0,-0.04336651934493089,-1.0
2021-08-11,TEJASNET,2.0,True,True,False,False,False,False,False,-0.009950330853167877,-0.04238566713814238,-1.0,0.11173333333333324,1.0
2021-08-11,GLOBUSSPR,3.0,False,False,True,False,False,False,False,0.04875947952528126,0.06789082571110572,1.0,0.10243249274715449,1.0
2021-08-12,AMBALALSA,2.0,True,True,True,True,False,False,False,0.04825839069239635,0.08937115516062882,1.0,-0.05958077010708589,-1.0
2021-08-13,TDPOWERSYS,1.0,True,True,False,False,False,False,False,0.056414089280091506,0.07509566326530609,1.0,0.07509566326530609,1.0
2021-08-13,AMBALALSA,2.0,True,True,True,False,False,False,False,0.0474866662659883,-0.0565566652192792,-1.0,-0.0565566652192792,-1.0
2021-08-13,EKC,3.0,True,True,True,True,False,False,False,0.048742591561731,0.07160696446410739,1.0,0.10228353948620361,1.0
2021-08-16,EKC,1.0,True,True,True,False,False,False,False,0.04874485481983992,0.06840424085904584,1.0,-0.045602827239363895,-1.0
2021-08-16,WEBELSOLAR,2.0,True,True,False,False,False,False,False,0.025975486403261083,-0.06578947368421051,-1.0,-0.06578947368421051,-1.0
2021-08-17,RANASUG,1.0,True,True,True,False,False,False,False,0.04806227380610384,-0.06112054329371815,-1.0,-0.06112054329371815,-1.0
2021-08-18,ATGL,2.0,True,True,True,False,False,False,False,0.048752880994392456,0.06456568240919387,1.0,0.10173836044181406,1.0
2021-08-20,ATGL,1.0,True,True,False,False,False,False,False,0.04835287080854567,0.06160327299116507,1.0,0.10288632326820601,1.0
2021-08-23,ATGL,1.0,True,True,False,False,False,False,False,0.048136824342892126,0.05944243292771857,1.0,0.10313028764805421,1.0
2021-08-23,ADANIENSOL,3.0,True,True,True,True,False,False,False,0.04876594259042566,0.060615281209126584,1.0,0.10245852004359945,1.0
2021-08-24,ADANIENSOL,1.0,True,True,True,True,False,False,False,0.04876901786681476,0.060667139569888756,1.0,0.10246453150832413,1.0
2021-08-24,ATGL,2.0,True,True,True,True,False,False,False,0.0487599677416668,0.05745538545158077,1.0,0.10238756693642559,1.0
2021-08-25,ATGL,1.0,True,True,True,False,False,False,False,0.04875757017650173,0.056455230963021755,1.0,-0.037636820642014505,-1.0
2021-08-25,SSWL,2.0,True,True,False,False,False,False,False,0.02727066116454413,0.07943710854908848,1.0,0.018750000000000044,0.0
2021-08-25,ADANIGREEN,3.0,True,True,False,False,False,False,False,0.042074782136188205,0.04652008223436796,1.0,-0.031013388156245304,-1.0
2021-08-26,INDSWFTLAB,1.0,True,True,True,False,False,False,False,0.04839654086184986,0.007513148009015813,0.0,-0.08473757647311368,-1.0
2021-08-26,ADANIPOWER,2.0,True,True,True,False,False,False,False,0.04865050911718338,0.07949308755760373,1.0,0.09497206703910632,1.0
2021-08-26,SSWL,3.0,True,True,False,False,False,False,False,0.03655759573379758,0.005053191489361675,0.0,-0.05018996960486324,-1.0
2021-08-31,ADANIENSOL,2.0,True,True,True,True,False,False,False,0.04877208768783792,0.061492245259485545,1.0,-0.04099483017299036,-1.0
2021-08-31,GOODLUCK,3.0,True,True,True,False,False,False,False,0.04823630095948239,-0.050249169435215936,-1.0,-0.050249169435215936,-1.0
2021-09-01,ADANIENSOL,2.0,True,True,False,False,False,False,False,-0.013100624045697451,-0.040377629721447504,-1.0,0.06227106227106227,1.0
2021-09-02,ADANIPOWER,1.0,True,True,False,False,False,False,False,0.04284759138262917,-0.03999341672152732,-1.0,-0.03999341672152732,-1.0
2021-09-02,CGPOWER,2.0,True,True,True,False,False,False,False,0.048763723482501575,0.048960894741016926,1.0,-0.032640596494011284,-1.0
2021-09-06,PARACABLES,2.0,True,True,False,False,False,False,False,0.02909296094166436,-0.053241960991038485,-1.0,-0.06451612903225801,-1.0
2021-09-07,AJMERA,1.0,True,True,False,False,False,False,False,0.04516697180001206,-0.04755877034358044,-1.0,-0.04755877034358044,-1.0
2021-09-07,INVENTURE,3.0,True,True,False,False,False,False,False,0.0,-0.03460207612456745,0.0,-0.03460207612456745,0.0
2021-09-08,JISLJALEQS,1.0,True,True,True,False,False,False,False,0.047754431295899735,0.08428765527950308,1.0,-0.05699481865284983,-1.0
2021-09-09,GPIL,1.0,True,True,True,True,False,False,False,0.04912079733495034,0.08937872023809526,1.0,0.10247933884297522,1.0
2021-09-13,GPIL,1.0,True,True,True,False,False,False,False,0.04839654086184986,0.08474025974025975,1.0,0.10314960629921255,1.0
2021-09-13,RPOWER,2.0,True,True,True,False,False,False,False,0.04570215348085549,-0.04676258992805757,-1.0,-0.04676258992805757,-1.0
2021-09-13,OLECTRA,3.0,True,True,True,False,False,False,False,0.04874611227629533,0.05424399176877038,1.0,-0.03616266117918025,-1.0
2021-09-14,HCL-INSYS,2.0,True,True,False,False,False,False,False,0.03496859783774653,0.054905948144382294,1.0,0.054905948144382294,1.0
2021-09-14,ZENTEC,3.0,True,True,True,False,False,False,False,0.04876910289164371,-0.053895242307449305,-1.0,-0.053895242307449305,-1.0
2021-09-15,GPIL,1.0,True,True,True,False,False,True,False,0.04900431986143783,-0.048939815806382535,-1.0,-0.048939815806382535,-1.0
2021-09-15,JPPOWER,3.0,True,True,True,False,False,False,False,0.04445176257083361,-0.04220779220779217,-1.0,-0.04220779220779217,-1.0
2021-09-16,RENUKA,1.0,True,True,False,False,False,False,False,0.01320151185853602,-0.04734219269102992,-1.0,-0.04734219269102992,-1.0
2021-09-16,URJA,2.0,True,True,False,False,False,False,False,0.015151805020602316,-0.031624863685932376,-1.0,-0.031624863685932376,-1.0
2021-09-20,XPROINDIA,1.0,True,True,True,False,False,False,False,0.048692717643135985,0.08983944593105618,1.0,-0.059892963954037454,-1.0
2021-09-20,ICICIB22,2.0,False,False,False,False,True,False,False,0.0,0.031288191577208926,1.0,0.031288191577208926,1.0
2021-09-21,XPROINDIA,2.0,True,True,True,False,False,False,False,0.04871876874584835,-0.05575069608053114,-1.0,-0.05575069608053114,-1.0
2021-09-21,CGPOWER,3.0,True,True,False,False,False,False,False,0.0154244703256321,0.061787564766839415,1.0,0.0714285714285714,1.0
2021-09-28,ANANTRAJ,1.0,True,True,False,False,False,False,False,-0.0012944985626459626,-0.021345407503233993,0.0,-0.020077720207253846,0.0
2021-09-28,GULPOLY,3.0,True,True,False,False,False,False,False,0.0427341673570103,0.06884548747834307,1.0,-0.005282062117050512,0.0
2021-09-29,GTLINFRA,3.0,False,False,False,False,False,True,True,0.0,-0.037698412698412696,-1.0,-0.05555555555555558,-1.0
2021-09-30,NELCO,2.0,True,True,False,False,False,False,False,0.040683115275534476,0.057908623802249676,1.0,0.058533333333333326,1.0
2021-10-01,VINYLINDIA,1.0,True,True,False,False,False,False,False,0.017689584344148024,0.05911470340936832,1.0,0.05911470340936832,1.0
2021-10-01,TTML,2.0,True,True,True,True,False,False,False,0.04866180270336784,0.06497882171736621,1.0,0.06497882171736621,1.0
2021-10-04,TTML,1.0,True,True,True,True,False,False,False,0.047628048989254435,0.06368054282046581,1.0,-0.04245369521364387,-1.0
2021-10-04,PATELENG,2.0,True,True,False,False,False,False,False,0.09588177170328249,0.0898818162969107,1.0,0.0898818162969107,1.0
2021-10-04,CENTRUM,3.0,True,True,False,False,False,False,False,0.023240964039450862,0.07157676348547717,1.0,0.07157676348547717,1.0
2021-10-05,TTML,1.0,True,True,False,False,False,False,False,0.013374059525256943,-0.0398671096345515,-1.0,-0.0398671096345515,-1.0
2021-10-05,NELCO,2.0,True,True,True,False,False,False,False,0.048758743273676686,0.057360086377541836,1.0,-0.03824005758502789,-1.0
2021-10-05,TRIDENT,3.0,True,True,True,False,False,False,False,0.04835430006195196,0.057036920164089636,1.0,-0.038024613442726424,-1.0
2021-10-06,TRIDENT,1.0,True,True,False,False,False,False,False,0.030498292710047448,-0.03738939953612234,-1.0,-0.03738939953612234,-1.0
2021-10-06,NELCO,2.0,True,True,False,False,False,False,False,0.04337813978643279,-0.040439736223557066,-1.0,-0.040439736223557066,-1.0
2021-10-08,RTNPOWER,1.0,True,True,False,False,False,False,False,0.0,-0.041149068322981375,-1.0,-0.041149068322981375,-1.0
2021-10-08,TTML,3.0,True,True,True,False,False,False,False,0.0480270966009293,0.05688133376920565,1.0,0.10141766630316251,1.0
2021-10-11,OLECTRA,1.0,True,True,True,False,False,False,False,0.04873580304849234,0.06699486301369863,1.0,0.06699486301369863,1.0
2021-10-14,TTML,1.0,True,True,False,False,False,False,False,0.046091107200266546,0.05427897574123991,1.0,-0.03618598382749327,-1.0
2021-10-14,ADANIPOWER,2.0,True,True,False,False,False,False,False,0.056414089280091506,0.05572385204081633,1.0,0.12658227848101267,1.0
2021-10-18,GPIL,1.0,True,True,True,False,False,False,False,0.049325066562501796,-0.03736958266452651,-1.0,-0.03736958266452651,-1.0
2021-10-20,CGPOWER,1.0,True,True,False,False,False,False,False,0.025610056105023205,-0.04180802755884964,-1.0,-0.04180802755884964,-1.0
2021-10-22,3IINFOLTD,1.0,False,True,True,True,False,False,False,0.04880614895191915,0.09933822471586823,1.0,0.10230179028132969,1.0
2021-10-22,IRB,2.0,True,True,False,False,False,False,False,0.0861026990534115,-0.04885169326586221,-1.0,-0.04885169326586221,-1.0
2021-10-25,3IINFOLTD,1.0,True,True,True,True,False,False,False,0.048668368907117454,0.09786033978808915,1.0,0.10261875761266737,1.0
2021-10-25,TANLA,2.0,True,True,True,True,False,False,False,0.04877310238016186,0.060615754721809925,1.0,0.08573622248763013,1.0
2021-10-26,3IINFOLTD,1.0,True,True,True,True,False,False,False,0.04873216121126456,0.09569123020706456,1.0,0.10266821345707666,1.0
2021-10-26,TANLA,3.0,True,True,True,False,False,False,False,0.04878203940555803,0.05774855582908817,1.0,-0.038499037219392115,-1.0
2021-10-27,3IINFOLTD,1.0,True,True,True,True,False,False,False,0.04895587798205758,0.09493080875041432,1.0,0.1013532173432754,1.0
2021-10-27,TTML,2.0,True,True,False,False,False,False,False,0.024011825046645896,-0.05130513051305131,-1.0,-0.05130513051305131,-1.0
2021-10-27,BUTTERFLY,3.0,True,True,True,False,False,False,False,0.04876887269985808,-0.005613791047742178,0.0,-0.07258102673290756,-1.0
2021-10-28,3IINFOLTD,1.0,True,True,True,True,False,False,False,0.04877701328273343,0.09436027932299682,1.0,0.10126249342451321,1.0
2021-10-29,3IINFOLTD,1.0,True,True,True,True,False,False,False,0.047762608033354415,0.09350341925302473,1.0,0.10230692076228687,1.0
2021-11-01,3IINFOLTD,1.0,True,True,True,True,False,False,False,0.04869463493741444,0.09319924057887949,1.0,0.10198232624791026,1.0
2021-11-02,3IINFOLTD,1.0,True,True,True,True,False,False,False,0.04871054950436848,0.09296632433723429,1.0,0.15400363967242936,1.0
2021-11-02,GOKEX,2.0,True,True,True,True,False,False,False,0.04868990851743593,0.07518045112781954,1.0,-0.0501203007518797,-1.0
2021-11-03,3IINFOLTD,1.0,True,True,True,True,False,False,False,0.04840012321018694,0.09276290133887952,1.0,0.09947984395318588,1.0
2021-11-03,GOKEX,2.0,True,True,False,False,False,False,False,0.020443303998445295,-0.04844023031309977,-1.0,-0.04844023031309977,-1.0
2021-11-03,ARVSMART,3.0,True,True,False,False,False,False,False,0.02886077006063381,0.07674451768284954,1.0,-0.05116301178856636,-1.0
2021-11-04,3IINFOLTD,1.0,True,True,True,True,False,False,False,0.09483719883299102,0.09237414081367268,1.0,0.09994086339444119,1.0
2021-11-04,GTLINFRA,2.0,True,True,True,False,False,False,False,0.03077165866675352,-0.03571428571428571,-1.0,-0.03571428571428571,-1.0
2021-11-08,3IINFOLTD,1.0,True,True,True,True,False,False,False,0.09525641780866634,0.09231646532060489,1.0,0.09928315412186395,1.0
2021-11-08,ADSL,2.0,True,True,False,False,False,False,False,0.04971651902956342,0.0856944260558719,1.0,0.0856944260558719,1.0
2021-11-09,3IINFOLTD,1.0,True,True,True,True,False,False,False,0.09465828929884079,0.09299155145929339,1.0,0.10123899576133022,1.0
2021-11-09,TTML,2.0,True,True,False,False,False,True,False,0.024605810802199812,-0.04611082867310625,-1.0,-0.04611082867310625,-1.0
2021-11-10,3IINFOLTD,1.0,True,True,True,True,False,False,False,0.048215527378419054,0.09364083096557826,1.0,0.10160012428149745,1.0
2021-11-10,MANALIPETC,2.0,True,True,True,False,False,False,False,0.04856083266974576,0.0667278147213942,1.0,-0.0444852098142628,-1.0
2021-11-10,TTML,3.0,False,False,False,False,False,False,True,-0.011011811204166833,-0.047227926078028754,-1.0,-0.08719723183391004,-1.0
2021-11-11,XPROINDIA,1.0,True,True,False,False,False,False,False,0.043143574854956235,-0.051504813469427216,-1.0,-0.051504813469427216,-1.0
2021-11-11,3IINFOLTD,2.0,True,True,True,True,False,False,False,0.04822037834168302,0.09364388912314965,1.0,0.10155440414507777,1.0
2021-11-12,EKC,1.0,True,True,True,False,False,False,False,0.0485006965324466,-0.03822973594157007,-1.0,-0.03822973594157007,-1.0
2021-11-12,3IINFOLTD,2.0,True,True,True,True,False,False,False,0.048543402909697164,0.05989214338585174,1.0,0.10153715978000277,1.0
2021-11-12,OLECTRA,3.0,True,True,True,False,False,False,False,0.04873316408391659,0.0672581840290312,1.0,0.09569953765279626,1.0
2021-11-15,3IINFOLTD,1.0,True,True,True,True,False,False,False,0.04817887409326449,0.059879726816689155,1.0,0.10186802849079424,1.0
2021-11-15,OLECTRA,2.0,True,True,True,True,False,False,False,0.048763020129583445,0.06407942238267147,1.0,-0.04271961492178099,-1.0
2021-11-16,OLECTRA,1.0,True,True,False,False,False,False,False,0.04262998633439796,-0.040669217379315094,-1.0,-0.040669217379315094,-1.0
2021-11-16,3IINFOLTD,2.0,True,True,True,True,False,False,False,0.048527748213036404,0.05985658609633881,1.0,0.10190756625272046,1.0
2021-11-16,AURUM,3.0,True,True,False,False,False,False,False,0.07459417612586261,-0.055835866261398165,-1.0,-0.055835866261398165,-1.0
2021-11-17,3IINFOLTD,1.0,True,True,True,False,False,False,False,0.0484791989858806,0.05984691917991111,1.0,0.10171972191730694,1.0
2021-11-17,KITEX,2.0,True,True,False,False,False,False,False,0.01906398390423103,-0.034668260609683185,-1.0,-0.034668260609683185,-1.0
2021-11-17,TANLA,3.0,True,True,True,False,False,False,False,0.04878332331172519,0.0808689227738215,1.0,0.12190450129976749,1.0
2021-11-18,3IINFOLTD,1.0,True,True,True,True,False,False,False,0.048563630053296336,0.059824368825466503,1.0,0.08969443476240291,1.0
2021-11-18,TRIDENT,2.0,True,True,False,False,False,False,False,0.0,-0.037601626016260166,-1.0,-0.037601626016260166,-1.0
2021-11-18,TTML,3.0,True,True,True,False,False,False,False,0.04876042041190054,0.07107165164629248,1.0,0.10232004759072,1.0
2021-11-22,3IINFOLTD,1.0,True,True,True,False,False,False,False,0.04830871250036939,0.05981427077627843,1.0,-0.039876180517518955,-1.0
2021-11-22,TRIDENT,2.0,True,True,False,False,False,False,False,0.031130094456820245,0.056095012752358425,1.0,0.06734778982485401,1.0
2021-11-22,TTML,3.0,True,True,True,False,False,False,False,0.04876183595878114,0.06711566244582305,1.0,0.10198300283286121,1.0
2021-11-24,TTML,1.0,True,True,True,True,False,False,False,0.04845602976718677,0.06464420630637574,1.0,0.08483290488431883,1.0
2021-11-24,EKC,2.0,True,True,True,False,False,False,False,0.048692512687493306,0.08674689971682453,1.0,-0.05924479166666663,-1.0
2021-11-24,TRIDENT,3.0,True,True,False,False,False,False,False,0.027362015273224127,0.05349817207601932,1.0,0.05349817207601932,1.0
2021-11-25,3IINFOLTD,1.0,True,True,True,False,False,False,False,0.04870885888478327,0.06136745146989194,1.0,-0.040911634313261294,-1.0
2021-11-25,TTML,2.0,True,True,False,False,False,False,False,0.0,0.0635145060594932,1.0,0.08483290488431883,1.0
2021-11-25,GOKEX,3.0,True,True,False,False,False,False,False,0.0012288248715597305,-0.05323580336754408,-1.0,-0.05323580336754408,-1.0
2021-11-26,GENESYS,1.0,True,True,True,False,False,False,False,0.04859346220505678,0.09003146921916998,1.0,-0.06002097947944665,-1.0
2021-11-26,TRIDENT,2.0,True,True,False,False,False,False,False,0.009532287535684247,-0.03419398976334061,-1.0,-0.03419398976334061,-1.0
2021-11-26,TTML,3.0,True,True,False,False,False,False,False,0.032758227745501856,-0.044214355673709245,-1.0,-0.044214355673709245,-1.0
2021-11-29,PNBHOUSING,1.0,True,True,False,False,False,False,False,0.04192163138285476,0.04943442447758252,1.0,0.04943442447758252,1.0
2021-11-29,TTML,2.0,True,True,False,False,False,False,False,0.02578411715571516,0.07021255330490403,1.0,0.07409090909090921,1.0
2021-11-29,GENESYS,3.0,False,False,True,False,False,False,False,0.04872731259340757,-0.06060272767267926,-1.0,-0.06060272767267926,-1.0
2021-11-30,XPROINDIA,1.0,True,True,True,True,False,False,False,0.048707727336609,0.09301582721952024,1.0,0.1024090867454428,1.0
2021-11-30,PANACEABIO,2.0,True,True,True,False,False,False,False,0.04868314934777729,-0.03884430176565008,-1.0,-0.03884430176565008,-1.0
2021-12-01,XPROINDIA,1.0,True,True,True,False,False,False,False,0.04880324983473994,0.08860361951870607,1.0,0.08860361951870607,1.0
2021-12-01,TTML,2.0,True,True,True,True,False,False,False,0.04872970650489261,0.06542832960522336,1.0,0.10237807335751725,1.0
2021-12-01,SOUTHBANK,3.0,True,True,False,False,False,False,False,0.0,0.039198606271776994,1.0,0.039198606271776994,1.0
2021-12-02,TTML,1.0,True,True,True,True,False,False,False,0.048770970495666255,0.06425980307479703,1.0,0.10211132437619974,1.0
2021-12-02,DISHTV,2.0,True,True,True,False,False,False,False,0.04865824674954533,0.0768698060941828,1.0,0.0395778364116095,0.0
2021-12-02,RTNPOWER,3.0,True,True,True,True,False,False,False,0.03871451218069066,0.059210526315789436,1.0,0.08860759493670867,1.0
2021-12-03,TTML,1.0,True,True,True,True,False,False,False,0.04869876066861423,0.06346312037290924,1.0,-0.06398537477148081,-1.0
2021-12-03,RTNPOWER,2.0,True,True,True,True,False,False,False,0.037271394797231405,0.059674502712477366,1.0,0.09756097560975618,1.0
2021-12-03,URJA,3.0,True,True,True,True,False,False,False,0.043722811013831464,0.06584197924980048,1.0,-0.04389465283320032,-1.0
2021-12-06,TTML,1.0,True,True,True,False,False,False,False,0.04852896526498274,-0.04105510577174196,-1.0,-0.04105510577174196,-1.0
2021-12-06,URJA,2.0,True,True,True,False,False,False,False,0.04700604237593087,-0.042398777692895344,-1.0,-0.042398777692895344,-1.0
2021-12-06,RTNPOWER,3.0,True,True,True,True,False,False,False,0.04762804898925466,0.057491289198606244,1.0,0.09302325581395365,1.0
2021-12-07,RTNPOWER,1.0,True,True,True,False,False,False,False,0.04546237407675746,0.05730897009966775,1.0,0.08888888888888902,1.0
2021-12-07,TI,2.0,True,True,True,False,False,False,False,0.04857220427319042,0.0867317750898987,1.0,-0.0578211833932658,-1.0
2021-12-08,TIPSMUSIC,1.0,True,True,True,False,False,False,False,0.04877480802198253,0.055903625558575594,1.0,0.055903625558575594,1.0
2021-12-08,RTNPOWER,2.0,True,True,True,True,False,False,False,0.04348511193973881,0.05833333333333332,1.0,0.0851063829787233,1.0
2021-12-09,RTNPOWER,1.0,True,True,True,True,False,False,False,0.04167269640056803,0.05699088145896655,1.0,0.09183673469387732,1.0
2021-12-09,GTLINFRA,3.0,True,True,True,False,False,False,False,0.028987536873252284,0.05987394957983194,1.0,0.08571428571428563,1.0
2021-12-10,RTNPOWER,1.0,True,True,True,True,False,False,False,0.04000533461369904,0.05466472303206996,1.0,0.0980392156862746,1.0
2021-12-10,EKC,2.0,True,True,True,False,False,False,False,0.04854368674140819,0.07556682822640273,1.0,-0.050377885484268484,-1.0
2021-12-13,TTML,1.0,True,True,True,False,False,False,False,0.04859128553828551,0.07072874122344087,1.0,0.10220318237454085,1.0
2021-12-13,RTNPOWER,2.0,True,True,True,True,False,False,False,0.0478560211776351,0.05252100840336134,1.0,0.09345794392523366,1.0
2021-12-13,URJA,3.0,True,True,True,True,False,False,False,0.04546237407675768,0.06777408637873755,1.0,0.09777777777777774,1.0
2021-12-14,RTNPOWER,1.0,True,True,True,True,False,False,False,0.04567003683318838,0.05106809078771696,1.0,-0.03404539385847797,-1.0
2021-12-14,URJA,2.0,True,True,True,True,False,False,False,0.04773140282118993,0.0661904761904762,1.0,0.09745762711864403,1.0
2021-12-14,TTML,3.0,True,True,False,False,False,False,False,0.027762796977356174,0.06957072914845253,1.0,0.07202380952380949,1.0
2021-12-15,RTNPOWER,1.0,True,True,True,False,False,False,False,0.04367506350266148,-0.03443877551020408,-1.0,-0.03443877551020408,-1.0
2021-12-15,URJA,2.0,True,True,True,True,False,False,False,0.045556531602366945,0.0649213075060533,1.0,0.09716599190283404,1.0
2021-12-15,GOODLUCK,3.0,True,True,False,False,False,False,False,0.03647521153504041,0.05410929432013766,1.0,-0.036072862880091774,-1.0
2021-12-16,TTML,1.0,True,True,True,False,False,False,False,0.048763723482501575,-0.043487744903624975,-1.0,-0.043487744903624975,-1.0
2021-12-16,URJA,2.0,True,True,True,True,False,False,False,0.04743972507156036,0.0633314054366686,1.0,-0.042220936957779065,-1.0
2021-12-16,BUTTERFLY,3.0,True,True,True,False,False,False,False,0.048768702101847694,0.06045799560747732,1.0,-0.04030533040498488,-1.0
2021-12-17,URJA,1.0,True,True,True,False,False,False,False,0.045290759180163676,-0.03916161059018202,-1.0,-0.03916161059018202,-1.0
2021-12-17,TTML,2.0,True,True,False,False,False,False,False,-0.04322661077504364,-0.044364281936994786,-1.0,-0.04472667034787403,-1.0
2021-12-20,URJA,1.0,True,True,True,True,False,False,False,0.046855417281504774,0.062467053241961,1.0,0.09859154929577474,1.0
2021-12-21,URJA,1.0,True,True,True,True,False,False,False,0.04811924834419834,0.05998490945674044,1.0,0.09731543624161088,1.0
2021-12-22,URJA,1.0,True,True,True,True,False,False,False,0.0459097013040779,0.05932406519654842,1.0,0.08974358974358987,1.0
2021-12-22,STEELXIND,2.0,True,True,False,False,False,False,False,0.0,0.08699059561128526,1.0,0.08699059561128526,1.0
2021-12-22,NELCO,3.0,True,True,False,False,False,False,False,0.04726337192260832,-0.040291167591781085,-1.0,-0.040291167591781085,-1.0
2021-12-23,URJA,1.0,True,True,True,True,False,False,False,0.04695698308777141,0.058722527472527486,1.0,0.10091743119266039,1.0
2021-12-23,LLOYDSENGG,2.0,True,True,False,False,False,False,False,0.044073619250010854,0.08080180688876343,1.0,0.10060514372163398,1.0
2021-12-23,INVENTURE,3.0,True,True,False,False,False,False,False,0.0,-0.04399999999999996,-1.0,-0.04399999999999996,-1.0
2021-12-24,URJA,1.0,True,True,False,False,False,False,False,0.038985446712953564,0.05832241153342072,1.0,0.05882352941176472,1.0
2021-12-24,LLOYDSENGG,2.0,False,True,True,False,False,False,False,0.048718120655117936,0.07585908796196242,1.0,0.09870317002881834,1.0
2021-12-24,RUSHIL,3.0,True,True,True,False,False,False,False,0.021025741705750445,-0.0496110794915576,-1.0,-0.0496110794915576,-1.0
2021-12-27,LLOYDSENGG,1.0,True,True,True,True,False,False,False,0.047142038538843245,0.07433614656237136,1.0,0.09072164948453598,1.0
2021-12-27,PANACEABIO,2.0,True,True,False,False,False,False,False,0.010652894004897995,-0.021668742216687353,0.0,-0.032035485460818136,0.0
2021-12-28,LLOYDSENGG,1.0,True,True,True,True,False,False,False,0.046988509435919035,0.07253313696612666,1.0,0.07253313696612666,1.0
2021-12-28,URJA,2.0,True,True,True,True,False,False,False,0.04879016416943216,0.05505952380952381,1.0,0.0978835978835979,1.0
2021-12-28,RTNPOWER,3.0,True,True,True,False,False,False,False,0.04546237407675746,0.06561461794019934,1.0,-0.043743078626799554,-1.0
2021-12-29,LLOYDSENGG,1.0,True,True,False,False,False,False,False,0.03985103148489699,0.07131147540983608,1.0,-0.04754098360655739,-1.0
2021-12-29,URJA,2.0,True,True,True,True,False,False,False,0.04652001563489305,0.05498866213151927,1.0,0.0984848484848484,1.0
2021-12-29,IRB,3.0,True,True,False,False,False,False,False,0.026550232094120663,0.0026905829596413078,0.0,-0.039141575912876356,-1.0
2021-12-30,URJA,1.0,True,True,True,True,False,False,False,0.04686430897621774,0.054924242424242424,1.0,0.0987951807228915,1.0
2021-12-30,LLOYDSENGG,2.0,True,True,False,False,False,False,False,0.01056238462172221,0.07448469706433479,1.0,-0.04965646470955653,-1.0
2021-12-30,EKC,3.0,True,True,False,False,False,False,False,0.0287059745131506,0.0876943288811036,1.0,0.11404255319148948,1.0
2021-12-31,URJA,1.0,True,True,True,True,False,False,False,0.04706751085798544,0.054733218588640276,1.0,-0.03648881239242685,-1.0
2021-12-31,RTNPOWER,2.0,True,True,True,False,False,False,False,0.04621284315513119,0.0629826254826255,1.0,-0.041988416988416995,-1.0
2021-12-31,GTLINFRA,3.0,True,True,True,True,False,False,False,0.04652001563489294,0.05102040816326531,1.0,0.05102040816326531,1.0
2022-01-03,HCL-INSYS,1.0,True,True,True,False,False,False,False,0.047285272990011507,-0.048120300751879695,-1.0,-0.048120300751879695,-1.0
2022-01-03,TTML,2.0,True,True,True,False,False,False,False,0.04864728583009459,-0.049075203587089104,-1.0,-0.049075203587089104,-1.0
2022-01-03,URJA,3.0,True,True,True,False,False,False,False,0.04714677842570225,-0.03645320197044335,-1.0,-0.03645320197044335,-1.0
2022-01-04,GTLINFRA,1.0,True,True,False,False,False,False,False,0.0,-0.03416149068322982,-1.0,-0.03416149068322982,-1.0
2022-01-04,DWARKESH,2.0,True,True,False,False,False,False,False,0.015319448533513302,-0.03977783223066245,-1.0,-0.03977783223066245,-1.0
2022-01-05,63MOONS,1.0,True,True,True,True,False,False,False,0.048781147077534115,0.07413368680174211,1.0,0.10243462578899898,1.0
2022-01-05,INVENTURE,2.0,True,True,False,False,False,False,False,0.01023550389402672,0.11177248677248677,1.0,0.13645621181262735,1.0
2022-01-05,AURIONPRO,3.0,True,True,False,False,False,False,False,0.025914288765470417,0.06776338220252301,1.0,-0.04517558813501534,-1.0
2022-01-06,63MOONS,1.0,True,True,True,True,False,False,False,0.04874722452110092,0.07062347030787067,1.0,0.10237031947784248,1.0
2022-01-06,INVENTURE,2.0,True,True,True,True,False,False,False,0.04396312342111619,0.10955056179775283,1.0,0.1469534050179211,1.0
2022-01-06,URJA,3.0,True,True,True,True,False,False,False,0.048695111652845124,0.0635158254918734,1.0,0.10076045627376429,1.0
2022-01-07,63MOONS,1.0,True,True,True,True,False,False,False,0.04877380572315726,0.06893801835402662,1.0,0.10224112547030928,1.0
2022-01-07,TTML,2.0,True,True,True,False,False,False,True,0.04875397882810972,0.07022090751194093,1.0,-0.05228876424823614,-1.0
2022-01-07,LLOYDSENGG,3.0,True,True,True,True,False,False,False,0.046948336196544815,0.07094048741079843,1.0,0.10161870503597137,1.0
2022-01-10,63MOONS,1.0,True,True,True,True,False,False,False,0.048688891641075926,0.06527073450024537,1.0,-0.043513823000163585,-1.0
2022-01-10,HCL-INSYS,2.0,True,True,True,False,False,False,False,0.047223126931216886,0.07066869300911853,1.0,0.10147601476014767,1.0
2022-01-10,GOKULAGRO,3.0,True,True,True,False,False,False,False,0.047832539006472885,-0.04100861450107681,-1.0,-0.04100861450107681,-1.0
2022-01-11,63MOONS,1.0,True,True,True,False,False,False,False,0.04865660229669633,-0.04277033343720785,-1.0,-0.04277033343720785,-1.0
2022-01-11,BIGBLOC,2.0,True,True,False,False,False,False,False,0.039413968540876976,-0.038424264178033,-1.0,-0.038424264178033,-1.0
2022-01-11,LLOYDSENGG,3.0,True,True,True,False,False,False,False,0.048076133435775326,-0.0443560721933313,-1.0,-0.0443560721933313,-1.0
2022-01-12,HCL-INSYS,1.0,True,True,True,False,False,False,False,0.048036679266270976,-0.04406226462465477,-1.0,-0.04406226462465477,-1.0
2022-01-13,TRIDENT,1.0,True,True,False,False,False,False,False,0.027872393490132374,0.052561983471074346,1.0,0.06606654878636853,1.0
2022-01-14,URJA,1.0,True,True,False,False,False,True,True,-0.050663174643953646,-0.04234388366124894,-1.0,-0.048818897637795344,-1.0
2022-01-14,TRIDENT,2.0,True,True,False,False,False,False,False,0.04376661516883118,0.05124223602484468,1.0,-0.03416149068322979,-1.0
2022-01-17,TIPSMUSIC,1.0,True,True,True,False,False,False,False,0.04891379295988241,-0.049159747781677095,-1.0,-0.049159747781677095,-1.0
2022-01-17,JINDALPHOT,2.0,True,True,True,True,False,False,False,0.048726282053208614,0.06130890275323127,1.0,0.09028960817717202,1.0
2022-01-17,63MOONS,3.0,True,True,True,False,False,False,False,0.048669398515037265,-0.049752445356840945,-1.0,-0.049752445356840945,-1.0
2022-01-18,GENESYS,1.0,True,True,True,True,False,False,False,0.04872457104356798,0.062001918536009455,1.0,-0.04133461235733964,-1.0
2022-01-18,JINDALPHOT,2.0,True,True,False,False,False,False,False,0.03542414738029631,0.059838160136286206,1.0,-0.03989210675752414,-1.0
2022-01-19,GENESYS,1.0,True,True,True,False,False,False,False,0.0488057819706027,-0.04105561542426088,-1.0,-0.04105561542426088,-1.0
2022-01-20,ANANTRAJ,1.0,True,True,False,False,False,False,False,0.016260520871780315,-0.0425448868071819,-1.0,-0.0425448868071819,-1.0
2022-01-20,KELLTONTEC,2.0,True,True,False,False,False,True,False,0.019507216388824133,-0.06665563096617556,-1.0,-0.06665563096617556,-1.0
2022-01-21,PANACEABIO,1.0,False,False,True,False,False,False,False,0.04873380867898369,-0.025511411665257836,-1.0,-0.025511411665257836,-1.0
2022-01-21,JINDALPHOT,2.0,True,True,False,False,False,False,False,0.01714640414341595,-0.03936324928597712,-1.0,-0.03936324928597712,-1.0
2022-01-28,BLS,1.0,True,True,False,False,False,False,False,0.008554372096658547,0.07916053019145805,1.0,0.07916053019145805,1.0
2022-01-28,PATELENG,3.0,True,True,False,False,False,False,False,0.03089513527426746,0.08566189311910584,1.0,0.015013828526274198,0.0
2022-01-31,OLECTRA,1.0,True,True,False,False,False,False,False,0.022188474660303825,-0.02957805153841575,0.0,-0.04272196291478561,-1.0
2022-01-31,BIGBLOC,2.0,True,True,False,False,False,False,False,0.013423020332140823,0.08865458865458865,1.0,0.10641025641025648,1.0
2022-02-01,SSWL,1.0,True,True,True,False,False,False,False,0.04882051364362905,0.01338432122370925,0.0,-0.040699262496585634,-1.0
2022-02-01,PANACEABIO,2.0,True,True,True,True,False,False,False,0.048724116152499164,0.051862492569843474,1.0,-0.034574995046562314,-1.0
2022-02-02,TARIL,1.0,True,True,False,False,False,False,False,0.01701134582653685,0.09768907563025211,1.0,0.09768907563025211,1.0
2022-02-02,PANACEABIO,2.0,True,True,True,False,False,False,False,0.04861940758253169,-0.03479093090340496,-1.0,-0.03479093090340496,-1.0
2022-02-02,BIGBLOC,3.0,True,True,False,False,False,False,False,0.01800586468928378,-0.05251803411312614,-1.0,-0.05446118192352267,-1.0
2022-02-03,LLOYDSENGG,1.0,True,True,True,True,False,False,False,0.046157039224373975,0.10493299116053606,1.0,0.0,0.0
2022-02-03,BIGBLOC,2.0,False,True,False,False,False,False,False,0.021822286581020922,-0.051070946163246936,-1.0,-0.051070946163246936,-1.0
2022-02-03,TTML,3.0,True,True,True,True,False,False,False,0.04872919041861312,0.09232668739710992,1.0,0.102439024390244,1.0
2022-02-04,TTML,1.0,True,True,True,False,False,False,True,0.04879016416943127,0.08450566202090593,1.0,-0.0993031358885017,-1.0
2022-02-04,LLOYDSENGG,2.0,True,True,True,False,False,False,True,0.04654889358225045,0.09808948992557634,1.0,-0.09096422073984223,-1.0
2022-02-07,RPOWER,1.0,True,True,False,False,False,False,False,0.021391189981317726,-0.051158301158301146,-1.0,-0.051158301158301146,-1.0
2022-02-08,TTML,1.0,True,True,False,False,False,False,True,-0.021241715384247684,-0.04817872945638433,-1.0,-0.07768361581920902,-1.0
2022-02-09,SATIN,3.0,True,True,False,False,False,False,False,0.0209244684459291,0.06625285493258679,1.0,-0.04416856995505786,-1.0
2022-02-10,NDTV,2.0,True,True,False,False,False,False,False,0.015179378046249248,0.09945693841042678,1.0,0.09945693841042678,1.0
2022-02-10,ZENTEC,3.0,True,True,False,False,False,False,False,0.03854478506052228,-0.04304537348920149,-1.0,-0.04359430604982206,-1.0
2022-02-11,JSWENERGY,1.0,True,True,False,False,False,False,False,-0.0097159604296424,-0.03911514796366832,-1.0,-0.03911514796366832,-1.0
2022-02-11,BIGBLOC,3.0,True,True,False,False,False,False,False,-0.05105517080028399,-0.04941822882999354,-1.0,-0.04941822882999354,-1.0
2022-02-16,GENESYS,1.0,True,True,True,False,False,False,False,0.04865318724982881,0.09475414326804546,1.0,0.09475414326804546,1.0
2022-02-17,AURUM,3.0,True,True,False,False,False,False,False,-0.002080083953328149,-0.049573283858998146,-1.0,-0.0520562207183759,-1.0
2022-02-21,GENESYS,1.0,True,True,False,False,False,False,False,-0.003001503003756234,0.08058013415156272,1.0,0.09802939211756856,1.0
2022-02-22,JAGSNPHARM,1.0,True,True,False,False,False,False,False,0.03292067862008974,-0.060344827586206885,-1.0,-0.09715407262021591,-1.0
2022-02-24,GOLDIETF,2.0,False,False,False,False,True,False,False,-0.010575115076316699,-0.016154785385554617,-1.0,-0.016154785385554617,-1.0
2022-02-28,TTML,2.0,True,True,False,False,False,False,False,-0.03284651377229597,-0.07121598639455783,-1.0,-0.09753954305799639,-1.0
2022-03-02,GENESYS,1.0,True,True,True,False,False,False,False,0.04886426094659235,0.08124002182567752,1.0,-0.054160014550451684,-1.0
2022-03-02,SSWL,2.0,True,True,False,False,False,False,False,0.040256603037345684,-0.04558471433266043,-1.0,-0.04558471433266043,-1.0
2022-03-08,3IINFOLTD,1.0,True,True,True,True,False,False,False,0.048171996103810955,0.08227145729430507,1.0,-0.054847638196203384,-1.0
2022-03-09,3IINFOLTD,1.0,True,True,True,True,False,False,False,0.048284068191218665,0.07672257197601216,1.0,-0.051148381317341444,-1.0
2022-03-09,INVENTURE,3.0,True,True,False,False,False,False,False,0.02732410427455423,0.07954095765730113,1.0,0.08894878706199472,1.0
2022-03-10,3IINFOLTD,1.0,True,True,False,False,False,False,False,-0.0014948927291795755,-0.048571428571428606,-1.0,-0.048571428571428606,-1.0
2022-03-10,ADSL,2.0,True,True,False,False,False,False,False,0.018193859164779447,0.07269427839453459,1.0,0.07269427839453459,1.0
2022-03-10,ONWARDTEC,3.0,True,True,False,False,False,False,False,0.019145065759383684,0.07178992104241275,1.0,0.07178992104241275,1.0
2022-03-11,GREENPOWER,1.0,True,True,True,True,False,False,False,0.04639303956971075,0.08050678371907419,1.0,0.09866666666666668,1.0
2022-03-11,TTML,2.0,True,True,False,False,False,False,False,0.03316224843528115,0.09600791817881885,1.0,0.11840929401251121,1.0
2022-03-11,INVENTURE,3.0,True,True,False,False,False,False,False,0.03526813883745805,0.06978021978021977,1.0,0.06978021978021977,1.0
2022-03-14,GREENPOWER,1.0,True,True,True,False,False,False,False,0.04773140282118993,0.07647619047619043,1.0,0.09830508474576272,1.0
2022-03-14,DBREALTY,3.0,True,True,False,False,False,False,False,0.02738687065448797,-0.0641353720171454,-1.0,-0.0641353720171454,-1.0
2022-03-16,GREENPOWER,1.0,True,True,True,False,False,False,False,0.04740223889458406,-0.04507628294036059,-1.0,-0.04507628294036059,-1.0
2022-03-16,TTML,2.0,True,True,True,False,False,False,False,0.04873308817272726,0.08000399520575308,1.0,0.10197869101978685,1.0
2022-03-21,JINDRILL,2.0,True,True,False,False,False,False,False,0.025842291237515802,0.08223264373274759,1.0,0.09698319497874053,1.0
2022-03-21,TTML,3.0,True,True,True,True,False,False,False,0.04846217928832175,0.07316315435199088,1.0,0.10220994475138112,1.0
2022-03-22,TTML,1.0,True,True,True,True,False,False,False,0.04852704089466009,0.06648332675611682,1.0,0.10230263157894748,1.0
2022-03-22,GULPOLY,2.0,True,True,False,False,False,False,False,0.01955052040152161,-0.04330097511915691,-1.0,-0.04330097511915691,-1.0
2022-03-22,NETWORK18,3.0,True,True,False,False,False,False,False,0.010772096981910728,0.05963125322331098,1.0,0.05963125322331098,1.0
2022-03-23,TTML,1.0,True,True,True,True,False,False,False,0.04879016416943216,0.06365131578947368,1.0,0.07111528822055124,1.0
2022-03-23,NDTV,2.0,True,True,False,False,False,False,False,0.024834891157326844,0.08804099491335458,1.0,-0.06735675039246458,-1.0
2022-03-23,ASHAPURMIN,3.0,True,True,False,False,False,False,False,0.05111313404435869,0.0740306530939037,1.0,-0.04935376872926914,-1.0
2022-03-24,TTML,1.0,True,True,True,False,False,False,False,0.04861112916761101,0.05954618689581094,1.0,-0.03969745793054063,-1.0
2022-03-24,NELCO,2.0,True,True,True,True,False,False,False,0.04875150874563161,0.06876403428318417,1.0,-0.04584268952212278,-1.0
2022-03-25,NELCO,1.0,True,True,False,False,False,False,False,0.03670896508611765,-0.042727619583115786,-1.0,-0.042727619583115786,-1.0
2022-03-25,TTML,2.0,True,True,False,False,False,False,False,0.020089301901990986,-0.03890096772818349,-1.0,-0.03890096772818349,-1.0
2022-03-28,JINDALPHOT,2.0,True,True,True,False,False,False,False,0.04877272752982087,-0.015928231417063454,0.0,-0.06577914944813515,-1.0
2022-03-29,BIGBLOC,1.0,True,True,False,False,False,False,False,0.0472160612539807,0.06357279627983312,1.0,0.06357279627983312,1.0
2022-03-31,TEJASNET,1.0,True,True,True,True,False,False,False,0.04870647165567821,0.05977906100928945,1.0,0.10244392366923338,1.0
2022-03-31,SAREGAMA,3.0,True,True,True,False,False,False,False,0.048737545052894404,0.06085240726124703,1.0,-0.04056827150749802,-1.0
2022-04-05,WEBELSOLAR,1.0,True,True,True,True,False,False,False,0.04485056616535177,0.05799475753604193,1.0,-0.038663171690694616,-1.0
2022-04-05,3IINFOLTD,2.0,True,True,True,False,False,False,False,0.04842594721068316,0.07381672213612461,1.0,0.07381672213612461,1.0
2022-04-05,PANACEABIO,3.0,True,True,True,False,False,False,False,0.04865132348888945,0.06091211995002084,1.0,0.06091211995002084,1.0
2022-04-06,WEBELSOLAR,1.0,True,True,True,False,False,False,False,0.05129329438755059,-0.0382205513784461,-1.0,-0.0382205513784461,-1.0
2022-04-06,ADSL,2.0,True,True,False,False,False,False,False,0.02027456962936114,-0.043478260869565216,-1.0,-0.043478260869565216,-1.0
2022-04-06,TTML,3.0,True,True,False,False,False,False,False,0.03827059431696078,-0.04393298059964727,-1.0,-0.04393298059964727,-1.0
2022-04-07,RENUKA,2.0,True,True,False,False,False,False,False,0.05693392175235168,0.06547619047619048,1.0,-0.043650793650793655,-1.0
2022-04-12,AURUM,1.0,True,True,True,False,False,False,False,0.09511632500096567,0.06593055132500764,1.0,-0.04395370088333842,-1.0
2022-04-13,WEBELSOLAR,1.0,True,True,False,False,False,False,False,0.014706147389695445,-0.05026455026455026,-1.0,-0.05026455026455026,-1.0
2022-04-18,SUNFLAG,1.0,True,True,False,False,False,False,False,0.03735578654376859,0.07928465503848602,1.0,0.07928465503848602,1.0
2022-04-18,CPSEETF,3.0,False,False,False,False,True,False,False,0.01840297301990912,-0.021399730820995968,-1.0,-0.021399730820995968,-1.0
2022-04-21,TRIDENT,3.0,True,True,False,False,False,False,False,-0.0018409430825157003,-0.03290943009537826,-1.0,-0.03290943009537826,-1.0
2022-04-25,ADANIPOWER,1.0,True,True,False,False,False,False,False,0.04843996280006779,0.0901063550420168,1.0,0.0901063550420168,1.0
2022-04-27,BIGBLOC,1.0,True,True,False,False,False,False,False,0.020325903014039248,-0.051843160262051435,-1.0,-0.051843160262051435,-1.0
2022-05-02,CHENNPETRO,2.0,True,True,False,False,False,False,False,0.029792998528789028,-0.06892869278190375,-1.0,-0.06892869278190375,-1.0
2022-05-04,JBMA,1.0,True,True,True,False,False,False,False,0.0487359062816779,-0.054052954261841465,-1.0,-0.054052954261841465,-1.0
2022-05-13,PATELENG,1.0,True,True,True,True,False,False,False,0.04733393854866508,0.08343368959807315,1.0,0.10201005025125642,1.0
2022-05-16,PATELENG,1.0,True,True,True,True,False,False,False,0.04950778171009551,0.07855348169418519,1.0,0.07855348169418519,1.0
2022-05-16,INVENTURE,2.0,True,True,True,False,False,False,False,0.034605529177475614,0.06903923541247486,1.0,-0.04602615694164991,-1.0
2022-05-17,INVENTURE,1.0,True,True,True,False,False,False,False,0.04652001563489283,-0.0447035957240039,-1.0,-0.0447035957240039,-1.0
2022-05-17,PATELENG,2.0,True,True,True,True,False,False,False,0.047628048989254435,0.07598893215822913,1.0,0.10351117191062476,1.0
2022-05-18,63MOONS,1.0,True,True,False,False,False,False,False,-0.002134472528632081,0.09813541621339371,1.0,0.10470085470085455,1.0
2022-05-18,PATELENG,2.0,True,True,False,False,False,False,False,-0.0225972262271954,0.07225913621262459,1.0,0.07225913621262459,1.0
2022-05-18,INVENTURE,3.0,True,True,False,False,False,False,False,0.0,-0.04359925788497218,-1.0,-0.04359925788497218,-1.0
2022-05-20,63MOONS,1.0,True,True,True,True,False,False,False,0.04854012962388321,0.08878735246516405,1.0,-0.07844169518294275,-1.0
2022-05-20,TI,2.0,True,True,True,True,False,False,False,0.04852704089466009,0.0783064607058293,1.0,0.10150375939849621,1.0
2022-05-20,INVENTURE,3.0,False,False,True,False,False,False,False,0.03066679839297226,-0.04967869500741474,-1.0,-0.04967869500741474,-1.0
2022-05-23,63MOONS,1.0,True,True,False,False,False,False,False,0.03847124736574692,-0.0556349415259655,-1.0,-0.0556349415259655,-1.0
2022-05-23,TI,2.0,True,True,True,False,False,False,False,0.04843206210651818,0.07580558539205155,1.0,-0.05053705692803437,-1.0
2022-05-23,ADANIPOWER,3.0,True,True,False,False,False,False,False,0.039631354639707794,-0.052903999128255406,-1.0,-0.052903999128255406,-1.0
2022-05-24,TI,3.0,True,True,True,False,False,False,False,0.04824423812885037,-0.04610110519852639,-1.0,-0.04610110519852639,-1.0
2022-05-30,NDTV,1.0,True,True,False,False,False,False,False,0.01981631664381478,0.0862645034741847,1.0,0.10015970796258267,1.0
2022-05-30,GENESYS,2.0,True,True,False,False,False,False,False,0.04568948560997388,0.0948092206051321,1.0,-0.06320614707008806,-1.0
2022-05-31,EKC,1.0,True,True,True,True,False,False,False,0.04865824674954489,0.07954095765730115,1.0,0.10211081794195254,1.0
2022-06-01,EKC,1.0,True,True,True,False,False,False,False,0.04866451235045677,0.07649830380701093,1.0,-0.0603166624780096,-1.0
2022-06-01,TDPOWERSYS,2.0,True,True,False,False,False,False,False,0.024692612590371255,0.07566964285714285,1.0,-0.050446428571428566,-1.0
2022-06-03,GTLINFRA,3.0,True,True,True,False,False,False,False,0.033901551675681374,0.06650246305418724,1.0,-0.06666666666666676,-1.0
2022-06-06,XPROINDIA,1.0,True,True,False,False,False,False,False,0.019781282806792255,0.08367255463368677,1.0,0.11325255822713287,1.0
2022-06-06,GTLINFRA,3.0,True,True,False,False,False,False,False,0.0,-0.040476190476190506,-1.0,-0.06666666666666676,-1.0
2022-06-07,XPROINDIA,1.0,True,True,True,False,False,False,False,0.04879887652660386,0.08025422768973423,1.0,-0.057501306847882905,-1.0
2022-06-10,TTML,1.0,True,True,False,False,False,False,False,-0.02085656327455787,-0.05744789018810372,-1.0,-0.05744789018810372,-1.0
2022-06-14,GULPOLY,1.0,True,True,True,False,False,False,False,0.04875299013920564,-0.0525631017434296,-1.0,-0.0525631017434296,-1.0
2022-06-15,RAMCOSYS,1.0,True,True,False,False,False,False,False,0.06546487599770234,0.07195154243347014,1.0,-0.04796769495564676,-1.0
2022-06-23,GREENPOWER,2.0,True,True,True,False,False,False,False,0.04480749520593941,0.08346972176759408,1.0,0.0938967136150235,1.0
2022-06-24,63MOONS,1.0,True,True,False,False,False,False,False,0.018713333152073908,-0.05519666366832939,-1.0,-0.05519666366832939,-1.0
2022-06-24,GULPOLY,2.0,True,True,False,False,False,False,False,0.027434432791970664,0.0778479589159201,1.0,0.08450344651519015,1.0
2022-06-24,GREENPOWER,3.0,True,True,True,True,False,False,False,0.048864682594147,0.07981220657276994,1.0,0.07981220657276994,1.0
2022-06-27,GREENPOWER,1.0,True,True,False,False,False,False,False,0.040881605262128584,0.07600596125186289,1.0,-0.05067064083457526,-1.0
2022-06-27,GULPOLY,2.0,True,True,False,False,False,False,False,0.03294299860055627,0.042489377655586136,0.0,-0.049612596850787304,-1.0
2022-06-27,LLOYDSENGG,3.0,True,True,False,False,False,False,False,0.04101336376780118,0.10624572795625431,1.0,0.13203214695751986,1.0
2022-06-28,GREENPOWER,2.0,False,True,False,False,False,False,False,0.0,0.0764868179031269,1.0,0.09871244635193133,1.0
2022-06-29,GREENPOWER,1.0,True,True,True,True,False,False,False,0.049376273397893744,0.07504397107680282,1.0,0.09635416666666674,1.0
2022-06-30,GREENPOWER,1.0,True,True,True,True,False,False,False,0.04705254427089134,0.07142857142857142,1.0,0.09813664596273286,1.0
2022-07-01,GREENPOWER,1.0,True,True,True,True,False,False,False,0.0449377368237629,0.06867790594498668,1.0,0.09976247030878849,1.0
2022-07-04,GREENPOWER,1.0,True,True,True,True,False,False,False,0.048677048395316724,0.06680522565320665,1.0,-0.04453681710213777,-1.0
2022-07-04,STEELXIND,3.0,False,False,True,False,False,False,False,0.049460630168399966,0.07334004024144868,1.0,0.07334004024144868,1.0
2022-07-05,LLOYDSENGG,1.0,True,True,True,False,False,False,False,0.04701531034536499,-0.051706241079538084,-1.0,-0.051706241079538084,-1.0
2022-07-05,GREENPOWER,2.0,True,True,True,False,False,False,False,0.046417172008536234,-0.04355203619909503,-1.0,-0.04355203619909503,-1.0
2022-07-08,CUPID,2.0,True,True,False,False,False,False,False,-0.022472855852058493,-0.03968253968253968,-1.0,0.022727272727272707,0.0
2022-07-11,RTNPOWER,1.0,True,True,True,True,False,False,False,0.039740328649513934,0.06515444015444016,1.0,-0.051948051948051965,-1.0
2022-07-12,RTNPOWER,1.0,True,True,True,False,False,False,False,0.03822121282019775,-0.04081632653061225,-1.0,-0.04081632653061225,-1.0
2022-07-12,PATELENG,2.0,True,True,False,False,False,False,False,0.017445285934648336,0.064773735581189,1.0,-0.04318249038745933,-1.0
2022-07-14,GTLINFRA,1.0,True,True,True,True,False,False,False,0.0377403279828471,0.09065934065934067,1.0,0.11111111111111094,1.0
2022-07-14,PCJEWELLER,2.0,True,True,True,False,False,False,False,0.09278173345096619,0.08432539682539682,1.0,0.10126582278481,1.0
2022-07-15,GTLINFRA,1.0,True,True,True,True,False,False,False,0.036367644170874736,0.08333333333333333,1.0,0.0,0.0
2022-07-18,GTLINFRA,1.0,True,True,True,True,False,False,False,0.035091319811270116,-0.03571428571428559,0.0,-0.06896551724137923,-1.0
2022-07-19,GTLINFRA,1.0,True,True,True,False,False,False,False,0.033901551675681374,-0.04679802955665025,-1.0,-0.04679802955665025,-1.0
2022-07-22,URJA,1.0,True,True,False,False,False,False,False,0.020906684819313792,-0.03747484909456739,-1.0,-0.03747484909456739,-1.0
2022-07-25,DCW,1.0,True,True,False,False,False,False,False,0.01302101730296501,-0.03192286088747424,-1.0,-0.03192286088747424,-1.0
2022-07-25,DLINKINDIA,3.0,True,True,False,False,False,False,False,0.02080125426719981,0.062443130118289336,1.0,-0.04162875341219289,-1.0
2022-07-26,UJJIVANSFB,1.0,True,True,False,False,False,False,False,0.02072613051711647,0.04459611069558715,1.0,-0.029730740463724765,-1.0
2022-08-01,ZENTEC,1.0,True,True,True,False,False,False,False,0.04875137516223127,0.04267677747178154,1.0,-0.028451184981187694,-1.0
2022-08-01,DEEPAKFERT,2.0,True,True,False,False,False,False,False,0.042950381163936235,0.05374012921751618,1.0,0.05374012921751618,1.0
2022-08-01,GREENPOWER,3.0,True,True,True,False,False,False,False,0.04652001563489305,0.06881533101045297,1.0,-0.0764966740576496,-1.0
2022-08-02,ZENTEC,3.0,True,True,False,False,False,False,False,0.016414833814563323,-0.028722893346632666,-1.0,-0.028722893346632666,-1.0
2022-08-03,NDTV,1.0,True,True,False,False,False,False,False,0.016123455469930548,0.03891406658532337,0.0,0.02229750010719944,0.0
2022-08-08,PCJEWELLER,1.0,True,True,False,False,False,False,False,0.040961357631065454,0.0782105525136884,1.0,0.11036789297658856,1.0
2022-08-08,GOLDIETF,3.0,False,False,False,False,True,False,False,0.0010894434022308275,0.0006540222367561466,0.0,-0.00043554006968649084,0.0
2022-08-10,PCJEWELLER,1.0,True,True,False,False,False,False,False,0.026231012148869803,0.07492880873279543,1.0,-0.04995253915519696,-1.0
2022-08-10,GOLDIETF,2.0,False,False,False,False,True,False,False,-0.014150666079684182,-0.012506948304613654,-1.0,0.0024117518088138112,0.0
2022-08-10,GOLDBEES,3.0,False,False,False,False,True,False,False,0.0,-0.007131713839982123,0.0,-0.007131713839982123,0.0
2022-08-12,GOLDBEES,1.0,False,False,False,False,True,False,False,0.00354924951114155,-0.022444444444444378,0.0,-0.024555555555555574,-1.0
2022-08-17,RTNPOWER,1.0,True,True,False,False,False,False,False,-0.012578782206859929,0.012499999999999956,0.0,0.06160714285714287,1.0
2022-08-17,MID150BEES,2.0,False,False,False,False,True,False,False,0.032720079024125326,0.031093345370744346,1.0,-0.020728896913829564,-1.0
2022-08-18,CPSEETF,1.0,False,False,False,False,True,False,False,0.008045542081418056,0.004456824512534929,0.0,-0.024293672900915293,-1.0
2022-08-18,SETFNIF50,3.0,False,False,False,False,True,False,False,0.0,-0.016567567567567578,-1.0,-0.016567567567567578,-1.0
2022-08-19,PENIND,3.0,False,False,True,False,False,False,False,0.020714204387563218,-0.03039867109634551,-1.0,-0.03039867109634551,-1.0
2022-08-22,HUBTOWN,1.0,True,True,False,False,False,False,False,-0.016194685919979968,0.08638123924268504,1.0,0.08638123924268504,1.0
2022-08-22,ADANIPOWER,2.0,True,True,False,False,False,False,True,-0.02694949268955238,-0.03901734104046242,-1.0,-0.07244655581947756,-1.0
2022-08-25,ALOKINDS,2.0,True,True,False,False,False,False,False,0.0319045465187453,-0.02297826861417886,-1.0,-0.02297826861417886,-1.0
2022-08-26,SURYAROSNI,2.0,True,True,False,False,False,False,False,0.0004367765957189462,0.06567122261748737,1.0,0.06567122261748737,1.0
2022-08-29,IMAGICAA,1.0,True,True,True,True,False,False,False,0.04822978309564707,0.06214285714285714,1.0,-0.041428571428571426,-1.0
2022-08-29,NDTV,2.0,True,True,False,False,False,False,False,0.041329104163287944,0.08270776888917392,1.0,0.11069236567244545,1.0
2022-08-30,IMAGICAA,1.0,True,True,True,False,False,False,False,0.04814934389758285,-0.04059897501601537,-1.0,-0.04059897501601537,-1.0
2022-09-01,HUBTOWN,1.0,True,True,False,False,False,False,False,0.01556770481337022,-0.04795328536038693,-1.0,-0.04795328536038693,-1.0
2022-09-01,NDTV,2.0,True,True,True,True,False,False,False,0.0487962233249668,0.07686092378165164,1.0,0.10235094522539989,1.0
2022-09-01,RPOWER,3.0,True,True,False,False,False,False,False,0.03654487057807332,0.08082240340304858,1.0,0.08082240340304858,1.0
2022-09-02,NDTV,1.0,True,True,True,True,False,False,True,0.0487209144896843,0.07511685478844958,1.0,-0.09739150507848571,-1.0
2022-09-02,RTNPOWER,2.0,True,True,True,False,False,False,False,0.04546237407675746,0.06478405315614616,1.0,-0.04318936877076411,-1.0
2022-09-02,SDBL,3.0,True,True,False,False,False,False,False,0.01121507082013995,0.018796992481203034,0.0,-0.051557465091299666,-1.0
2022-09-05,NDTV,1.0,True,True,True,False,False,False,False,0.04872420763476448,-0.04786802532647409,-1.0,-0.04786802532647409,-1.0
2022-09-15,CEATLTD,1.0,True,True,False,False,False,False,False,0.022847257482404792,-0.034493431460210465,-1.0,-0.034493431460210465,-1.0
2022-09-15,VINYLINDIA,3.0,True,True,False,False,False,False,False,0.012599326724629378,-0.06191091134739878,-1.0,-0.06191091134739878,-1.0
2022-09-20,LLOYDSENGG,1.0,True,True,True,False,False,False,False,0.05045822127012878,-0.03684712616265206,-1.0,-0.03684712616265206,-1.0
2022-09-20,PCJEWELLER,2.0,True,True,False,False,False,False,False,0.012804272245988013,0.05481406480117819,1.0,0.05481406480117819,1.0
2022-09-21,PCJEWELLER,1.0,True,True,False,False,False,False,False,0.014634407518437698,0.054492804492804484,1.0,0.08595641646489116,1.0
2022-09-22,PCJEWELLER,1.0,True,True,True,False,False,False,False,0.04912466827022621,0.0549514887922382,1.0,-0.03663432586149213,-1.0
2022-09-23,PCJEWELLER,1.0,False,False,True,False,False,False,False,0.04474286926349169,-0.03539540816326531,-1.0,-0.03539540816326531,-1.0
2022-09-23,SDBL,2.0,True,True,False,False,False,False,False,0.011299555253933669,-0.047321428571428584,-1.0,-0.051685393258426915,-1.0
2022-09-29,SDBL,1.0,True,True,False,False,False,False,False,0.0,0.07658238041552583,1.0,0.07658238041552583,1.0
2022-10-03,STEELXIND,1.0,True,True,True,False,False,False,False,0.048607699065376764,-0.003831417624521105,0.0,-0.04460864805692393,-1.0
2022-10-03,KSB,3.0,False,False,True,False,False,False,False,0.02009331873879283,-0.008264462809917328,0.0,-0.027992852888624187,0.0
2022-10-06,PCJEWELLER,2.0,True,True,False,False,False,False,False,0.014690715410003552,0.025369978858350795,0.0,0.01041666666666674,0.0
2022-10-07,HUBTOWN,1.0,True,True,False,False,False,False,False,0.01851088553470337,0.10151881037112354,1.0,-0.06767920691408236,-1.0
2022-10-11,LIBERTSHOE,1.0,True,True,False,False,False,False,False,0.05033681416159386,0.10323584500721894,1.0,0.10323584500721894,1.0
2022-10-13,LIBERTSHOE,3.0,True,True,False,False,False,False,False,0.037809944050263056,-0.06733351235230933,-1.0,-0.06733351235230933,-1.0
2022-10-14,TTML,1.0,True,True,False,False,False,False,False,0.03133649422508089,-0.040148119274995155,-1.0,-0.040148119274995155,-1.0
2022-10-18,URJA,1.0,True,True,False,False,False,False,False,0.03696519423347144,-0.03048416019127313,-1.0,-0.03048416019127313,-1.0
2022-10-20,PSUBNKBEES,2.0,False,False,False,False,True,False,False,0.0,0.04881888184807885,1.0,0.04881888184807885,1.0
2022-10-21,PSUBNKBEES,3.0,False,False,False,False,True,False,False,0.002476951864997634,0.0478289965752076,1.0,0.0478289965752076,1.0
2022-10-24,WEBELSOLAR,1.0,False,True,False,False,False,False,False,0.0,0.010752688172043001,0.0,0.010752688172043001,0.0
2022-10-24,HUBTOWN,2.0,True,True,False,False,False,False,False,0.0,0.0018832391713747842,0.0,0.0018832391713747842,0.0
2022-11-01,CPSEETF,3.0,False,False,False,False,True,False,False,0.005400553180000323,-0.0077359463641053505,0.0,-0.02245266337581965,-1.0
2022-11-02,IMAGICAA,1.0,True,True,True,True,False,False,False,0.04879016416943216,0.07617187500000001,1.0,0.09821428571428559,1.0
2022-11-02,KTKBANK,3.0,True,True,False,False,False,False,False,0.030209975150955692,0.06328812675229836,1.0,0.06328812675229836,1.0
2022-11-03,IMAGICAA,1.0,True,True,True,True,False,False,True,0.04793946228911894,0.07318239795918369,1.0,-0.051063829787234005,-1.0
2022-11-04,IMAGICAA,1.0,True,True,False,False,False,True,False,0.04574602178820397,-0.04660587639311046,-1.0,-0.04660587639311046,-1.0
2022-11-04,GOACARBON,2.0,True,True,False,False,False,False,False,0.1323771506576179,0.04486049610936762,1.0,0.04486049610936762,1.0
2022-11-04,REPCOHOME,3.0,True,True,False,False,False,False,False,0.0440797741979857,-0.04120592530774045,-1.0,-0.04120592530774045,-1.0
2022-11-07,RTNPOWER,1.0,True,True,True,False,False,False,False,0.01156082240107592,-0.04069767441860465,-1.0,-0.04069767441860465,-1.0
2022-11-09,JWL,1.0,True,True,False,False,False,False,False,0.025576841789649585,0.055861398963730616,1.0,-0.037240932642487075,-1.0
2022-11-09,REFEX,2.0,True,True,False,False,False,False,False,0.1063356498160326,0.07016550522648081,1.0,-0.04677700348432054,-1.0
2022-11-10,AXISCADES,3.0,True,True,False,False,False,False,False,0.04710030196691406,-0.06107477633085565,-1.0,-0.06107477633085565,-1.0
2022-11-11,GLOBAL,1.0,True,True,True,False,False,False,False,0.04871003917439687,-0.06111956841065086,-1.0,-0.06111956841065086,-1.0
2022-11-15,REFEX,1.0,True,True,False,False,False,False,False,0.03361661079898459,0.09271978021978022,1.0,-0.061813186813186816,-1.0
2022-11-16,NDTV,1.0,True,True,True,True,False,False,False,0.04878867239025375,0.06282026610337126,1.0,-0.041880177402247504,-1.0
2022-11-17,NDTV,1.0,True,True,False,False,False,False,False,0.03661588821842088,-0.0416462434841168,-1.0,-0.0416462434841168,-1.0
2022-11-17,PTC,2.0,True,True,True,False,False,False,False,0.048259059599232046,0.040021378269617665,1.0,0.040021378269617665,1.0
2022-11-17,GOACARBON,3.0,True,True,False,False,False,False,False,0.018458162577247528,0.08685707432409281,1.0,-0.05790471621606188,-1.0
2022-11-21,EASEMYTRIP,2.0,True,True,False,False,False,False,False,0.0386835840951143,0.05654450261780106,1.0,0.05654450261780106,1.0
2022-11-21,REFEX,3.0,True,True,False,False,False,False,False,0.02979366347877699,0.1029305875576037,1.0,0.09001956947162437,0.0
2022-11-23,SDBL,1.0,True,True,False,False,False,False,False,0.025012883450748813,0.06402439024390243,1.0,-0.04268292682926828,-1.0
2022-11-24,SDBL,1.0,True,True,False,False,False,False,False,0.0159436503971353,-0.04247448979591837,-1.0,-0.04247448979591837,-1.0
2022-11-29,APOLLO,1.0,True,True,False,False,False,False,False,0.009132483563272675,-0.03931847968545217,-1.0,-0.03931847968545217,-1.0
2022-11-30,NDTV,2.0,True,True,True,False,False,False,False,0.048755214785545675,-0.050935148518844106,-1.0,-0.050935148518844106,-1.0
2022-12-01,DBREALTY,1.0,True,True,False,False,False,False,False,0.015873349156289684,-0.04033613445378151,-1.0,-0.04033613445378151,-1.0
2022-12-02,BAJAJHIND,1.0,True,True,False,False,False,False,False,0.09193749532568551,0.056746031746031766,1.0,0.056746031746031766,1.0
2022-12-05,TITAGARH,1.0,True,True,False,False,False,False,False,0.011253560640706262,-0.043582952082831666,-1.0,-0.043582952082831666,-1.0
2022-12-12,STEELXIND,1.0,True,True,True,True,False,False,False,0.04879016416943216,0.051275510204081644,1.0,-0.03418367346938776,-1.0
2022-12-13,STEELXIND,1.0,True,True,True,False,False,False,False,0.04652001563489305,-0.03304178814382896,-1.0,-0.03304178814382896,-1.0
2022-12-15,MADRASFERT,1.0,True,True,False,False,False,False,False,0.025470545810109435,0.08721268548152458,1.0,0.08721268548152458,1.0
2022-12-16,MADRASFERT,1.0,True,True,False,False,False,False,False,0.06145652709376925,-0.05744199207696662,-1.0,-0.05744199207696662,-1.0
2022-12-16,FACT,2.0,True,True,False,False,False,False,False,0.037098818136433565,0.08928903901907066,1.0,-0.05952602601271378,-1.0
2022-12-16,BAJAJHIND,3.0,True,True,False,False,False,False,False,0.07577255847233033,0.09839650145772594,1.0,-0.06559766763848396,-1.0
2022-12-19,BAJAJHIND,1.0,True,True,False,False,False,False,False,-0.018742181809741076,-0.06498673740053049,-1.0,-0.06498673740053049,-1.0
2022-12-19,WEBELSOLAR,2.0,True,True,False,False,False,False,False,0.028987536873252395,0.04621848739495801,1.0,-0.030812324929972008,-1.0
2022-12-19,AXISCADES,3.0,True,True,True,True,False,False,False,0.04868788773186683,-0.05063604824054189,-1.0,-0.05063604824054189,-1.0
2022-12-20,AXISCADES,1.0,True,True,False,False,False,False,False,0.019478605722765607,-0.0469821288074632,-1.0,-0.0469821288074632,-1.0
2022-12-27,GOLDBEES,3.0,False,False,False,False,True,False,False,0.004895189087757323,0.016215062940047043,0.0,0.011252653927813272,0.0
2022-12-28,TITAGARH,1.0,True,True,False,False,False,False,False,0.00817284175587396,0.0769469100653157,1.0,0.0769469100653157,1.0
2022-12-30,APOLLO,1.0,True,True,False,False,False,False,False,0.0034188067487859186,0.07283512720156554,1.0,0.07283512720156554,1.0
2023-01-02,JWL,1.0,True,True,False,False,False,False,False,0.03718279112771672,0.07494995922603606,1.0,-0.007499999999999951,0.0
2023-01-02,LIBERTSHOE,2.0,True,True,False,False,False,False,False,0.025953013735641406,-0.04206836108676604,0.0,-0.05497683736071117,-1.0
2023-01-03,BANKBEES,3.0,False,False,False,False,True,False,False,0.001615160104075919,-0.01709159860925451,-1.0,-0.01709159860925451,-1.0
2023-01-04,TVSELECT,1.0,True,True,False,False,False,False,False,0.038008333628334334,0.08289241622574953,1.0,0.08289241622574953,1.0
2023-01-05,APOLLO,1.0,True,True,False,False,False,False,False,0.036795909702045826,-0.04594131505675734,-1.0,-0.04594131505675734,-1.0
2023-01-17,SEPC,1.0,True,True,False,False,False,False,False,0.017323267852387136,0.08356972654033813,1.0,-0.020296643247462942,0.0
2023-01-19,APOLLO,1.0,True,True,False,False,False,False,False,0.009715551786096288,-0.05319784817692767,-1.0,-0.05319784817692767,-1.0
2023-01-23,TITAGARH,1.0,True,True,False,False,False,False,False,0.015437699384582615,-0.037535498209655495,-1.0,-0.037535498209655495,-1.0
2023-01-25,SDBL,3.0,True,True,False,False,False,False,False,0.015610073071078645,-0.0316757971625228,-1.0,-0.0316757971625228,-1.0
2023-01-30,NDTV,2.0,False,False,False,False,False,True,False,-0.03446893365136727,-0.05269575241642281,-1.0,0.10076564758794238,1.0
2023-01-31,NDTV,1.0,False,False,False,False,False,True,False,0.043035558621737025,-0.053456267999506715,-1.0,-0.053456267999506715,-1.0
2023-01-31,REFEX,3.0,True,True,False,False,False,False,False,0.03989132902730175,0.06260382059800662,1.0,0.0810055865921786,1.0
2023-02-01,GOLDIETF,2.0,False,False,False,False,True,False,False,0.021970359746753765,0.017713218568339444,1.0,-0.011808812378892962,-1.0
2023-02-02,SKMEGGPROD,1.0,True,True,False,False,False,False,False,0.021925360628966217,0.07626671358198453,1.0,-0.050844475721323015,-1.0
2023-02-03,REFEX,1.0,True,True,False,False,False,False,False,0.026350865927403433,-0.0385751199704688,-1.0,-0.0385751199704688,-1.0
2023-02-08,NDTV,1.0,True,True,False,False,False,False,False,0.0011059501237857816,-0.06422011097235175,-1.0,-0.07438930032054825,-1.0
2023-02-08,ADANIPOWER,3.0,True,True,False,False,False,True,False,-0.05216122442901616,-0.054945054945054944,-1.0,-0.09696092619392183,-1.0
2023-02-10,AXISCADES,1.0,True,True,False,False,False,True,False,-0.051211652343336134,-0.054586296512682035,-1.0,-0.09752115184800358,-1.0
2023-02-16,ADANIPOWER,2.0,True,True,False,False,False,False,False,0.03164293976125876,0.09989122552574328,1.0,0.09989122552574328,1.0
2023-02-16,PARACABLES,3.0,True,True,False,False,False,False,False,-0.010825545504922651,-0.06460296096904439,-1.0,-0.06460296096904439,-1.0
2023-02-23,PCJEWELLER,2.0,True,True,True,False,False,False,False,0.04574602178820386,0.10531914893617023,1.0,0.10531914893617023,1.0
2023-02-24,ALOKINDS,1.0,True,True,True,True,False,False,False,0.048009219186360585,0.06454918032786887,1.0,-0.043032786885245915,-1.0
2023-02-27,ALOKINDS,2.0,True,True,True,False,False,False,False,0.04580953603129423,-0.041573660714285726,-1.0,-0.041573660714285726,-1.0
2023-02-28,PCJEWELLER,1.0,True,True,False,False,False,False,False,-0.04915923595808347,0.08144438587243016,1.0,0.08144438587243016,1.0
2023-03-01,WEBELSOLAR,1.0,True,True,True,False,False,False,False,0.02409755157906046,-0.040940766550522666,-1.0,-0.040940766550522666,-1.0
2023-03-02,ADANIGREEN,1.0,True,True,True,True,False,False,False,0.04879016416943216,0.09050066755674231,1.0,0.10235870048954165,1.0
2023-03-02,PTC,2.0,True,True,False,False,False,False,False,-0.011909072448126778,-0.035714285714285705,-1.0,-0.03641061780596655,-1.0
2023-03-02,ADANIPOWER,3.0,True,True,True,True,False,False,False,0.048420956116502545,0.08588039867109636,1.0,0.08588039867109636,1.0
2023-03-03,ADANIGREEN,2.0,True,True,True,True,False,False,False,0.04872658531573748,0.08438870875452982,1.0,0.10240759579518488,1.0
2023-03-03,ADANIENSOL,3.0,True,True,True,True,False,False,False,0.048780565444142,0.09640193509373109,1.0,0.10245088628655519,1.0
2023-03-06,TTML,1.0,True,True,False,False,False,False,False,0.042467698429944356,-0.06092436974789918,-1.0,-0.06092436974789918,-1.0
2023-03-06,VINYLINDIA,2.0,True,True,False,False,False,False,False,0.005068851184440781,-0.03820118900465006,-1.0,-0.03820118900465006,-1.0
2023-03-06,ADANIGREEN,3.0,True,True,True,True,False,False,False,0.048725571988293304,0.07922177009155644,1.0,0.09002825999192576,1.0
2023-03-08,KIRLOSENG,1.0,True,True,False,False,False,False,False,0.012104371525004431,-0.040635815921035746,-1.0,-0.040635815921035746,-1.0
2023-03-08,ADANIGREEN,2.0,True,True,True,True,False,False,False,0.04877093950033551,0.07490051329373089,1.0,0.10243002153183611,1.0
2023-03-09,PCJEWELLER,1.0,True,True,False,False,False,False,False,0.043249983793816504,-0.041831097079715863,-1.0,-0.041831097079715863,-1.0
2023-03-10,KAMATHOTEL,1.0,True,True,False,False,False,False,False,0.030605449076078095,-0.03713763384695744,-1.0,-0.03713763384695744,-1.0
2023-03-22,ADANIGREEN,1.0,True,True,False,False,False,False,False,0.04840327364444175,0.06086621266719597,1.0,0.07942973523421593,1.0
2023-03-22,PARACABLES,2.0,True,True,True,True,False,False,False,0.04803402046610783,0.07772108843537416,1.0,-0.07413010590015112,-1.0
2023-03-23,PARACABLES,1.0,True,True,True,False,False,False,False,0.04871812065511838,-0.04905986600389021,-1.0,-0.04905986600389021,-1.0
2023-03-23,PCJEWELLER,2.0,True,True,False,False,False,False,False,-0.010327114155849637,-0.059686888454011724,-1.0,-0.059686888454011724,-1.0
2023-03-23,ATGL,3.0,True,True,False,False,False,False,False,0.03595297355525773,-0.053695985802294025,-1.0,-0.053695985802294025,-1.0
2023-03-31,TTML,2.0,True,True,False,False,False,False,False,-0.009058032946745342,0.0722658765941002,1.0,0.0855323020928116,1.0
2023-03-31,CUPID,3.0,True,True,False,False,False,False,False,-0.019802627296179653,0.03991596638655469,1.0,0.03991596638655469,1.0
2023-04-03,APOLLO,1.0,True,True,False,False,False,False,False,0.02548991021343827,0.06048684534054583,1.0,-0.04032456356036389,-1.0
2023-04-03,AXISCADES,2.0,True,True,False,False,False,False,False,0.0,0.07231236806632924,1.0,0.07231236806632924,1.0
2023-04-03,VINYLINDIA,3.0,True,True,False,False,False,False,False,0.028000097357366194,0.06679177818668448,1.0,0.07201821804725306,1.0
2023-04-05,REFEX,1.0,True,True,False,False,False,False,False,0.03745756253490029,0.061545801526717556,1.0,0.061545801526717556,1.0
2023-04-06,TTML,1.0,True,True,True,False,False,False,False,0.048678811794728105,-0.04426010466540474,-1.0,-0.04426010466540474,-1.0
2023-04-06,VINYLINDIA,2.0,True,True,True,True,False,False,False,0.04871429451346465,0.06172236552613608,1.0,0.0658826504805261,1.0
2023-04-06,NDTV,3.0,True,True,False,False,False,False,False,0.03264138833616048,-0.05245007730264679,-1.0,-0.05245007730264679,-1.0
2023-04-10,VINYLINDIA,1.0,True,True,False,False,False,False,False,0.06380323570697488,0.05941090396704962,1.0,0.05941090396704962,1.0
2023-04-12,CPSEETF,3.0,False,False,False,False,True,False,False,0.000489117153306573,0.0014677103718199191,0.0,0.0009779951100243878,0.0
2023-04-26,GMDCLTD,2.0,True,True,False,False,False,False,False,0.013063949403425035,-0.028334376956794,-1.0,-0.028334376956794,-1.0
2023-04-28,MAFANG,1.0,False,False,False,False,True,False,False,0.0010169837142153249,0.012413512413512295,0.0,0.01138442772921322,0.0
2023-04-28,CPSEETF,2.0,False,False,False,False,True,False,False,-0.0009650181689790926,-0.013193702848875269,-1.0,-0.013193702848875269,-1.0
2023-05-02,APOLLO,1.0,True,True,False,False,False,False,False,0.01655417788250446,0.05414047257749833,1.0,0.08507462686567169,1.0
2023-05-02,MON100,2.0,False,False,False,False,True,False,False,-0.0012375650111096093,-0.014440654008725563,-1.0,-0.014440654008725563,-1.0
2023-05-02,RVNL,3.0,True,True,False,False,False,False,False,0.034887259000440984,0.07816085013887214,1.0,0.10816326530612241,1.0
2023-05-04,GOLDIETF,3.0,False,False,False,False,True,False,False,0.011978398082082453,-0.0014831294030404063,0.0,-0.014089729328883938,-1.0
2023-05-05,AGI,1.0,True,True,False,False,False,False,False,0.027633206411367794,0.05568793733982204,1.0,0.05568793733982204,1.0
2023-05-05,MAFANG,3.0,False,False,False,False,True,False,False,0.007502823394087699,0.021459102672210788,1.0,0.021459102672210788,1.0
2023-05-08,GENCON,1.0,True,True,True,False,False,False,False,0.04846395310798446,0.06623043052837578,1.0,-0.04415362035225052,-1.0
2023-05-08,CPSEETF,3.0,False,False,False,False,True,False,False,0.007469689260009904,-0.0011715089034676218,0.0,-0.008604651162790633,0.0
2023-05-09,MAFANG,2.0,False,False,False,False,True,False,False,0.025169604945856516,0.02161487001439583,1.0,-0.014409913342930554,-1.0
2023-05-10,SKMEGGPROD,2.0,True,True,False,False,False,False,False,0.006807378228025129,0.05942622950819673,1.0,0.07530529172320222,1.0
2023-05-10,CPSEETF,3.0,False,False,False,False,True,False,False,0.006035301513577451,-0.0006984866123399547,0.0,-0.015632795609512706,-1.0
2023-05-11,KIRLOSBROS,2.0,True,True,False,False,False,False,False,0.07162237602597621,0.06405509478672983,1.0,-0.042703396524486556,-1.0
2023-05-11,NEULANDLAB,3.0,True,True,False,False,False,False,False,0.024016879411008496,0.07041129890083914,1.0,0.07041129890083914,1.0
2023-05-15,PARACABLES,1.0,True,True,False,False,False,False,False,0.013538668332798043,-0.04726500265533723,-1.0,-0.04726500265533723,-1.0
2023-05-16,VESUVIUS,1.0,True,True,False,False,False,False,False,0.008771986072837024,0.06088735053492762,1.0,0.06088735053492762,1.0
2023-05-16,KAMATHOTEL,2.0,True,True,False,False,False,False,False,0.013510067685956528,0.016594124047877967,0.0,0.0029522275899087624,0.0
2023-05-16,MPSLTD,3.0,False,True,False,False,False,False,False,0.025838279890557203,-0.04074303618772168,-1.0,-0.04074303618772168,-1.0
2023-05-19,REFEX,1.0,True,True,False,False,False,False,False,0.11341237081690636,0.07914888275169471,1.0,0.07914888275169471,1.0
2023-05-19,AURIONPRO,2.0,True,True,False,False,False,False,False,0.0934987113231891,0.09926711879238678,1.0,0.10460251046025104,1.0
2023-05-19,AXISCADES,3.0,True,True,False,False,False,False,False,0.01674809541774902,0.07690586449780126,1.0,0.07690586449780126,1.0
2023-05-22,NDTV,1.0,True,True,True,True,False,False,False,0.048600812473767796,0.04361816834018465,1.0,0.04994222621645905,1.0
2023-05-22,AURIONPRO,3.0,True,True,True,True,False,False,False,0.048631067836266695,0.09550986318803689,1.0,-0.06894722885176341,-1.0
2023-05-23,ADANIGREEN,1.0,True,True,False,False,False,False,False,0.0359558048690829,-0.03569261442441053,-1.0,-0.03569261442441053,-1.0
2023-05-23,NDTV,2.0,True,True,True,False,False,False,False,0.048735140004638744,0.04305522440071162,1.0,-0.028703482933807745,-1.0
2023-05-23,ADANIPOWER,3.0,True,True,False,False,False,False,False,0.023731536110820795,-0.036571977494167705,-1.0,-0.036571977494167705,-1.0
2023-05-24,PCJEWELLER,1.0,True,True,False,False,False,False,False,0.03174869831458038,0.04233870967741932,1.0,-0.028225806451612878,-1.0
2023-05-24,NDTV,2.0,True,True,False,False,False,False,False,0.03855971629423749,0.044439786185934374,1.0,0.05717983410788863,1.0
2023-05-25,SKMEGGPROD,1.0,True,True,True,False,False,False,False,0.0482724318254828,0.06888586956521742,1.0,-0.04592391304347827,-1.0
2023-05-25,MAFANG,3.0,False,False,False,False,True,False,False,0.007460070121505957,0.02718207982069632,1.0,0.02718207982069632,1.0
2023-05-26,NUCLEUS,2.0,True,True,False,False,False,False,False,0.16023967512889303,0.0604887821927239,1.0,-0.04032585479514927,-1.0
2023-05-29,CENTUM,1.0,True,True,False,False,False,False,False,0.04200290498532233,0.06695534108840046,1.0,0.06695534108840046,1.0
2023-05-29,NDTV,2.0,True,True,True,True,False,False,False,0.04871218371230146,0.04706565950029052,1.0,-0.03137710633352701,-1.0
2023-05-29,MAFANG,3.0,False,False,False,False,True,False,False,0.009729529683723648,0.028834844400882145,1.0,0.020044165109563528,0.0
2023-05-30,NDTV,1.0,True,True,False,False,False,False,False,0.0063692885650414865,-0.0323829169421844,-1.0,-0.0323829169421844,-1.0
2023-05-30,KAMATHOTEL,2.0,True,True,False,False,False,False,False,0.016318205303345046,-0.005245588936576007,0.0,-0.044059540840656705,-1.0
2023-05-30,MAFANG,3.0,False,False,False,False,True,False,False,-0.0008408307903104983,-0.018874720841437955,-1.0,-0.018874720841437955,-1.0
2023-06-02,SKMEGGPROD,1.0,True,True,False,False,False,False,False,0.027091801708353458,0.07041396103896103,1.0,-0.04694264069264069,-1.0
2023-06-05,MIRZAINT,1.0,True,True,False,False,False,False,False,0.008462673918733454,-0.021718602455146452,0.0,-0.029962546816479474,0.0
2023-06-05,PSUBNKBEES,3.0,False,False,False,False,True,False,False,0.004184567277857987,-0.00551754579563013,0.0,-0.013856922155311042,-1.0
2023-06-08,PCJEWELLER,1.0,True,True,False,False,False,False,False,0.05129329438755037,0.0608216970998926,1.0,-0.040547798066595066,-1.0
2023-06-09,SERVOTECH,1.0,True,True,True,True,False,False,False,0.048580981028830905,0.07608240953775361,1.0,0.08786610878661083,1.0
2023-06-12,SERVOTECH,1.0,True,True,True,False,False,False,False,0.04898938720027246,0.07053197848176929,1.0,0.10225763612217809,1.0
2023-06-12,URJA,3.0,True,True,False,False,False,False,False,-0.007905179507113669,-0.046400449943757034,-1.0,-0.046400449943757034,-1.0
2023-06-13,SEPC,1.0,True,True,True,True,False,False,False,0.04759740844875315,0.0797571993224167,1.0,0.079145728643216,0.0
2023-06-13,SERVOTECH,2.0,True,True,False,False,False,False,False,0.03522869188374411,0.06908081957882754,1.0,0.11474358974358978,1.0
2023-06-14,SEPC,1.0,True,True,True,False,False,False,False,0.04423325497682562,0.07928033022254126,1.0,-0.052853553481694175,-1.0
2023-06-14,SERVOTECH,2.0,True,True,True,False,False,False,False,0.04876004414111712,0.06614258606668476,1.0,0.09999999999999987,1.0
2023-06-15,APOLLO,1.0,True,True,False,False,False,False,False,0.0,-0.03318544809228039,-1.0,-0.03318544809228039,-1.0
2023-06-15,AURIONPRO,2.0,True,True,False,False,False,False,False,-0.0032012832461552065,0.07039409851035897,1.0,0.11322645290581157,1.0
2023-06-16,SERVOTECH,1.0,True,True,True,False,False,False,False,0.04824266894633933,0.06447044334975371,1.0,0.095290251916758,1.0
2023-06-19,SERVOTECH,1.0,True,True,True,False,False,False,False,0.04863368189073025,0.06360506962916604,1.0,-0.04240337975277736,-1.0
2023-06-19,SKIPPER,2.0,True,True,False,False,False,False,False,0.05755328057755715,0.0730259817197021,1.0,-0.04868398781313473,-1.0
2023-06-19,APOLLO,3.0,True,True,False,False,False,False,False,0.03791923486229365,0.05447722567287784,1.0,0.0604651162790697,1.0
2023-06-20,SERVOTECH,1.0,True,True,False,False,False,False,False,0.04238571649643852,-0.041918175720992636,-1.0,-0.041918175720992636,-1.0
2023-06-21,APOLLO,1.0,True,True,False,False,False,False,False,0.027043292164090627,0.054158834586466184,1.0,0.054158834586466184,1.0
2023-06-22,APOLLO,1.0,True,True,False,False,False,False,False,0.02068326058982839,0.05474697716077027,1.0,0.07471852610030694,1.0
2023-06-23,APOLLO,1.0,True,True,False,False,False,False,False,0.0447981428998947,0.05538560045532157,1.0,0.10571428571428565,1.0
2023-06-23,AXISCADES,3.0,True,True,True,False,False,False,False,0.048729473007425916,0.06477481503550324,1.0,0.10240564996689461,1.0
2023-06-26,APOLLO,1.0,True,True,True,True,False,False,True,0.048157452980972515,0.056621035510978586,1.0,-0.05244122965641951,-1.0
2023-06-27,APOLLO,1.0,True,True,True,True,False,True,False,0.048531799615611604,-0.037264272797726684,-1.0,-0.037264272797726684,-1.0
2023-06-27,AXISCADES,2.0,True,True,True,True,False,False,False,0.04871509191234935,0.05980406876360634,1.0,-0.03986937917573756,-1.0
2023-06-28,PATELENG,1.0,True,True,True,True,False,False,False,0.048391470652120905,0.056469046085916665,1.0,-0.03764603072394444,-1.0
2023-06-28,APOLLO,2.0,True,True,False,False,False,False,True,-0.01825344030935039,-0.03691399040236249,-1.0,-0.08070175438596494,-1.0
2023-06-28,AXISCADES,3.0,True,True,False,False,False,False,False,0.014706147389695445,-0.038130988130988135,-1.0,-0.038130988130988135,-1.0
2023-06-30,PATELENG,1.0,True,True,False,False,False,False,False,0.0073349962115658585,-0.036481156879929894,-1.0,-0.036481156879929894,-1.0
2023-07-03,SUZLON,1.0,True,True,False,False,False,False,False,0.037960762239222845,0.07684948979591837,1.0,-0.005730659025787843,0.0
2023-07-03,MIRZAINT,2.0,True,True,False,False,False,False,False,0.02312241742085419,-0.02666388192703984,-1.0,-0.02666388192703984,-1.0
2023-07-04,HPL,1.0,True,True,False,False,False,False,False,0.030127536261230325,0.0861351301628185,1.0,0.0861351301628185,1.0
2023-07-07,SBC,1.0,True,True,False,False,False,False,False,0.028573372444056222,-0.011148272017837413,0.0,-0.04005414874980092,-1.0
2023-07-07,PCJEWELLER,3.0,True,True,False,False,False,False,False,0.06516963507458096,0.042929292929292914,1.0,-0.028619528619528607,-1.0
2023-07-10,REFEX,1.0,True,True,False,False,False,False,False,0.03985887526811105,0.06126259632483698,1.0,0.06126259632483698,1.0
2023-07-12,PATELENG,1.0,True,True,False,False,False,False,False,0.03704127168034921,0.0710512129380054,1.0,-0.0473674752920036,-1.0
2023-07-12,PCJEWELLER,2.0,True,True,True,False,False,False,False,0.0492966215112276,-0.03286474164133738,-1.0,-0.03286474164133738,-1.0
2023-07-13,TRIGYN,1.0,True,True,False,False,False,False,False,0.0304205967007114,0.054812465526751224,1.0,-0.036541643684500816,-1.0
2023-07-13,LAMBODHARA,2.0,True,True,False,False,False,False,False,0.03685509238915419,0.05715504631886889,1.0,0.05715504631886889,1.0
2023-07-14,PATELENG,1.0,True,True,True,True,False,False,True,0.04834441750922869,0.06992043564743863,1.0,-0.05458895171813827,-1.0
2023-07-14,MAFANG,2.0,False,False,False,False,True,False,False,-0.0029188130408108748,0.024653211491683674,1.0,0.024653211491683674,1.0
2023-07-17,PATELENG,1.0,True,True,False,False,False,True,False,0.04715250172151908,-0.04590505188591314,-1.0,-0.04590505188591314,-1.0
2023-07-18,MAFANG,3.0,False,False,False,False,True,False,False,0.005317141277619619,0.021363290175171377,1.0,0.021363290175171377,1.0
2023-07-19,MAFANG,2.0,False,False,False,False,True,False,False,0.00014791805366787258,-0.015120456466610315,-1.0,-0.015120456466610315,-1.0
2023-07-20,MIRZAINT,1.0,True,True,False,False,False,False,False,0.012967762769010793,-0.03442340791738381,-1.0,-0.03442340791738381,-1.0
2023-07-20,DODLA,3.0,True,True,False,False,False,False,False,0.04899878669981739,0.044200491116567986,1.0,-0.029466994077711993,-1.0
2023-07-24,SEPC,1.0,True,True,False,False,False,False,False,0.04337193215352775,0.07171352583586628,1.0,0.09932088285229201,1.0
2023-07-25,SEPC,1.0,False,True,True,False,False,False,False,0.04806227380610428,0.06494057724957555,1.0,-0.04329371816638371,-1.0
2023-07-26,REFEX,1.0,True,True,False,False,False,False,False,0.037716199328863276,0.0837249883666822,1.0,-0.05581665891112147,-1.0
2023-07-27,PHARMABEES,2.0,False,False,True,False,True,False,False,0.049010452748360134,0.025280898876404494,1.0,-0.016853932584269662,-1.0
2023-07-31,LLOYDSENGG,1.0,True,True,False,False,False,False,False,0.02892919636888225,0.08759024283526581,1.0,-0.05839349522351054,-1.0
2023-07-31,REFEX,3.0,True,True,True,False,False,False,False,0.048776079761575275,0.07808340727595386,1.0,-0.05205560485063591,-1.0
2023-08-01,PARACABLES,1.0,True,True,True,False,False,False,False,0.048046733488692706,0.0731864174241125,1.0,-0.04879094494940833,-1.0
2023-08-01,REFEX,2.0,True,True,False,False,False,False,False,0.03894982056053742,-0.049154929577464784,-1.0,-0.049154929577464784,-1.0
2023-08-03,SKMEGGPROD,2.0,True,True,True,True,False,False,False,0.0490637994153591,0.0763161945812808,1.0,0.085499316005472,1.0
2023-08-04,SKMEGGPROD,1.0,True,True,True,False,False,False,False,0.04872501971157295,0.07255227672464336,1.0,-0.04836818448309557,-1.0
2023-08-07,PARACABLES,1.0,True,True,True,False,False,False,False,0.0479439087987199,0.0727720555306762,1.0,-0.048514703687117466,-1.0
2023-08-07,PATELENG,2.0,True,True,False,False,False,False,False,0.0028461088535047807,-0.04774022801302935,-1.0,-0.04774022801302935,-1.0
2023-08-07,ZENTEC,3.0,True,True,False,False,False,False,False,0.08809744823404575,0.06227574381608613,1.0,0.06227574381608613,1.0
2023-08-08,BANCOINDIA,1.0,True,True,False,False,False,False,False,0.009925639799970298,0.05926255789098683,1.0,0.05926255789098683,1.0
2023-08-08,JWL,2.0,True,True,True,True,False,False,False,0.04879016416943216,0.08366799509503371,1.0,0.1077048845289188,1.0
2023-08-08,ZENTEC,3.0,True,True,False,False,False,False,False,0.010319732406855131,0.06288851253824984,1.0,0.06288851253824984,1.0
2023-08-09,JWL,1.0,True,True,True,False,False,False,False,0.048663639178144535,0.07716563020057808,1.0,-0.05144375346705205,-1.0
2023-08-09,20MICRONS,2.0,True,True,True,True,False,False,False,0.01939241026816685,0.02047174009790842,0.0,0.0008729812309036244,0.0
2023-08-09,HCC,3.0,True,True,False,False,False,False,False,-0.012883455706187874,0.08360763660302828,1.0,0.08360763660302828,1.0
2023-08-10,20MICRONS,1.0,True,True,True,False,False,False,False,0.019451661494621852,-0.01920558707987785,0.0,-0.03809931506849318,-1.0
2023-08-10,FORCEMOT,2.0,True,True,True,False,False,False,False,0.09530718946759897,0.059361886592076356,1.0,-0.03957459106138424,-1.0
2023-08-10,SKMEGGPROD,3.0,True,True,False,False,False,False,False,0.03568673513103349,0.06974814940866161,1.0,-0.04649876627244108,-1.0
2023-08-14,GVT&D,1.0,True,True,True,False,False,False,False,0.04874691250964336,0.06690346438302838,1.0,-0.00028835063437149255,0.0
2023-08-16,PARACABLES,1.0,True,True,True,False,False,False,False,0.048256973007772874,0.07416044776119404,1.0,-0.0494402985074627,-1.0
2023-08-16,AXISCADES,2.0,True,True,False,False,False,False,False,0.0,-0.0504571329998275,-1.0,-0.0504571329998275,-1.0
2023-08-16,SAKSOFT,3.0,True,True,True,False,False,False,False,0.04866063887943817,0.05105556275093898,1.0,-0.03403704183395932,-1.0
2023-08-17,PARACABLES,1.0,True,True,False,False,False,False,False,0.013245226750020933,-0.04673015873015874,-1.0,-0.04673015873015874,-1.0
2023-08-17,SAKSOFT,2.0,True,True,False,False,False,False,False,0.04094633912075096,-0.03430792005921538,-1.0,-0.03430792005921538,-1.0
2023-08-17,PATELENG,3.0,True,True,False,False,False,False,False,0.007981480885857817,-0.015281401416324836,0.0,-0.046682817741334356,-1.0
2023-08-18,PSUBNKBEES,2.0,False,False,False,False,True,False,False,0.006037607200198636,-0.014846649736276585,0.0,-0.021223453241425497,-1.0
2023-08-21,SKMEGGPROD,2.0,True,True,False,False,False,False,False,0.029971143509930798,0.08232532392980155,1.0,0.10027855153203347,1.0
2023-08-22,MIRZAINT,1.0,True,True,True,False,False,False,False,0.04817685534922633,-0.04054261189454325,-1.0,-0.04054261189454325,-1.0
2023-08-22,SUZLON,2.0,True,True,False,False,False,False,False,0.007168489478612372,0.05832476875642342,1.0,0.08333333333333326,1.0
2023-08-22,WEBELSOLAR,3.0,False,True,False,False,False,False,False,0.016260520871780315,-0.05386416861826699,-1.0,-0.05386416861826699,-1.0
2023-08-23,SUZLON,1.0,True,True,False,False,False,False,False,0.040364223855360315,0.055655442955214116,1.0,-0.03710362863680941,-1.0
2023-08-23,SKMEGGPROD,3.0,True,True,False,False,False,False,False,0.034250805149937946,0.07508701672966803,1.0,-0.05005801115311202,-1.0
2023-08-24,ONEPOINT,1.0,True,False,True,True,False,False,False,0.019521471745020058,0.03667434715821814,1.0,0.03866432337434089,1.0
2023-08-24,JWL,2.0,True,True,False,False,False,False,False,0.030550444198425453,0.06694799270072992,1.0,0.06917404129793514,1.0
2023-08-25,INDSWFTLAB,1.0,True,True,False,False,False,False,False,0.03374693242527638,-0.05005963424330771,-1.0,-0.05005963424330771,-1.0
2023-08-25,20MICRONS,2.0,True,True,True,True,False,False,False,0.019418085857101808,0.024042950513538747,1.0,-0.0160286336756925,-1.0
2023-08-25,JWL,3.0,True,True,True,True,False,False,False,0.0487625745376139,0.06567621254759144,1.0,-0.04378414169839429,-1.0
2023-08-28,20MICRONS,1.0,True,True,True,False,False,False,False,0.01946739430611366,-0.015567765567765568,-1.0,-0.015567765567765568,-1.0
2023-08-28,JWL,2.0,True,True,True,False,False,False,False,0.04873104096651382,-0.04302071221646335,-1.0,-0.04302071221646335,-1.0
2023-08-28,ONEPOINT,3.0,True,True,True,True,False,False,False,0.018787913865633055,0.03232758620689658,1.0,0.03891708967851093,1.0
2023-08-29,ONEPOINT,1.0,True,False,True,True,False,False,False,0.01844142790272274,0.03045685279187819,1.0,0.039867109634551534,1.0
2023-08-29,PARACABLES,2.0,True,True,False,False,False,False,False,0.03367874768656787,0.08485499462943075,1.0,-0.056569996419620495,-1.0
2023-08-29,SKMEGGPROD,3.0,True,True,False,False,False,False,False,0.025602116973212574,0.0721435070843624,1.0,0.0736141906873613,1.0
2023-08-30,ONEPOINT,1.0,True,False,True,True,False,False,False,0.01973748283832144,0.026874703369719997,1.0,-0.017916468913146664,-1.0
2023-08-30,SKMEGGPROD,2.0,True,True,True,False,False,False,False,0.04888310529129836,0.07024351705548842,1.0,0.10243700950020651,1.0
2023-08-30,SUZLON,3.0,True,True,False,False,False,False,False,0.02483413203773832,-0.0374412821221332,-1.0,-0.0374412821221332,-1.0
2023-08-31,SKMEGGPROD,1.0,True,True,True,False,False,False,False,0.04877049481134055,0.06846344485749689,1.0,0.10228166797797011,1.0
2023-08-31,ONEPOINT,2.0,True,True,True,False,False,False,False,0.019355442952956103,-0.017682643089809227,-1.0,-0.017682643089809227,-1.0
2023-09-01,SKMEGGPROD,1.0,True,True,True,True,False,False,False,0.048752697655124244,0.06676407777902663,1.0,-0.044509385186017755,-1.0
2023-09-04,SKMEGGPROD,1.0,True,True,True,False,False,False,False,0.04862957749242902,-0.04174918374993309,-1.0,-0.04174918374993309,-1.0
2023-09-05,MMTC,2.0,True,True,False,False,False,False,False,0.0533150587677218,0.07151360544217689,1.0,-0.047675736961451255,-1.0
2023-09-05,PARACABLES,3.0,True,True,False,False,False,False,False,0.0437592988562896,0.07741254196902417,1.0,0.10159651669085634,1.0
2023-09-06,PARACABLES,1.0,True,True,False,False,False,False,True,0.039665256392431125,0.0747058216350124,1.0,-0.09236111111111123,-1.0
2023-09-07,AURIONPRO,1.0,True,True,True,False,False,False,False,0.048689876033820134,-0.04419013677072969,-1.0,-0.04419013677072969,-1.0
2023-09-07,APOLLO,2.0,True,True,False,False,False,False,False,0.04255961441879563,-0.03373523322372426,-1.0,-0.03373523322372426,-1.0
2023-09-07,PARACABLES,3.0,True,True,False,False,False,False,False,0.04376329438529236,-0.046603087208730715,-1.0,-0.046603087208730715,-1.0
2023-09-08,ONEPOINT,1.0,True,True,False,False,False,True,False,0.009600073729019165,-0.019522278364722086,-1.0,-0.019522278364722086,-1.0
2023-09-08,WEBELSOLAR,3.0,False,True,False,False,False,False,False,0.044124804908937776,0.06766917293233085,1.0,0.06766917293233085,1.0
2023-09-11,WEBELSOLAR,1.0,False,True,True,False,False,False,False,0.049132688577644856,0.06551901336074001,1.0,-0.043679342240493337,-1.0
2023-09-11,NIITLTD,2.0,True,True,False,False,False,False,False,0.054200456897679494,0.04204339963833639,1.0,0.04204339963833639,1.0
2023-09-11,SJVN,3.0,True,True,False,False,False,False,False,0.0395712126186023,-0.044038318452380945,-1.0,-0.044038318452380945,-1.0
2023-09-13,PHARMABEES,1.0,False,False,False,False,True,False,False,0.006349227678658753,-0.009554140127388422,0.0,-0.015822784810126556,0.0
2023-09-14,LLOYDSENGG,1.0,True,True,False,False,False,False,False,0.042648713184837206,-0.048783747661053194,-1.0,-0.048783747661053194,-1.0
2023-09-14,REFEX,2.0,False,True,False,False,False,False,False,0.008817103410148519,-0.023985239852398532,0.0,-0.039720611491829226,-1.0
2023-09-15,DHANBANK,1.0,True,True,False,False,False,False,False,-0.04567791032197066,-0.04789986761343123,-1.0,-0.04789986761343123,-1.0
2023-09-15,GMRP&UI,2.0,True,True,False,False,False,False,False,0.02929324858948723,0.10790725326991676,1.0,0.10790725326991676,1.0
2023-09-18,GVT&D,2.0,True,True,False,False,False,False,False,0.014622518867541956,-0.05056563730868149,-1.0,-0.05056563730868149,-1.0
2023-09-29,CENTUM,1.0,True,True,False,False,False,False,False,0.0,-0.007155449548895687,0.0,-0.007155449548895687,0.0
2023-10-03,HLVLTD,1.0,True,True,False,False,False,False,False,0.02643325706815558,0.08107461734693878,1.0,-0.05404974489795919,-1.0
2023-10-04,APOLLO,1.0,True,True,False,False,False,False,False,0.04358315596158313,0.06731402238314678,1.0,0.06731402238314678,1.0
2023-10-05,AXISCADES,1.0,True,True,True,True,False,False,False,0.048730940410664836,0.07123723879679106,1.0,0.01658314350797263,0.0
2023-10-05,MIRZAINT,2.0,True,True,True,False,False,False,False,0.04874061138331687,0.043370001486546794,1.0,-0.02891333432436453,-1.0
2023-10-05,SUZLON,3.0,True,True,False,False,False,False,False,-0.022280270391665802,-0.039346246973365626,-1.0,-0.039346246973365626,-1.0
2023-10-06,AXISCADES,1.0,True,True,False,False,False,False,False,0.00018221574394416962,-0.005375854214123121,0.0,-0.005557073881752861,0.0
2023-10-06,PCJEWELLER,2.0,True,True,False,False,False,False,False,0.0,-0.02688455455983132,-1.0,-0.02688455455983132,-1.0
2023-10-06,SEPC,3.0,True,True,False,False,False,False,False,-0.003853569315990235,-0.033296703296703284,-1.0,-0.033296703296703284,-1.0
2023-10-09,UFO,1.0,True,True,False,False,False,False,False,0.016535968640099874,-0.03935978620809854,-1.0,-0.03935978620809854,-1.0
2023-10-10,LLOYDSENGG,3.0,True,True,False,False,False,False,False,0.02184793952586972,0.05843911359724615,1.0,0.05843911359724615,1.0
2023-10-12,OMAXE,3.0,True,True,False,False,False,False,False,0.024825883730702714,-0.0713895394223263,-1.0,-0.0713895394223263,-1.0
2023-10-13,ITI,1.0,True,True,False,False,False,False,False,-0.0024005181871835646,0.08552458238920801,1.0,0.08552458238920801,1.0
2023-10-13,GFLLIMITED,3.0,True,True,False,False,False,False,False,0.043553460301601454,0.07655870976201404,1.0,-0.05103913984134269,-1.0
2023-10-16,REFEX,1.0,True,True,False,False,False,False,False,0.03917722007954616,0.05645899520758174,1.0,0.05980427691192469,1.0
2023-10-16,SERVOTECH,2.0,True,True,True,False,False,False,False,0.048730712904588636,-0.04066345639379347,-1.0,-0.04066345639379347,-1.0
2023-10-16,STCINDIA,3.0,True,True,False,False,False,False,False,0.05712232643625281,0.0797220804528372,1.0,0.0797220804528372,1.0
2023-10-18,RTNPOWER,1.0,True,True,False,False,False,False,False,0.006872879287762146,0.0561576354679803,1.0,0.08904109589041109,1.0
2023-10-18,NUCLEUS,2.0,True,True,False,False,False,False,False,0.029426533907588315,0.05950528809406358,1.0,0.05950528809406358,1.0
2023-10-18,SUZLON,3.0,True,True,False,False,False,False,False,0.001614205354541376,0.06110085391183936,1.0,0.06110085391183936,1.0
2023-10-19,SHAKTIPUMP,1.0,True,True,False,False,False,False,False,0.06484236476172445,0.0667689279925909,1.0,-0.04451261866172727,-1.0
2023-10-19,NUCLEUS,2.0,True,True,True,False,False,False,False,0.048777022356124355,-0.04068185850302589,-1.0,-0.04068185850302589,-1.0
2023-10-19,RUSHIL,3.0,True,True,False,False,False,False,False,0.01561422780155075,-0.036991620682607806,-1.0,-0.036991620682607806,-1.0
2023-10-20,BBTC,1.0,True,True,False,False,False,False,False,0.038564657218604914,-0.03353247302303109,-1.0,-0.03353247302303109,-1.0
2023-10-27,JBMA,1.0,True,True,False,False,False,False,False,0.025954417138049912,-0.022514379622021408,0.0,-0.03742810188989319,-1.0
2023-10-27,TALBROAUTO,2.0,True,True,False,False,False,False,False,0.04490986955979093,-0.05319148936170212,-1.0,-0.05319148936170212,-1.0
2023-10-30,THOMASCOOK,2.0,True,True,False,False,False,False,False,-0.004987541511039417,0.06560603575528948,1.0,0.06560603575528948,1.0
2023-10-31,APOLLO,1.0,True,True,False,False,False,False,False,0.011963166058275299,0.09923022819631142,1.0,0.09923022819631142,1.0
2023-10-31,FACT,2.0,True,True,False,False,False,False,False,0.024755517794669224,-0.06084253686925467,0.0,-0.07554300074636032,-1.0
2023-10-31,INDRAMEDCO,3.0,True,True,True,False,False,False,False,0.04856037155625348,0.05819188350853011,1.0,0.06291295604711289,1.0
2023-11-01,SEPC,1.0,True,True,False,False,False,False,False,0.02197890671877545,0.12190476190476188,1.0,0.12190476190476188,1.0
2023-11-02,GREENPOWER,1.0,True,True,False,False,False,False,False,0.024382441720227632,0.057778608825729244,1.0,0.07445255474452561,1.0
2023-11-02,SEPC,2.0,True,True,False,False,False,False,False,0.03568267559857041,0.1148731440103791,1.0,0.1148731440103791,1.0
2023-11-02,PARACABLES,3.0,True,True,True,False,False,False,False,0.0487511633699107,0.07476307476307475,1.0,0.03120124804992197,0.0
2023-11-03,SEPC,1.0,True,True,False,False,False,False,False,0.026740773040442534,0.00413412953605885,0.0,-0.07333158343723341,-1.0
2023-11-03,GREENPOWER,2.0,True,True,True,False,False,False,False,0.04872223169428613,0.05723965763195436,1.0,0.06861413043478248,1.0
2023-11-06,SUZLON,1.0,True,True,False,False,False,False,False,0.028788828477168682,0.07495529505265248,1.0,-0.049970196701768325,-1.0
2023-11-06,GREENPOWER,2.0,True,True,True,False,False,False,False,0.04580953603129423,0.057574728260869595,1.0,-0.03838315217391306,-1.0
2023-11-08,GREENPOWER,1.0,True,True,False,False,False,False,False,0.01731367391091032,0.062234337460728165,1.0,0.062234337460728165,1.0
2023-11-09,KPIGREEN,1.0,True,True,False,False,False,False,False,0.03315220731689994,0.05587881219903697,1.0,0.05587881219903697,1.0
2023-11-09,GREENPOWER,2.0,True,True,False,False,False,False,False,0.02499368138686542,-0.041049382716049396,-1.0,-0.041049382716049396,-1.0
2023-11-09,63MOONS,3.0,True,True,True,False,False,False,False,0.048698118196587536,0.06480156638301071,1.0,0.09690376569037662,1.0
2023-11-10,KPIGREEN,1.0,True,True,False,False,False,False,False,0.030391105570167554,0.05729942540966168,1.0,-0.03819961693977445,-1.0
2023-11-10,IFGLEXPOR,2.0,True,True,False,False,False,False,False,0.04650601013072997,0.09383872174659413,1.0,0.09383872174659413,1.0
2023-11-12,63MOONS,2.0,True,True,False,False,False,False,False,0.04382084116201668,0.05738880918220942,1.0,-0.03825920612147295,-1.0
2023-11-12,ASHAPURMIN,3.0,True,True,False,False,False,False,False,0.009455614144265212,-0.04173416225209052,-1.0,-0.04173416225209052,-1.0
2023-11-13,GREENPOWER,1.0,True,True,True,True,False,False,False,0.048574670148556987,0.0628434065934066,1.0,0.0628434065934066,1.0
2023-11-13,MSPL,2.0,True,True,True,False,False,False,False,0.04737728101101135,0.03350019252984215,1.0,-0.02233346168656143,-1.0
2023-11-15,GREENPOWER,1.0,True,True,True,True,False,False,False,0.04837957085633482,0.06038331280788179,1.0,0.10215605749486634,1.0
2023-11-15,APOLLO,2.0,True,True,False,False,False,False,False,0.048290289127780106,0.10127971728421505,1.0,0.13178571428571417,1.0
2023-11-15,LLOYDSENGG,3.0,True,True,False,False,False,False,False,0.004289806387904882,-0.02937664198710288,0.0,-0.036729332287010835,-1.0
2023-11-16,MSPL,1.0,True,True,True,True,False,False,False,0.0478560211776351,0.03623949579831934,1.0,0.0490654205607477,1.0
2023-11-16,GREENPOWER,2.0,True,True,False,False,False,False,False,0.007161155922827955,0.06110662951012029,1.0,0.09429153924566758,1.0
2023-11-16,GMRP&UI,3.0,True,True,True,True,False,False,False,0.048435617099594985,-0.04067706487061327,-1.0,-0.04067706487061327,-1.0
2023-11-17,MSPL,1.0,True,True,True,False,False,False,False,0.04789969216045753,0.03780040053404542,1.0,-0.025200267022696943,-1.0
2023-11-17,GMRP&UI,2.0,True,True,False,False,False,False,False,0.004716989878139177,-0.03942924687605539,-1.0,-0.03942924687605539,-1.0
2023-11-17,63MOONS,3.0,True,True,False,False,False,False,False,0.03761271592333415,0.05350990525409124,1.0,0.05350990525409124,1.0
2023-11-20,MSPL,1.0,True,True,False,False,False,False,False,0.024203601740886427,0.041282214444797974,1.0,-0.01521739130434785,0.0
2023-11-20,JWL,3.0,True,True,True,False,False,False,False,0.04867999257706579,-0.030539948773031483,-1.0,-0.030539948773031483,-1.0
2023-11-21,MSPL,1.0,True,True,False,False,False,True,False,-0.019293202934679066,-0.028510767364270554,-1.0,-0.030303030303030387,-1.0
2023-11-21,63MOONS,2.0,True,True,True,False,False,False,False,0.048672334346568036,0.05497367588785737,1.0,0.061771272637062724,1.0
2023-11-21,HUBTOWN,3.0,True,True,True,False,False,False,False,0.04866180270336784,0.06050250288794767,1.0,-0.04033500192529845,-1.0
2023-11-22,63MOONS,1.0,True,True,True,False,False,False,False,0.0487783508901245,0.05563135698337879,1.0,-0.03708757132225252,-1.0
2023-11-23,63MOONS,1.0,True,True,False,False,False,False,False,0.011160174568551895,-0.03925407138638088,-1.0,-0.03925407138638088,-1.0
2023-11-23,ASHAPURMIN,2.0,True,True,False,False,False,False,False,0.009818155680645368,0.06120450211425253,1.0,0.06120450211425253,1.0
2023-11-23,GMRP&UI,3.0,True,True,False,False,False,False,False,0.02474816968919402,-0.04425642694435405,-1.0,-0.04425642694435405,-1.0
2023-11-24,NIACL,1.0,True,True,False,False,False,False,False,0.019427287139760274,0.06464456596035542,1.0,-0.04309637730690361,-1.0
2023-11-24,MSPL,2.0,True,True,True,False,False,False,False,0.019293202934679066,-0.031230674087816972,-1.0,-0.031230674087816972,-1.0
2023-11-24,GREENPOWER,3.0,True,True,False,False,False,False,False,0.03660357669526748,-0.05487763769972359,-1.0,-0.05487763769972359,-1.0
2023-11-28,BANKBEES,2.0,False,False,False,False,True,False,False,0.000581460376440468,0.011801964757089823,1.0,0.011801964757089823,1.0
2023-11-28,BPL,3.0,True,True,False,False,False,False,False,0.017539346366803876,-0.03347195042400519,-1.0,-0.03533370723499729,-1.0
2023-11-29,63MOONS,1.0,True,True,True,False,False,False,False,0.048729190418612234,0.0689592098042802,1.0,0.0689592098042802,1.0
2023-11-29,ICICIB22,2.0,False,False,False,False,True,False,False,0.005766594894336841,0.02949998203958474,1.0,0.03750000000000009,1.0
2023-11-29,PSUBNKBEES,3.0,False,False,False,False,True,False,False,0.00017681902618793544,0.026828344069723415,1.0,0.026828344069723415,1.0
2023-11-30,63MOONS,1.0,True,True,False,False,False,False,False,0.0456881841714285,0.06782447735191635,1.0,-0.0452163182346109,-1.0
2023-11-30,ICICIB22,2.0,False,False,False,False,True,False,False,0.02932689227985108,0.02948873684774646,1.0,-0.01965915789849764,-1.0
2023-12-04,63MOONS,1.0,True,True,True,False,False,False,False,0.04875937646603834,0.06800459169536474,1.0,0.10239268121041523,1.0
2023-12-04,STCINDIA,2.0,True,True,True,False,False,False,False,0.04852282022986376,0.04867396036201171,1.0,-0.032449306908007805,-1.0
2023-12-05,MSPL,1.0,True,True,True,False,False,True,True,0.019251931499321362,-0.031626041345263825,-1.0,-0.04025423728813571,-1.0
2023-12-05,WEBELSOLAR,2.0,True,True,False,False,False,False,False,0.027524673390090015,0.06029900332225912,1.0,-0.040199335548172746,-1.0
2023-12-05,63MOONS,3.0,True,True,False,False,False,False,False,0.04371716610671417,0.06561651754297776,1.0,0.107948804311216,1.0
2023-12-06,FACT,1.0,True,True,False,False,False,False,False,0.020571597576851453,-0.032841681747105445,-1.0,-0.032841681747105445,-1.0
2023-12-06,HLVLTD,2.0,True,True,False,False,False,False,False,0.0323529644517655,0.0791655153357281,1.0,0.0791655153357281,1.0
2023-12-06,63MOONS,3.0,True,True,True,True,False,False,False,0.04872632962854073,0.06381355323630791,1.0,0.1023779125438875,1.0
2023-12-07,63MOONS,1.0,True,True,True,True,False,False,False,0.048744565573860754,0.06316401440882768,1.0,-0.042109342939218454,-1.0
2023-12-07,MMTC,2.0,True,True,False,False,False,False,False,0.029166892985292847,0.04814221652786675,1.0,0.04814221652786675,1.0
2023-12-07,WEBELSOLAR,3.0,True,True,False,False,False,False,False,0.029852963149681333,0.062152133580704996,1.0,0.062152133580704996,1.0
2023-12-08,63MOONS,1.0,True,True,True,False,False,False,False,0.048725019711573836,-0.04170738062666927,-1.0,-0.04170738062666927,-1.0
2023-12-08,PARACABLES,2.0,True,True,False,False,False,False,False,0.04767889860153662,0.05567992503123697,1.0,0.07018763029881847,1.0
2023-12-11,REFEX,1.0,True,True,False,False,False,False,False,0.016568426347232545,-0.028298670303443563,-1.0,-0.028298670303443563,-1.0
2023-12-11,LLOYDSENGG,2.0,True,True,False,False,False,False,False,0.01565496867261329,-0.014821898159215863,0.0,-0.03953075373108843,-1.0
2023-12-11,GMRP&UI,3.0,True,True,True,False,False,False,False,0.048271919593511736,0.07492581602373886,1.0,-0.04995054401582591,-1.0
2023-12-12,GTLINFRA,1.0,True,True,True,False,False,False,False,0.0377403279828471,0.0782967032967033,1.0,0.11111111111111094,1.0
2023-12-12,BPL,2.0,True,True,True,True,False,False,False,0.01925942225759858,0.026517383618149676,1.0,-0.01767825574543312,-1.0
2023-12-13,HPL,1.0,True,True,False,False,False,False,False,0.0351381490795708,0.05083101597361444,1.0,-0.033887343982409626,-1.0
2023-12-13,MSPL,2.0,True,False,False,False,False,False,False,0.0,0.033571428571428606,1.0,0.040000000000000036,1.0
2023-12-14,AUTOBEES,1.0,False,False,False,False,True,False,False,0.001420532392074847,-0.014836366476607049,-1.0,-0.014836366476607049,-1.0
2023-12-14,MAFANG,2.0,False,False,False,False,True,False,False,0.00014049877086730334,0.014191372769425392,0.0,0.014048890137679182,0.0
2023-12-15,AUTOBEES,1.0,False,False,False,False,True,False,False,0.0010879026312311524,-0.015806496757841047,-1.0,-0.015806496757841047,-1.0
2023-12-15,ICICIB22,3.0,False,False,False,False,True,False,False,0.016376459120301057,-0.023900450891352808,-1.0,-0.023900450891352808,-1.0
2023-12-18,GTLINFRA,1.0,True,True,True,False,False,False,False,0.03278982282299092,-0.04523809523809522,-1.0,-0.04523809523809522,-1.0
2023-12-18,WEBELSOLAR,2.0,True,True,False,False,False,False,False,0.07571182173569646,0.07423756019261638,1.0,-0.049491706795077584,-1.0
2023-12-18,MSPL,3.0,True,True,True,False,False,False,False,0.019007964045176795,0.02901309777642399,1.0,-0.01934206518428266,-1.0
2023-12-19,GTLINFRA,1.0,True,True,False,False,False,True,True,0.0,-0.04608294930875575,-1.0,-0.06451612903225812,-1.0
2023-12-19,PARACABLES,2.0,True,True,True,False,False,False,False,0.04846018561504373,-0.04214780600461893,-1.0,-0.04214780600461893,-1.0
2023-12-19,MSPL,3.0,True,True,False,False,False,False,False,0.014538158446026905,0.031156604901374778,1.0,0.0453608247422681,1.0
2023-12-20,MAFANG,1.0,False,False,False,False,True,False,False,0.0,0.01735147140477511,0.0,0.01735147140477511,0.0
2023-12-20,AUTOBEES,3.0,False,False,False,False,True,False,False,0.006523034865333344,0.027447940805139605,1.0,-0.018298627203426402,-1.0
2023-12-21,MSPL,1.0,False,False,True,True,False,False,False,0.018576385572935283,0.029241071428571436,1.0,0.036809815950920255,1.0
2023-12-21,MAFANG,3.0,False,False,False,False,True,False,False,0.011159446248897531,0.011499030202272165,0.0,0.0002740101383753579,0.0
2023-12-22,MSPL,1.0,True,False,True,True,False,False,False,0.018237587549780887,0.02848378615249781,1.0,-0.02208835341365456,-1.0
2023-12-22,AXISCADES,2.0,True,True,False,False,False,False,False,0.0220513678615184,-0.052687830687830714,-1.0,-0.052687830687830714,-1.0
2023-12-22,PARACABLES,3.0,True,True,False,False,False,False,False,0.025724891238436243,-0.047851713975492476,-1.0,-0.047851713975492476,-1.0
2023-12-26,MSPL,1.0,True,False,True,True,False,False,False,0.01791092656653026,0.027969018932874356,1.0,-0.018646012621916237,-1.0
2023-12-26,AUTOBEES,2.0,False,False,False,False,True,False,False,-5.4859149147823416e-05,0.027495435060304208,1.0,0.027495435060304208,1.0
2023-12-26,MAFANG,3.0,False,False,False,False,True,False,False,0.00013765572325397102,0.024617487413467518,1.0,0.025464556090846413,1.0
2023-12-27,MSPL,1.0,True,False,False,False,False,False,False,0.00981362144832465,-0.018315018315018316,-1.0,-0.018315018315018316,-1.0
2023-12-27,BBOX,2.0,True,True,True,True,False,False,False,0.048772133318645494,0.0567763834045546,1.0,0.10241615578795527,1.0
2023-12-27,AUTOBEES,3.0,False,False,False,False,True,False,False,-5.4160912083212054e-05,0.02768514793265657,1.0,0.02768514793265657,1.0
2023-12-28,BBOX,1.0,True,True,True,True,False,False,False,0.04873864566139652,0.05726134665911084,1.0,-0.01081916537867067,0.0
2023-12-28,AUTOBEES,2.0,False,False,False,False,True,False,False,0.0024093171874195463,0.02740743576980509,1.0,0.04010695187165769,1.0
2023-12-28,CUPID,3.0,True,True,True,True,False,False,False,0.050353886145614535,0.06639839034205232,1.0,-0.044265593561368215,-1.0
2023-12-29,CUPID,1.0,True,True,True,False,False,False,False,0.04793946228911938,-0.042410714285714295,-1.0,-0.042410714285714295,-1.0
2023-12-29,BBOX,2.0,True,True,True,False,False,False,False,0.04876563061366035,-0.0365422830646942,-1.0,-0.0365422830646942,-1.0
2023-12-29,AUTOBEES,3.0,False,False,False,False,True,False,False,0.029637982754130654,0.024944391483952947,1.0,-0.016629594322635298,-1.0
2024-01-01,MSPL,1.0,True,False,False,False,False,False,False,-0.004040409537005019,-0.019729262672811054,-1.0,-0.03238866396761142,-1.0
2024-01-01,AUTOBEES,3.0,False,False,False,False,True,False,False,0.0038541796872353373,-0.017207242609273914,-1.0,-0.017207242609273914,-1.0
2024-01-02,GVT&D,2.0,True,True,False,False,False,False,False,0.0442401862086097,0.06485724583580052,1.0,-0.04323816389053368,-1.0
2024-01-03,SCHAND,1.0,True,True,False,False,False,False,False,0.028360559999760504,-0.04316363017197342,-1.0,-0.04316363017197342,-1.0
2024-01-03,GVT&D,2.0,True,True,False,False,False,False,False,0.027760753590115428,-0.0413111176499436,-1.0,-0.0413111176499436,-1.0
2024-01-04,GTLINFRA,1.0,True,True,True,True,False,False,False,0.03278982282299092,0.060714285714285735,1.0,0.06451612903225801,1.0
2024-01-05,GTLINFRA,1.0,True,True,True,True,False,False,False,0.031748698314580326,0.05875576036866361,1.0,0.0625,1.0
2024-01-08,RTNPOWER,1.0,True,True,True,False,False,False,False,0.04485056616535177,0.06143512450851904,1.0,-0.04095674967234603,-1.0
2024-01-08,GTLINFRA,2.0,True,True,True,True,False,False,False,0.03077165866675352,0.05691964285714288,1.0,0.06060606060606055,1.0
2024-01-08,CUPID,3.0,True,True,True,True,False,False,False,0.04948005726336957,0.06327639751552795,1.0,0.10344827586206895,1.0
2024-01-09,REFEX,1.0,True,True,True,False,False,False,False,0.04858797872793286,0.05384021613276725,1.0,-0.006617647058823617,0.0
2024-01-09,CUPID,2.0,True,True,True,False,False,False,False,0.050430853626891814,0.0624384236453202,1.0,-0.0416256157635468,-1.0
2024-01-09,GTLINFRA,3.0,True,True,True,False,False,False,False,0.029852963149681222,0.05194805194805196,1.0,0.05882352941176472,1.0
2024-01-10,RTNPOWER,1.0,True,True,False,False,False,False,False,0.021692824611259987,-0.040726817042606535,-1.0,-0.040726817042606535,-1.0
2024-01-11,GTLINFRA,1.0,True,True,True,True,False,False,False,0.0281708769666964,0.04591836734693877,1.0,0.05555555555555558,1.0
2024-01-11,CUPID,2.0,True,True,False,False,False,False,False,0.012422519998557036,0.06060267857142858,1.0,0.06172839506172845,1.0
2024-01-11,INDOSTAR,3.0,True,True,True,False,False,False,False,0.048679387439817035,0.05178525274157218,1.0,-0.03452350182771479,-1.0
2024-01-12,GTLINFRA,1.0,True,True,True,True,False,False,False,0.027398974188114433,-0.027777777777777776,-1.0,-0.027777777777777776,-1.0
2024-01-12,SAKSOFT,3.0,True,True,False,False,False,False,False,0.01574835696813981,0.031212484993997577,1.0,0.031212484993997577,1.0
2024-01-15,GTLINFRA,1.0,True,True,True,False,False,False,False,0.0266682470821612,-0.027027027027027025,-1.0,-0.027027027027027025,-1.0
2024-01-15,TFCILTD,2.0,True,True,False,False,False,False,False,0.05129329438755015,0.06860902255639098,1.0,-0.045739348370927316,-1.0
2024-01-15,DHANBANK,3.0,True,True,False,False,False,False,False,0.020446028023897167,-0.04076724068235103,-1.0,-0.04076724068235103,-1.0
2024-01-16,CUPID,1.0,True,True,True,False,False,False,False,0.05007633798017652,0.05907335907335907,1.0,-0.03938223938223938,-1.0
2024-01-16,ATULAUTO,2.0,True,True,False,False,False,False,False,-0.014281099565416788,-0.03157856660557539,-1.0,-0.03157856660557539,-1.0
2024-01-17,HUBTOWN,1.0,True,True,True,True,False,False,False,0.04848809499329487,0.06557686499546965,1.0,0.10221550855991945,1.0
2024-01-17,CUPID,2.0,True,True,False,False,False,False,False,0.007682496172016329,-0.03911127432978332,-1.0,-0.03911127432978332,-1.0
2024-01-18,HUBTOWN,1.0,True,True,True,True,False,False,False,0.04864628962778372,0.06328226154510144,1.0,0.10215827338129513,1.0
2024-01-18,NUCLEUS,2.0,True,True,False,False,False,False,False,0.032428841926668284,0.05178301438507065,1.0,0.06662763466042154,1.0
2024-01-19,PARACABLES,1.0,True,True,False,False,False,False,False,0.0009398496932426781,0.07218416280475522,1.0,0.09769844997651478,1.0
2024-01-19,HUBTOWN,2.0,True,True,True,True,False,False,False,0.04867596328996093,0.06171634121274411,1.0,0.10187300137048871,1.0
2024-01-19,MSPL,3.0,True,False,True,True,False,False,False,0.04822535195447353,0.02646809712027102,1.0,0.048964218455743946,1.0
2024-01-20,MSPL,1.0,True,True,True,False,False,False,False,0.047803218685344984,0.02824858757062145,1.0,-0.018832391713747634,-1.0
2024-01-20,HUBTOWN,2.0,True,True,True,True,False,False,False,0.04859436088583813,0.05809893623963977,1.0,0.10182767624020883,1.0
2024-01-23,HUBTOWN,1.0,True,True,True,True,False,False,False,0.048417099438375466,0.05716150690041029,1.0,0.05716150690041029,1.0
2024-01-24,HUBTOWN,1.0,True,True,True,False,False,False,False,0.04855322541699092,0.05597014925373135,1.0,-0.0373134328358209,-1.0
2024-01-24,TARIL,2.0,True,True,False,False,False,False,False,0.06687646858057317,0.08229063295508474,1.0,0.08229063295508474,1.0
2024-01-24,MSPL,3.0,True,True,True,False,False,False,False,0.04730611739693691,-0.02496292634700939,-1.0,-0.02496292634700939,-1.0
2024-01-25,URJA,1.0,True,True,False,False,False,False,False,0.09051400754083172,0.0933834586466165,1.0,0.0933834586466165,1.0
2024-01-25,DPSCLTD,3.0,True,True,False,False,False,False,False,0.045985113241823417,0.05441176470588235,1.0,-0.036274509803921565,-1.0
2024-01-29,PRAKASH,1.0,True,True,False,False,False,False,False,0.04681259865741172,0.06601267116288574,1.0,-0.04400844744192383,-1.0
2024-01-29,DPSCLTD,2.0,True,True,True,False,False,False,False,0.04745415862669011,-0.036849132176234985,-1.0,-0.036849132176234985,-1.0
2024-01-29,INDRAMEDCO,3.0,True,True,False,False,False,False,False,0.033433145652784546,0.05376710954120337,1.0,0.035869565217391264,0.0
2024-01-30,HCL-INSYS,1.0,True,True,False,False,False,False,False,0.025122094117337568,-0.049622588761532006,-1.0,-0.049622588761532006,-1.0
2024-01-30,JPPOWER,2.0,True,True,True,False,False,False,False,0.04690514947366076,0.06749394673123488,1.0,-0.044995964487489916,-1.0
2024-01-30,ORCHPHARMA,3.0,True,True,False,False,False,False,False,0.057524922654730304,0.06418525041549876,1.0,-0.04279016694366584,-1.0
2024-01-31,APOLLO,1.0,True,True,False,False,False,False,False,0.03053975196544112,0.06097175076232671,1.0,-0.040647833841551136,-1.0
2024-01-31,KPIGREEN,2.0,True,True,False,False,False,False,False,0.050359953981259586,0.06186563343983338,1.0,-0.041243755626555585,-1.0
2024-02-01,HUBTOWN,2.0,True,True,False,False,False,False,False,0.043955911665954694,-0.04448117275079047,-1.0,-0.04448117275079047,-1.0
2024-02-01,WEBELSOLAR,3.0,True,True,False,False,False,False,False,0.050261834780888304,0.08367083946980852,1.0,0.10049019607843146,1.0
2024-02-02,GREENPOWER,1.0,True,True,False,False,False,False,False,0.01918433859526303,0.059125929141120914,1.0,0.0793591654247392,1.0
2024-02-02,GTLINFRA,2.0,True,True,True,True,False,False,False,0.025317807984289842,0.057692307692307716,1.0,0.10000000000000009,1.0
2024-02-02,PSB,3.0,True,True,False,False,False,False,False,0.028768070176441896,0.08229098090849242,1.0,0.08229098090849242,1.0
2024-02-05,GTLINFRA,1.0,True,True,True,True,False,False,False,0.04879016416943205,0.05625000000000002,1.0,0.09523809523809512,1.0
2024-02-05,GREENPOWER,2.0,True,True,True,True,False,False,False,0.04735867284593409,0.05851558864588179,1.0,0.10044874007594062,1.0
2024-02-05,APOLLO,3.0,True,True,False,False,False,False,False,0.037412260369449335,-0.04059629242532593,-1.0,-0.04059629242532593,-1.0
2024-02-06,GTLINFRA,1.0,True,True,True,True,False,False,False,0.04652001563489294,0.051020408163265335,1.0,0.09090909090909083,1.0
2024-02-06,GREENPOWER,2.0,True,True,True,True,False,False,False,0.04818179663091682,0.056659598599536454,1.0,-0.0377730657330243,-1.0
2024-02-06,SALASAR,3.0,True,True,True,True,False,False,True,0.048274833057795785,-0.06977257672775447,-1.0,-0.09720176730486019,-1.0
2024-02-07,GTLINFRA,1.0,True,True,True,False,False,False,False,0.04445176257083361,0.05113636363636366,1.0,-0.03409090909090911,-1.0
2024-02-07,GREENPOWER,2.0,True,True,True,False,False,False,False,0.04753624550983826,-0.036842105263157884,-1.0,-0.036842105263157884,-1.0
2024-02-07,SAKHTISUG,3.0,True,True,False,False,False,False,False,0.07500491364357931,0.06931981335247667,1.0,0.06931981335247667,1.0
2024-02-08,CUPID,1.0,True,True,True,False,False,False,False,0.049247934834326657,-0.05151098901098901,-1.0,-0.05151098901098901,-1.0
2024-02-08,GTLINFRA,2.0,True,True,True,False,False,False,False,0.042559614418795966,-0.035714285714285726,-1.0,-0.035714285714285726,-1.0
2024-02-09,GTLINFRA,1.0,True,True,True,True,False,False,False,0.040821994520255256,0.05580357142857144,1.0,-0.03720238095238096,-1.0
2024-02-09,WEBELSOLAR,2.0,True,True,False,False,False,False,False,-0.018967902706811035,-0.054577989859827016,-1.0,-0.07872340425531921,-1.0
2024-02-12,GTLINFRA,1.0,True,True,True,False,False,False,False,0.03922071315328124,-0.03714285714285715,-1.0,-0.03714285714285715,-1.0
2024-02-13,63MOONS,1.0,True,True,False,False,False,False,False,0.0025251152463159343,0.06950093437396943,1.0,0.08859649122807012,1.0
2024-02-14,63MOONS,1.0,True,True,False,False,False,False,False,0.03871318684970504,0.06605142318680168,1.0,0.11341659951651906,1.0
2024-02-14,INVENTURE,3.0,True,True,False,False,False,False,False,0.017153079226249535,-0.03460207612456745,0.0,-0.05066732575383096,-1.0
2024-02-15,KPIGREEN,2.0,True,True,True,True,False,False,False,0.04874441956156961,0.10174511687479987,1.0,0.10174511687479987,1.0
2024-02-16,AKSHAR,1.0,True,True,True,False,False,False,False,0.03802739558923929,-0.056478405315614606,-1.0,-0.056478405315614606,-1.0
2024-02-16,MSPL,2.0,True,False,True,True,False,False,False,0.0197700014010036,0.039933444259567394,1.0,0.011419249592169667,0.0
2024-02-19,KPIGREEN,1.0,True,True,False,False,False,False,False,0.019557712829908702,0.09178042404879465,1.0,0.1427893287762272,1.0
2024-02-19,MSPL,2.0,True,True,True,False,False,False,False,0.019386713800190414,0.031810766721044034,1.0,-0.03200000000000003,-1.0
2024-02-20,CUPID,1.0,True,True,False,False,False,False,False,0.01510276818575651,-0.04673913043478261,-1.0,-0.04673913043478261,-1.0
2024-02-20,TFCILTD,2.0,True,True,True,True,False,False,False,0.04873611157624547,0.11322360953461974,1.0,0.12972972972972974,1.0
2024-02-20,MSPL,3.0,True,True,False,False,False,False,False,0.01587334915629013,-0.018971428571428573,-1.0,-0.018971428571428573,-1.0
2024-02-21,TFCILTD,1.0,True,True,True,False,False,False,False,0.04853273077889986,0.1051737451737452,1.0,0.012358393408856916,0.0
2024-02-22,TFCILTD,1.0,True,True,False,False,False,False,False,0.025420789293273405,0.099529204060615,1.0,-0.03815261044176699,0.0
2024-02-22,KPIGREEN,2.0,True,True,True,False,False,False,False,0.04877354887172736,0.07977768916359287,1.0,-0.06895405832017942,-1.0
2024-02-23,KPIGREEN,1.0,True,True,False,False,False,False,False,0.04571157455983421,-0.05130015784663953,-1.0,-0.05130015784663953,-1.0
2024-02-23,TFCILTD,2.0,True,True,False,False,False,False,False,0.02519513117618688,-0.056427870461236505,-1.0,-0.056427870461236505,-1.0
2024-02-26,CUPID,1.0,True,True,True,False,False,False,False,0.04772277286921556,0.08095723014256617,1.0,0.08095723014256617,1.0
2024-02-26,TARIL,2.0,True,True,False,False,False,False,False,0.023517627480141634,-0.05654597201359791,-1.0,-0.05654597201359791,-1.0
2024-02-26,GANESHHOU,3.0,True,True,False,False,False,False,False,0.02692912334500086,0.08650523459697446,1.0,-0.05767015639798297,-1.0
2024-02-27,CUPID,1.0,True,True,True,False,False,False,False,0.04925237818274564,0.0782246879334258,1.0,-0.0521497919556172,-1.0
2024-02-27,MSPL,2.0,True,False,True,False,False,False,False,0.01846206283973517,-0.02007542147293702,-1.0,-0.02007542147293702,-1.0
2024-03-01,MIRZAINT,1.0,True,True,True,True,False,False,False,0.04802490681431326,0.06583476764199657,1.0,-0.04388984509466438,-1.0
2024-03-01,PCJEWELLER,2.0,True,True,False,False,False,False,False,0.0065789710980423965,0.06806930693069305,1.0,0.06806930693069305,1.0
2024-03-01,RICOAUTO,3.0,True,True,False,False,False,False,False,0.020767519532478573,0.07212037357315806,1.0,0.07212037357315806,1.0
2024-03-02,MIRZAINT,1.0,True,True,False,False,False,False,False,0.03109058707003065,-0.04087491455912509,-1.0,-0.04087491455912509,-1.0
2024-03-02,MSPL,2.0,True,True,False,False,False,False,False,-0.007806440892829336,-0.022217285047767165,-1.0,-0.022217285047767165,-1.0
2024-03-05,CGCL,2.0,True,True,False,False,False,False,False,-0.03250176290453677,-0.033584393134954926,-1.0,-0.033584393134954926,-1.0
2024-03-06,ALOKINDS,1.0,True,True,True,False,False,False,False,0.04870820031544554,0.05993361199901648,1.0,-0.03995574133267765,-1.0
2024-03-07,ALOKINDS,1.0,True,True,True,False,False,False,False,0.048009219186360585,-0.03770491803278688,-1.0,-0.03770491803278688,-1.0
2024-03-11,MAXIND,1.0,True,True,False,False,False,False,False,0.045609875453611615,-0.05346447822490946,-1.0,-0.05346447822490946,-1.0
2024-03-14,PCJEWELLER,1.0,True,True,True,False,False,False,False,0.04770379795721125,-0.059795253606328515,-1.0,-0.059795253606328515,-1.0
2024-03-14,JAICORPLTD,2.0,True,True,False,False,False,False,False,-0.009578437397290251,0.07576101468624827,1.0,0.07576101468624827,1.0
2024-03-14,HCL-INSYS,3.0,True,True,True,True,False,False,False,0.0478560211776351,0.08963585434173672,1.0,0.07476635514018692,0.0
2024-03-15,HCL-INSYS,1.0,True,True,True,True,False,False,False,0.04864180722234579,0.08010680907877171,1.0,-0.05340453938584781,-1.0
2024-03-15,NETWORK18,2.0,True,True,False,False,False,False,False,0.017294712797470524,0.028700056274620245,0.0,0.01106194690265494,0.0
2024-03-18,HCL-INSYS,1.0,True,True,False,False,False,False,False,-0.024025179586989687,-0.049597286986011034,-1.0,0.08510638297872353,1.0
2024-03-18,SHAKTIPUMP,2.0,True,True,False,False,False,False,False,0.033804799209348424,-0.007144451886581749,0.0,-0.04299429081746562,-1.0
2024-03-18,V2RETAIL,3.0,True,True,False,False,False,False,False,0.007604599385219402,0.07988004362050159,1.0,0.09343434343434343,1.0
2024-03-21,RPOWER,1.0,True,True,True,True,False,False,False,0.048695111652845124,0.06864841745081267,1.0,0.08174904942965777,1.0
2024-03-21,PFS,2.0,True,True,False,False,False,False,False,0.04327262692672118,0.09277562665579789,1.0,0.10655737704918034,1.0
2024-03-21,TARC,3.0,True,True,False,False,False,False,False,0.03253805595777681,0.08695652173913039,1.0,0.03705035971223025,0.0
2024-03-22,RPOWER,1.0,True,True,True,False,False,False,False,0.04824683353938575,0.06762629005975013,1.0,0.06762629005975013,1.0
2024-03-22,NETWORK18,3.0,True,True,False,False,False,False,False,0.036523930800871796,-0.05450922163175994,-1.0,-0.05450922163175994,-1.0
2024-03-26,RPOWER,1.0,True,True,False,False,False,False,False,0.03033238784923542,0.06618788819875779,1.0,-0.044125258799171854,-1.0
2024-03-26,WEBELSOLAR,2.0,True,True,True,True,False,False,False,0.04879016416943216,0.07987012987012991,1.0,0.07987012987012991,1.0
2024-03-26,GOLDBEES,3.0,False,False,False,False,True,False,False,-0.0012441128415341396,0.021143110885562054,1.0,0.029699448692868557,1.0
2024-03-27,WEBELSOLAR,1.0,True,True,False,False,False,False,False,0.03822121282019797,0.07722634508348797,1.0,-0.060416666666666674,-1.0
2024-03-27,TARIL,2.0,True,True,False,False,False,False,False,0.03954729708825422,0.07603503184713375,1.0,0.1127551020408164,1.0
2024-03-27,MTNL,3.0,True,True,False,False,False,False,False,0.016070470032608863,0.09988428361035134,1.0,0.09988428361035134,1.0
2024-03-28,WEBELSOLAR,1.0,True,True,False,False,False,False,False,0.016360283105206985,-0.049631811487481595,-1.0,-0.049631811487481595,-1.0
2024-03-28,TALBROAUTO,2.0,True,True,True,False,False,False,False,0.04869876066861423,0.0749177406087195,1.0,-0.01078610603290675,0.0
2024-04-01,MIRZAINT,1.0,True,True,False,False,False,False,False,0.0011129661694209148,0.07278078269169581,1.0,0.07278078269169581,1.0
2024-04-01,DREDGECORP,2.0,True,True,False,False,False,False,False,0.022792022596036965,0.038329479363744756,0.0,0.01493150684931499,0.0
2024-04-01,IFCI,3.0,True,True,False,False,False,False,False,0.01668691878501427,0.08512190934065937,1.0,0.1028368794326242,1.0
2024-04-02,ESSARSHPNG,1.0,True,True,True,True,False,False,False,0.047628048989254435,0.09075071270193219,1.0,0.13530655391120527,1.0
2024-04-02,63MOONS,2.0,True,True,True,True,False,False,False,0.048716579194318044,0.07083425311168087,1.0,0.00011321181931389646,0.0
2024-04-02,V2RETAIL,3.0,True,True,False,False,False,False,False,0.050325083887516,0.0769585253456221,1.0,-0.05130568356374807,-1.0
2024-04-03,ESSARSHPNG,1.0,True,True,True,False,False,False,False,0.04748053823299481,0.08630323165206885,1.0,0.08630323165206885,1.0
2024-04-03,TARC,2.0,True,True,True,False,False,False,False,0.048520416381975906,0.02013845185651353,0.0,-0.04533399262788817,-1.0
2024-04-03,63MOONS,3.0,True,True,False,False,False,False,False,0.047857079231461874,-0.045220035257395146,-1.0,-0.045220035257395146,-1.0
2024-04-04,SKMEGGPROD,1.0,True,True,False,False,False,False,False,0.04402053505847103,0.07183720169990193,1.0,0.07183720169990193,1.0
2024-04-04,JPPOWER,2.0,True,True,True,False,False,False,False,0.04762804898925488,-0.04374758033294619,-1.0,-0.04374758033294619,-1.0
2024-04-04,RPOWER,3.0,True,True,False,False,False,False,False,0.016357242024771512,-0.04133647461983295,-1.0,-0.04133647461983295,-1.0
2024-04-05,JPPOWER,1.0,True,True,False,False,False,False,False,0.012837146760680707,-0.04152823920265781,-1.0,-0.04152823920265781,-1.0
2024-04-05,ESSARSHPNG,2.0,True,True,False,False,False,False,False,0.03957350906450818,0.07647444298820444,1.0,-0.0509829619921363,-1.0
2024-04-08,GMRP&UI,1.0,True,True,True,False,False,False,False,0.04849434993861035,-0.04715426543288124,-1.0,-0.04715426543288124,-1.0
2024-04-08,SPARC,2.0,True,True,False,False,False,True,False,0.0377159237511524,-0.041809168209343904,-1.0,-0.041809168209343904,-1.0
2024-04-08,TSFINV,3.0,True,True,False,False,False,False,False,0.02038406249457303,-0.04832528136892391,-1.0,-0.04832528136892391,-1.0
2024-04-09,TARIL,1.0,True,True,False,False,False,False,False,-0.0004015258034275604,0.07488386763778171,1.0,0.07488386763778171,1.0
2024-04-09,CUPID,3.0,True,True,False,False,False,False,False,0.001867414174795634,-0.04432576769025367,-1.0,-0.04432576769025367,-1.0
2024-04-12,TARIL,1.0,True,True,False,False,False,False,False,-0.011029523575499134,0.0776051188299817,1.0,0.10720887245841038,1.0
2024-04-12,SBC,2.0,True,True,False,False,False,False,False,-0.03571808260207954,-0.038721804511278206,-1.0,-0.038721804511278206,-1.0
2024-04-15,GOLDBEES,3.0,False,False,True,False,True,False,False,0.01876774063283193,-0.016005226196308953,0.0,-0.020356501248221012,-1.0
2024-04-16,THOMASCOOK,1.0,True,True,False,False,False,False,False,0.028235962065486397,0.05431063339160185,1.0,-0.03620708892773457,-1.0
2024-04-16,TARIL,2.0,True,True,False,False,False,False,False,0.04698742161564429,0.07918404588112615,1.0,0.10414688192465982,1.0
2024-04-16,MANINDS,3.0,True,True,False,False,False,False,False,0.007149507483034334,0.06760848107513001,1.0,0.06760848107513001,1.0
2024-04-18,TALBROAUTO,1.0,True,True,False,False,False,False,False,0.011474982476874729,0.0622454175152749,1.0,0.08976510067114085,1.0
2024-04-18,TARIL,2.0,True,True,False,False,False,False,False,0.03448081918180712,0.07761423153332128,1.0,0.11832061068702293,1.0
2024-04-18,TARC,3.0,True,True,False,False,False,False,False,-0.018951925415866988,0.003754693366708306,0.0,0.022959183673469274,0.0
2024-04-19,TARIL,1.0,True,True,True,False,False,False,False,0.04876149485563008,0.07534187666637995,1.0,0.10249426605504586,1.0
2024-04-19,SWELECTES,3.0,True,True,True,True,False,False,False,0.04877327051778391,0.07526058237556524,1.0,0.10245147726846127,1.0
2024-04-22,SWELECTES,1.0,True,True,True,True,False,False,False,0.0487597727548259,0.07078499831062057,1.0,-0.006936498855835249,0.0
2024-04-22,SHAKTIPUMP,2.0,True,True,True,True,False,False,False,0.04868797215053977,0.06399448191293684,1.0,0.07136773973769373,1.0
2024-04-22,REFEX,3.0,True,True,True,False,False,False,False,0.04864452956639287,0.06212319790301441,1.0,-0.041415465268676274,-1.0
2024-04-23,GALLANTT,1.0,True,True,True,False,False,False,False,0.04873845919798736,-0.04548627268496974,-1.0,-0.04548627268496974,-1.0
2024-04-23,SHAKTIPUMP,2.0,True,True,False,False,False,False,False,0.045939180842824,0.06197532666618,1.0,-0.041316884444119996,-1.0
2024-04-23,SWELECTES,3.0,True,True,True,False,False,True,False,0.04877654306762125,-0.045907057044785884,-1.0,-0.045907057044785884,-1.0
2024-04-24,GMRP&UI,1.0,True,True,True,False,False,False,False,0.04864628962778372,0.06862321968062146,1.0,-0.04574881312041431,-1.0
2024-04-24,KRITIKA,2.0,True,True,True,True,False,False,False,0.01877989465159624,0.060680433310765086,1.0,0.07674418604651145,1.0
2024-04-24,WEBELSOLAR,3.0,True,True,False,False,False,False,False,-0.013642776403786527,-0.05332946186604722,-1.0,-0.05332946186604722,-1.0
2024-04-25,KRITIKA,1.0,True,False,True,True,False,False,False,0.018433701688838067,0.05406976744186048,1.0,0.057077625570776336,1.0
2024-04-25,GMRP&UI,2.0,True,True,False,False,False,False,False,0.004307257197580405,-0.046454265159301115,-1.0,-0.046454265159301115,-1.0
2024-04-26,KRITIKA,1.0,True,False,True,True,False,False,False,0.018100041643617892,0.05088062622309199,1.0,0.058295964125560484,1.0
2024-04-26,BALAJITELE,2.0,True,True,True,False,False,False,False,0.04858271680845583,-0.03938127833585209,-1.0,-0.03938127833585209,-1.0
2024-04-26,PURVA,3.0,True,True,False,False,False,False,False,0.034142718926338134,-0.06259044862518091,-1.0,-0.06259044862518091,-1.0
2024-04-29,KRITIKA,1.0,True,False,True,True,False,False,False,0.017778246021284083,0.045163356822549655,1.0,0.05726872246696035,1.0
2024-04-29,JPPOWER,2.0,True,True,True,True,False,False,False,0.04879016416943216,0.055827067669172906,1.0,-0.037218045112781935,-1.0
2024-04-29,SHAKTIPUMP,3.0,True,True,True,True,False,False,False,0.048714455345532315,0.06334885305473541,1.0,0.10251362810417941,1.0
2024-04-30,KRITIKA,1.0,True,False,True,True,False,False,False,0.019629856044886207,0.04271554436752675,1.0,0.05831533477321815,1.0
2024-04-30,SHAKTIPUMP,2.0,True,True,True,False,False,False,False,0.04890552770891343,0.06380873063943932,1.0,0.10237923576063457,1.0
2024-04-30,JPPOWER,3.0,True,True,False,False,False,False,False,0.02719574280849013,-0.03455066237021122,-1.0,-0.03455066237021122,-1.0
2024-05-02,KRITIKA,1.0,True,True,True,True,False,False,False,0.019251931499321362,0.04049676025917927,1.0,0.0,0.0
2024-05-02,GALLANTT,2.0,True,True,True,False,False,False,False,0.048698172080687385,-0.04790267684665624,-1.0,-0.04790267684665624,-1.0
2024-05-02,SHAKTIPUMP,3.0,True,True,True,False,False,False,False,0.04868716164577869,0.06402307137707282,1.0,0.08474110699079795,1.0
2024-05-03,KRITIKA,1.0,True,True,False,False,False,False,True,0.016807118316381153,0.03450363196125908,1.0,-0.03541666666666676,-1.0
2024-05-03,SHAKTIPUMP,2.0,True,True,True,False,False,False,False,0.04878362396845137,0.06435046206368827,1.0,-0.042900308042458854,-1.0
2024-05-06,KRITIKA,1.0,True,True,True,True,False,True,True,0.01853812099891128,-0.02138402138402139,-1.0,-0.03673469387755102,-1.0
2024-05-06,SHAKTIPUMP,2.0,True,True,False,False,False,False,False,0.032557723483432,-0.041614500607306364,-1.0,-0.041614500607306364,-1.0
2024-05-06,MINDTECK,3.0,True,True,False,False,False,False,False,0.011140650335492275,-0.05760199396563035,-1.0,-0.05760199396563035,-1.0
2024-05-07,KRITIKA,1.0,True,False,False,False,False,False,False,0.0,-0.017055393586005836,-1.0,-0.017055393586005836,-1.0
2024-05-08,URJA,1.0,True,True,True,False,False,False,False,0.018265347977293178,-0.03192890059249506,-1.0,-0.03192890059249506,-1.0
2024-05-08,RTNPOWER,2.0,True,True,False,False,False,False,False,0.03603993648319692,0.05946920052424637,1.0,-0.03964613368283091,-1.0
2024-05-09,OSIAHYPER,1.0,True,True,True,True,False,False,False,0.01897590145900585,0.030788177339901475,1.0,0.03759398496240607,1.0
2024-05-09,RTNPOWER,3.0,True,True,False,False,False,False,False,0.0,-0.03853383458646614,-1.0,-0.03853383458646614,-1.0
2024-05-10,OSIAHYPER,1.0,True,True,True,True,False,False,False,0.018622512098001476,0.029806659505907617,1.0,0.03874538745387435,1.0
2024-05-10,GTLINFRA,2.0,True,True,True,False,False,False,False,0.0,-0.04687500000000002,-1.0,-0.0625,-1.0
2024-05-13,DYCL,1.0,True,True,False,False,False,False,False,0.0,0.06590412455613218,1.0,0.06590412455613218,1.0
2024-05-13,OSIAHYPER,2.0,True,False,True,True,False,False,False,0.01828204483744944,0.028861360042171838,1.0,0.03985507246376807,1.0
2024-05-14,OSIAHYPER,1.0,True,False,True,True,False,False,False,0.019731581862594716,0.0281444099378882,1.0,-0.018762939958592132,-1.0
2024-05-14,SYNCOMF,3.0,True,True,False,False,False,False,False,0.007272759329080003,-0.025547445255474477,0.0,-0.03779979144942647,-1.0
2024-05-15,OSIAHYPER,1.0,True,True,True,False,False,False,False,0.019349768179876214,-0.018396346105049484,-1.0,-0.018396346105049484,-1.0
2024-05-15,HUBTOWN,2.0,True,True,True,False,False,False,False,0.04872457104356798,0.07242473435655253,1.0,-0.04919645785503446,-1.0
2024-05-16,RTNPOWER,1.0,True,True,False,False,False,False,False,0.03125254350410467,0.07142857142857141,1.0,0.10769230769230775,1.0
2024-05-16,GTLINFRA,2.0,True,True,False,False,False,False,False,-0.03278982282299092,0.0,0.0,0.06566820276497698,1.0
2024-05-17,GREENPOWER,1.0,True,True,False,False,False,False,False,0.007227703121453377,0.00932642487046631,0.0,0.002057613168724215,0.0
2024-05-17,VISAKAIND,2.0,True,True,False,False,False,False,False,0.01390576231592977,0.05908118921156105,1.0,0.05908118921156105,1.0
2024-05-17,DREDGECORP,3.0,True,True,False,False,False,False,False,0.03498047697688467,0.0632954437157239,1.0,0.08690559850082002,1.0
2024-05-18,RTNPOWER,1.0,True,True,False,False,False,False,False,0.03894297394860713,-0.04693140794223827,-1.0,-0.04693140794223827,-1.0
2024-05-18,SIGACHI,2.0,True,True,False,False,False,False,False,0.011938293531926547,0.060741674762800554,1.0,0.060741674762800554,1.0
2024-05-21,BBL,1.0,True,True,False,False,False,False,False,0.01452356285341061,-0.045721150015628535,-1.0,-0.045721150015628535,-1.0
2024-05-21,OSIAHYPER,2.0,True,True,False,False,False,False,False,0.03174869831458027,-0.025806451612903215,-1.0,-0.025806451612903215,-1.0
2024-05-21,HLVLTD,3.0,True,True,False,False,False,False,False,0.01393750784378156,-0.0382205513784461,-1.0,-0.0382205513784461,-1.0
2024-05-22,TFCILTD,1.0,True,True,False,False,False,False,False,0.029852963149681333,-0.04318181818181816,-1.0,-0.04318181818181816,-1.0
2024-05-22,PURVA,2.0,False,False,False,False,False,False,True,0.004105870496515784,-0.05957014185636446,-1.0,-0.061129568106312315,-1.0
2024-05-23,RTNPOWER,1.0,True,True,False,False,False,False,False,0.044149784612930176,0.07328869047619048,1.0,0.10299003322259148,1.0
2024-05-23,DREDGECORP,2.0,True,True,True,False,False,False,False,0.04876353529961985,0.05767554848689513,1.0,-0.038450365657930086,-1.0
2024-05-23,PCJEWELLER,3.0,False,False,True,False,False,False,False,0.010050335853501347,-0.035353535353535324,-1.0,-0.03599999999999992,-1.0
2024-05-24,RTNPOWER,1.0,True,True,True,True,False,False,False,0.04847475650241062,0.07060075685903501,1.0,0.07060075685903501,1.0
2024-05-24,DREDGECORP,2.0,True,True,False,False,False,False,False,0.015088460771893075,-0.03717370554302868,-1.0,-0.03717370554302868,-1.0
2024-05-27,RTNPOWER,1.0,True,True,True,False,False,False,False,0.04623319503920831,0.06928796755295177,1.0,-0.04619197836863452,-1.0
2024-05-27,PARACABLES,2.0,True,True,False,False,False,False,False,0.022081083075255137,-0.03634379721336242,-1.0,-0.03634379721336242,-1.0
2024-05-28,RTNPOWER,1.0,True,True,False,False,False,False,False,-0.003016593539425738,0.07035283993115318,1.0,0.0845921450151057,1.0
2024-05-28,MANORAMA,2.0,True,True,False,False,False,False,False,0.01970702058138052,-0.044469438322847304,-1.0,-0.044469438322847304,-1.0
2024-05-29,RTNPOWER,1.0,True,True,False,False,False,False,False,0.031119908713804545,0.07266009852216748,1.0,0.11977715877437345,1.0
2024-05-29,PAYTM,2.0,True,True,True,True,False,False,False,0.04873054750456873,0.06811000933966577,1.0,-0.04540667289311051,-1.0
2024-05-30,PAYTM,1.0,True,True,False,False,False,False,False,0.01980782278960902,-0.043493072904837615,-1.0,-0.043493072904837615,-1.0
2024-05-30,RTNPOWER,2.0,True,True,False,False,False,False,False,0.04552325502408383,-0.045205479452054796,-1.0,-0.045205479452054796,-1.0
2024-05-31,RTNPOWER,1.0,True,True,True,True,False,False,False,0.048417099438375466,0.07077582991421112,1.0,-0.047183886609474084,-1.0
2024-06-03,RTNPOWER,1.0,True,True,False,False,False,False,False,0.0024844733276614406,-0.045486851457000724,-1.0,-0.045486851457000724,-1.0
2024-06-06,BALAJITELE,1.0,True,True,False,False,False,False,False,0.017488522034351917,0.06418260969183187,1.0,0.06418260969183187,1.0
2024-06-06,TFCILTD,2.0,True,True,False,False,False,False,False,0.032186686495901284,0.06592122830440592,1.0,0.06592122830440592,1.0
2024-06-07,PAYTM,2.0,True,True,False,False,False,False,False,0.0018341417430569606,0.08122119815668202,1.0,0.08122119815668202,1.0
2024-06-07,HUBTOWN,3.0,True,True,True,True,False,False,False,0.04879016416943216,0.014502164502164572,0.0,-0.03380746237889087,0.0
2024-06-10,HUBTOWN,1.0,True,True,False,False,False,False,False,-0.011958805638288439,-0.03167731739160318,0.0,-0.020027816411683053,0.0
2024-06-10,V2RETAIL,2.0,True,True,True,False,False,False,False,0.04822214370542355,0.07739109272329037,1.0,0.01298701298701288,0.0
2024-06-11,GALLANTT,1.0,True,True,False,False,False,False,False,0.002617802542078884,0.06045216251638266,1.0,0.06045216251638266,1.0
2024-06-11,GMRP&UI,3.0,True,True,False,False,False,False,False,0.01591545530589933,0.06438598166539339,1.0,0.08499999999999996,1.0
2024-06-12,AURIONPRO,2.0,True,True,False,False,False,False,False,0.04465986882176587,0.07261549758410782,1.0,-0.048410331722738544,-1.0
2024-06-12,GTLINFRA,3.0,True,True,False,False,False,False,False,0.022989518224698857,-0.04485049833887045,-1.0,-0.04485049833887045,-1.0
2024-06-14,HLVLTD,1.0,True,True,False,False,False,False,False,0.01570808553869929,-0.0357142857142857,0.0,-0.04831159267830842,-1.0
2024-06-18,NDL,1.0,True,True,False,False,False,False,False,0.08527375709108886,-0.07088744588744586,-1.0,-0.07088744588744586,-1.0
2024-06-18,GTLINFRA,2.0,True,True,True,False,False,False,False,0.04793946228911905,0.07126913265306123,1.0,0.09787234042553195,1.0
2024-06-18,PFS,3.0,True,True,False,False,False,False,False,-0.009237940984936799,-0.05360501567398121,-1.0,0.08040752351097182,1.0
2024-06-19,GTLINFRA,1.0,True,True,False,False,False,False,False,0.03347592919638953,0.06838905775075989,1.0,0.08641975308641969,1.0
2024-06-19,OMINFRAL,2.0,True,True,True,True,False,False,True,0.048756543465282576,-0.0623976848655065,-1.0,-0.09755340609320862,-1.0
2024-06-19,ESSARSHPNG,3.0,True,True,False,False,False,False,False,0.05646951384200749,-0.07017312012686666,-1.0,-0.07017312012686666,-1.0
2024-06-20,OMINFRAL,1.0,True,True,False,False,False,True,True,0.008600985219335833,-0.06098011542070921,-1.0,-0.10528205128205126,-1.0
2024-06-20,GTLINFRA,2.0,True,True,True,True,False,False,False,0.04762804898925466,0.06794425087108014,1.0,0.07364341085271309,1.0
2024-06-21,GTLINFRA,1.0,True,True,False,False,False,False,False,0.022989518224698746,0.06769102990033223,1.0,-0.04512735326688815,-1.0
2024-06-21,SHAKTIPUMP,2.0,True,True,True,False,False,False,False,0.048837743155965896,-0.03937038526919533,-1.0,-0.03937038526919533,-1.0
2024-06-24,SKYGOLD,1.0,True,True,True,False,False,False,False,0.04883689423322668,0.07128837796158702,1.0,-0.04752558530772468,-1.0
2024-06-24,GTLINFRA,2.0,True,True,False,False,False,False,False,0.02559554718896373,0.07182539682539682,1.0,0.07220216606498209,1.0
2024-06-25,GTLINFRA,1.0,True,True,True,True,False,False,False,0.04828524115946187,0.0696617869762746,1.0,0.09427609427609429,1.0
2024-06-25,SKYGOLD,2.0,True,True,False,False,False,False,False,-0.01569890954310349,-0.04597240765465067,-1.0,0.08892405063291142,1.0
2024-06-25,PURVA,3.0,True,True,False,False,False,False,False,-0.0033627606300008495,-0.04311791859001256,-1.0,-0.04311791859001256,-1.0
2024-06-26,GTLINFRA,1.0,True,True,True,False,False,False,False,0.04606077337653458,0.06782106782106782,1.0,-0.04521404521404521,-1.0
2024-06-26,ASHIMASYN,2.0,True,True,False,False,False,False,False,0.03553795342323873,0.08391242099381921,1.0,0.10875206416607686,1.0
2024-06-26,ALPL30IETF,3.0,False,False,False,False,True,False,False,0.0,0.025606469002695392,1.0,0.032494758909853205,1.0
2024-06-27,GTLINFRA,1.0,True,True,False,False,False,False,False,0.04403227015050337,0.06821313734497014,1.0,0.10461538461538455,1.0
2024-06-27,HUBTOWN,2.0,True,True,True,False,False,False,False,0.04878431486506063,0.06706134732482848,1.0,-0.04470756488321898,-1.0
2024-06-28,GTLINFRA,1.0,True,True,False,False,False,False,False,0.024243611609992888,0.06507449605609114,1.0,0.0748502994011977,1.0
2024-06-28,MAFANG,2.0,False,False,False,False,True,False,False,0.006231865956619842,0.021716919444192136,1.0,0.021716919444192136,1.0
2024-06-28,WOCKPHARMA,3.0,True,True,False,False,False,False,False,0.0883213255067643,0.0589394948191919,1.0,0.0589394948191919,1.0
2024-07-02,GTLINFRA,1.0,True,True,False,False,False,False,False,0.04093340892625319,0.058495821727019504,1.0,0.10427807486631013,1.0
2024-07-02,WINDMACHIN,2.0,True,True,True,True,False,False,False,0.04877840921324861,0.11745777056811368,1.0,0.01822028917362184,0.0
2024-07-02,MSPL,3.0,True,True,False,False,False,False,False,0.03636764417087468,0.06988095238095238,1.0,-0.02571428571428569,0.0
2024-07-03,PARACABLES,1.0,True,True,False,False,False,False,False,0.012045946174538358,0.04506021345813595,1.0,0.06578947368421062,1.0
2024-07-03,WINDMACHIN,2.0,True,True,True,False,False,False,False,0.04875097998416411,0.019278241448219102,0.0,-0.02922077922077926,0.0
2024-07-03,GTLINFRA,3.0,True,True,True,False,False,False,False,0.04676176590803949,0.05784574468085106,1.0,0.06598984771573613,1.0
2024-07-04,GTLINFRA,1.0,True,True,True,True,False,False,False,0.047096683663098826,0.05493110949963742,1.0,-0.03662073966642495,-1.0
2024-07-05,GTLINFRA,1.0,True,True,False,False,False,False,False,0.016807118316381375,-0.036492563126945696,-1.0,-0.036492563126945696,-1.0
2024-07-05,SWANCORP,2.0,True,True,True,True,False,False,False,0.048743240638535745,0.05467184979047332,1.0,0.07565694484550956,1.0
2024-07-05,GOLDBEES,3.0,False,False,False,False,True,False,False,0.022834245035999956,0.016311924900083666,1.0,-0.010874616600055776,-1.0
2024-07-08,SWANCORP,1.0,True,True,True,True,False,False,False,0.048748910894947706,0.05241120415824432,1.0,-0.03494080277216288,-1.0
2024-07-08,PCJEWELLER,2.0,True,True,True,False,False,False,False,0.09498660756399979,0.05013980681240467,1.0,-0.03342653787493645,-1.0
2024-07-08,GOLDBEES,3.0,False,False,False,False,True,False,False,0.000324780775833311,0.005684586649342238,0.0,0.005358012664393508,0.0
2024-07-09,SKYGOLD,1.0,True,True,False,False,False,False,False,0.04551164608287728,0.07570478302185621,1.0,-0.05555555555555558,-1.0
2024-07-09,PCJEWELLER,3.0,True,True,False,False,False,False,False,-0.02125999942684942,0.05079750346740636,1.0,0.05079750346740636,1.0
2024-07-10,SKYGOLD,1.0,True,True,False,False,False,False,False,0.0295906934106549,-0.048736341087350005,-1.0,-0.08610478359908891,-1.0
2024-07-10,AURIONPRO,3.0,True,True,False,False,False,False,True,0.03854967398261877,-0.04176621670051367,-1.0,-0.04979885057471267,-1.0
2024-07-11,SKYGOLD,1.0,True,True,False,False,False,False,False,-0.0011179431013408347,-0.0475977653631285,-1.0,-0.0475977653631285,-1.0
2024-07-11,KECL,2.0,True,True,False,False,False,False,False,0.014736877281229965,-0.049729353296825055,-1.0,-0.049729353296825055,-1.0
2024-07-11,GPTINFRA,3.0,True,True,False,False,False,False,False,0.048140375327935025,0.06082296507270274,1.0,-0.04054864338180183,-1.0
2024-07-12,OSIAHYPER,1.0,True,True,False,False,False,False,False,0.037840307272934304,0.08210291443997574,1.0,-0.001485332343111767,0.0
2024-07-12,ITBEES,2.0,False,False,False,False,True,False,False,0.009329095288518552,0.026830775569059603,1.0,0.026830775569059603,1.0
2024-07-15,APOLLO,1.0,True,True,True,True,False,False,False,0.048720746238752,0.049198250728862955,1.0,0.049198250728862955,1.0
2024-07-15,GOLDBEES,2.0,False,False,False,False,True,False,False,0.006118196511935459,0.014656007751938009,1.0,0.014656007751938009,1.0
2024-07-16,APOLLO,1.0,True,True,False,False,False,False,False,-0.010818461821831882,0.04925745029007783,1.0,0.04925745029007783,1.0
2024-07-16,OSIAHYPER,2.0,True,True,False,False,False,True,True,0.014243770431842773,-0.04976007197840646,-1.0,-0.05346671265953773,-1.0
2024-07-16,WEBELSOLAR,3.0,True,True,False,False,False,False,False,0.008826182628271617,-0.04242654508611954,-1.0,-0.05096660808435849,-1.0
2024-07-18,MTNL,1.0,True,True,False,False,False,False,False,0.029522439266321143,0.07910313001605135,1.0,0.07910313001605135,1.0
2024-07-18,JUSTDIAL,2.0,True,True,False,False,False,False,False,0.018663805435030767,-0.037473978400634864,-1.0,-0.037473978400634864,-1.0
2024-07-19,GOLDBEES,3.0,False,False,False,False,True,False,False,0.02202767140479267,0.015742669443999373,1.0,-0.01049511296266625,-1.0
2024-07-22,MTNL,1.0,True,True,False,False,False,False,False,0.05783578000409584,-0.0539672131147541,-1.0,-0.0539672131147541,-1.0
2024-07-22,PCJEWELLER,3.0,True,True,False,False,False,False,False,0.03342929664919492,0.07299676244435449,1.0,0.10821917808219172,1.0
2024-07-24,PCJEWELLER,1.0,True,True,False,False,False,False,False,0.039072392880100004,0.07367792875504957,1.0,0.10012360939431408,1.0
2024-07-24,WEBELSOLAR,2.0,True,True,False,False,False,False,False,-0.0085106896679088,0.055932203389830404,0.0,0.06646489104116221,1.0
2024-07-25,OMINFRAL,1.0,True,True,True,True,False,False,False,0.04877311110883298,0.07321912752413595,1.0,0.07321912752413595,1.0
2024-07-25,URJA,2.0,True,True,False,False,False,False,False,0.01568659616769974,-0.032969446012924265,-1.0,-0.032969446012924265,-1.0
2024-07-25,PCJEWELLER,3.0,True,True,True,False,False,False,False,0.04896500462795972,0.07343941248470012,1.0,0.07343941248470012,1.0
2024-07-26,CUPID,1.0,True,True,True,True,False,False,False,0.05001042057466121,0.04487179487179488,1.0,0.04878048780487809,1.0
2024-07-26,OMINFRAL,2.0,True,True,True,True,False,False,False,0.04878088347003917,0.07162346521145974,1.0,-0.04774897680763982,-1.0
2024-07-26,HUBTOWN,3.0,True,True,True,True,False,False,False,0.04876425105609972,0.083257754398694,1.0,0.083257754398694,1.0
2024-07-29,CUPID,1.0,True,True,True,True,False,False,False,0.04762804898925488,0.042973286875725894,1.0,-0.028648857917150595,-1.0
2024-07-29,HUBTOWN,2.0,True,True,False,False,False,False,False,0.035886278564408514,0.07921186095583607,1.0,-0.05280790730389072,-1.0
2024-07-29,OMINFRAL,3.0,True,True,False,False,False,False,False,0.004629637898741379,-0.04357308584686773,-1.0,-0.04357308584686773,-1.0
2024-07-30,CUPID,1.0,True,True,False,False,False,False,False,-0.007782140442055052,-0.028792912513842746,-1.0,-0.028792912513842746,-1.0
2024-07-30,MSPL,2.0,True,True,True,True,False,False,False,0.04868076096380891,0.06114913966899525,1.0,0.06114913966899525,1.0
2024-07-30,HUBTOWN,3.0,True,True,False,False,False,False,False,0.025503920399811086,0.07830670419621924,1.0,-0.05220446946414616,-1.0
2024-07-31,MSPL,1.0,True,True,True,False,False,False,False,0.04850729768796791,0.05877952931719732,1.0,0.08546754020250158,1.0
2024-07-31,INDSWFTLAB,2.0,True,True,False,False,False,False,False,0.01849694740396135,0.08534649632210609,1.0,0.08534649632210609,1.0
2024-07-31,DCAL,3.0,True,True,False,False,False,False,False,0.007164971516779417,-0.0408856805133401,-1.0,-0.0408856805133401,-1.0
2024-08-01,MSPL,1.0,True,True,False,False,False,False,False,-0.003878865075157112,-0.03890496043563345,-1.0,0.08968609865470856,1.0
2024-08-01,GVT&D,2.0,True,True,True,False,False,False,False,0.048781580515284695,0.07895854971201964,1.0,-0.05263903314134643,-1.0
2024-08-01,KERNEX,3.0,True,True,False,False,False,False,False,-0.0033223968003124327,0.0809053821350561,1.0,0.0809053821350561,1.0
2024-08-02,BBOX,2.0,True,True,False,False,False,False,False,-0.050737846037025136,-0.04822610740485137,-1.0,0.07233916110727706,1.0
2024-08-02,AWL,3.0,True,True,False,False,False,False,False,-0.03762991337588595,-0.03290393542253126,-1.0,0.0493559031337969,1.0
2024-08-05,WEBELSOLAR,2.0,True,True,True,True,False,False,False,0.049089610196523914,0.07092318059299191,1.0,0.1032934131736527,1.0
2024-08-06,WEBELSOLAR,1.0,True,True,True,True,False,False,False,0.04964523048916547,0.06832763045337897,1.0,0.10113960113960108,1.0
2024-08-06,HSCL,2.0,True,True,False,False,False,False,False,0.025449309069363046,-0.04387164650184112,-1.0,-0.04387164650184112,-1.0
2024-08-07,CUPID,1.0,True,True,True,True,False,False,False,0.048417099438375466,0.05175307720999629,1.0,0.05223880597014907,1.0
2024-08-07,WEBELSOLAR,2.0,True,True,True,True,False,False,False,0.04865448816352558,0.06501831501831502,1.0,0.10176390773405708,1.0
2024-08-07,OSIAHYPER,3.0,True,True,False,False,False,False,False,0.019307811604925007,0.02912024901703799,1.0,0.040494938132733305,1.0
2024-08-08,WEBELSOLAR,1.0,True,True,True,False,False,False,False,0.04769115639808508,0.0607675906183369,1.0,-0.040511727078891266,-1.0
2024-08-08,CUPID,2.0,True,True,True,True,False,False,False,0.050920090427256426,0.05090618336886997,1.0,-0.03393745557924665,-1.0
2024-08-08,KERNEX,3.0,True,True,True,True,False,False,False,0.04879016416943216,0.07415681333591784,1.0,0.1024100277831621,1.0
2024-08-09,CUPID,1.0,True,True,False,False,False,False,False,-0.007117467768863683,-0.03444782168186425,-1.0,-0.03444782168186425,-1.0
2024-08-09,KERNEX,2.0,True,True,True,True,False,False,False,0.048737857845123855,0.07171240273585691,1.0,0.07581538461538462,1.0
2024-08-09,WEBELSOLAR,3.0,True,True,True,True,False,False,False,0.04922129157425559,0.060155239327296245,1.0,0.0923645320197044,1.0
2024-08-12,WEBELSOLAR,1.0,True,True,True,True,False,False,False,0.04925920733000133,0.05647431386347643,1.0,-0.03764954257565095,-1.0
2024-08-12,KERNEX,2.0,True,True,True,False,False,False,False,0.0487608597107565,0.06642197802197805,1.0,-0.044281318681318696,-1.0
2024-08-12,SKYGOLD,3.0,True,True,True,True,False,False,False,0.04885103029440874,0.08344999695660112,1.0,-0.05563333130440074,-1.0
2024-08-13,WEBELSOLAR,1.0,True,True,False,False,False,False,False,0.03908543481790083,-0.036342321219226266,-1.0,-0.036342321219226266,-1.0
2024-08-13,SKYGOLD,2.0,True,True,True,False,False,False,False,0.048703211428192006,-0.0525316639132829,-1.0,-0.0525316639132829,-1.0
2024-08-13,GALLANTT,3.0,True,True,True,False,False,False,False,0.04870433661015028,-0.0390960765284902,-1.0,-0.0390960765284902,-1.0
2024-08-14,OSIAHYPER,1.0,True,True,True,True,False,False,False,0.01955800889965653,0.02658152658152657,1.0,0.021406727828746197,0.0
2024-08-16,OSIAHYPER,1.0,True,True,True,False,False,False,False,0.0195160972068944,-0.01752342119314595,-1.0,-0.02532489170276575,-1.0
2024-08-19,GENUSPOWER,1.0,True,True,False,False,False,False,False,0.014476257910062351,0.07492516673376864,1.0,0.11014492753623184,1.0
2024-08-19,AURIONPRO,2.0,True,True,False,False,False,False,False,0.0036479500340513837,-0.04357871441818422,-1.0,-0.04357871441818422,-1.0
2024-08-19,GALLANTT,3.0,True,True,False,False,False,False,False,0.04010904555502304,0.02310690423162587,0.0,-0.048798918230989474,-1.0
2024-08-20,GMRP&UI,1.0,True,True,False,False,False,False,False,0.020287810079155477,0.06638856150362878,1.0,-0.04425904100241918,-1.0
2024-08-20,WEBELSOLAR,2.0,True,True,True,False,False,False,False,0.04873845919798736,0.07003257328990228,1.0,-0.04668838219326819,-1.0
2024-08-20,MSPL,3.0,True,True,True,True,False,False,False,0.0487773667084479,0.08433792759242906,1.0,0.102380342974149,1.0
2024-08-21,KERNEX,1.0,True,True,False,False,False,False,False,0.03763638328133467,-0.04712533594666431,-1.0,-0.04712533594666431,-1.0
2024-08-21,MSPL,2.0,True,True,True,True,False,False,False,0.04870484357725546,0.08125525613367948,1.0,0.10117016089712338,1.0
2024-08-21,OSIAHYPER,3.0,True,True,True,True,False,False,False,0.01948331700369277,0.027258189571622404,1.0,0.04025282767797744,1.0
2024-08-22,MSPL,1.0,True,True,True,False,False,False,False,0.048766946421784585,0.07833286898377098,1.0,-0.05222191265584732,-1.0
2024-08-22,OSIAHYPER,2.0,True,True,True,True,False,False,False,0.019763489118839406,0.027088679783290555,1.0,0.04011741682974557,1.0
2024-08-22,PCJEWELLER,3.0,True,True,False,False,False,False,False,0.022738587689318468,0.07619266657905112,1.0,0.07619266657905112,1.0
2024-08-23,MSPL,1.0,False,False,True,False,False,False,False,0.04876802582692852,-0.049677890682074795,-1.0,-0.049677890682074795,-1.0
2024-08-23,TARIL,2.0,True,True,False,False,False,False,False,0.01293092736137691,-0.03813421249353089,-1.0,-0.03813421249353089,-1.0
2024-08-23,OSIAHYPER,3.0,True,True,True,True,False,False,False,0.019700298026081864,0.026942968968409284,1.0,0.03997441637352117,1.0
2024-08-26,OSIAHYPER,1.0,True,True,True,True,False,False,False,0.019633309552216538,0.026760016446617033,1.0,0.04013797428661037,1.0
2024-08-26,PCJEWELLER,2.0,True,True,False,False,False,False,False,0.0132671929440491,-0.0484736465537801,-1.0,-0.0484736465537801,-1.0
2024-08-27,OSIAHYPER,1.0,True,True,True,True,False,False,False,0.019562803657643624,0.0266429243381266,1.0,0.04028290282902813,1.0
2024-08-27,DATAMATICS,2.0,True,True,False,False,False,False,False,0.05040163137706877,0.05144671504965623,1.0,-0.03429781003310415,-1.0
2024-08-28,OSIAHYPER,1.0,True,True,True,True,False,False,False,0.019790568279351106,0.026522140221402223,1.0,0.0382876092854989,1.0
2024-08-29,OSIAHYPER,1.0,True,True,True,False,False,False,False,0.019702129833655935,0.026422326542917447,1.0,-0.017614884361944964,-1.0
2024-08-29,GENUSPOWER,2.0,True,True,False,False,False,False,False,0.011101736566176967,-0.038903882720971596,-1.0,-0.038903882720971596,-1.0
2024-08-30,OSIAHYPER,2.0,True,True,False,False,False,False,False,0.017870696766912886,-0.01874920822600397,-1.0,-0.01874920822600397,-1.0
2024-09-03,63MOONS,1.0,True,True,True,False,False,False,False,0.04874391177007986,0.04755792979048145,1.0,-0.03170528652698763,-1.0
2024-09-03,OSIAHYPER,2.0,True,True,True,True,False,False,False,0.01974119383000028,0.03140131016804329,1.0,0.040212231220329464,1.0
2024-09-03,PVTBANIETF,3.0,False,False,False,False,True,False,False,-0.0027042705296356218,-0.010885141093474443,-1.0,-0.010885141093474443,-1.0
2024-09-04,OSIAHYPER,1.0,True,True,True,True,False,False,False,0.019632871716426692,0.031206366936609893,1.0,0.04025191675794071,1.0
2024-09-04,NIITLTD,2.0,True,True,False,False,False,False,False,0.034024086751499816,-0.028780001050364934,0.0,-0.06148386564331104,-1.0
2024-09-05,AYMSYNTEX,1.0,True,True,False,False,False,False,False,0.0,0.06028571428571429,1.0,0.06066666666666665,1.0
2024-09-05,OSIAHYPER,2.0,True,True,True,True,False,False,False,0.019791889098800475,0.031010405257393216,1.0,0.040000000000000036,1.0
2024-09-06,MSPL,1.0,False,False,True,False,False,False,False,0.04858814289271507,0.08130800880298543,1.0,-0.054205339201990284,-1.0
2024-09-06,WEBELSOLAR,2.0,True,True,False,False,False,False,False,0.04752126728299544,0.07713498622589532,1.0,-0.05142332415059688,-1.0
2024-09-06,OSIAHYPER,3.0,True,True,True,True,False,False,False,0.019671022373966007,0.030834132310642377,1.0,0.04001052908660152,1.0
2024-09-09,MSPL,1.0,True,True,False,False,False,False,False,0.038795271751416394,-0.05233335358813882,-1.0,-0.05233335358813882,-1.0
2024-09-09,OSIAHYPER,2.0,True,True,True,True,False,False,False,0.019549690779315565,0.03065656375737976,1.0,0.04026845637583887,1.0
2024-09-09,AYMSYNTEX,3.0,True,True,True,True,False,False,False,0.019751505074229847,0.05334730751574263,1.0,0.061169896564023274,1.0
2024-09-10,ASHIMASYN,1.0,True,True,True,True,False,False,False,0.01950974404545036,0.04265967588179221,1.0,0.06076659395450279,1.0
2024-09-10,OSIAHYPER,2.0,True,True,True,True,False,False,False,0.019681146444449293,0.03056088207094919,1.0,0.04024297646165542,1.0
2024-09-10,GTLINFRA,3.0,True,True,False,False,False,False,False,0.0277245480148548,0.05765920826161791,1.0,0.05765920826161791,1.0
2024-09-11,SURANASOL,1.0,True,True,False,False,False,False,False,0.00021812629598949584,-0.042991149339316866,-1.0,-0.042991149339316866,-1.0
2024-09-11,NDL,2.0,True,True,False,False,False,False,False,0.022676708671029777,-0.04314110965487115,-1.0,-0.04314110965487115,-1.0
2024-09-11,AYMSYNTEX,3.0,True,True,True,True,False,False,False,0.019793485003246403,0.04907540006327746,1.0,0.06119650305696833,1.0
2024-09-12,ASHIMASYN,1.0,True,True,True,True,False,False,False,0.019664829720599908,0.030771245253371743,1.0,0.040143798681845366,1.0
2024-09-12,OSIAHYPER,2.0,True,True,True,True,False,False,False,0.019656652549552067,0.0303881602268699,1.0,0.0303881602268699,1.0
2024-09-12,AYMSYNTEX,3.0,True,True,True,True,False,False,False,0.019801506911394817,0.04674834907393048,1.0,0.06117304352697328,1.0
2024-09-13,ASHIMASYN,1.0,True,True,True,True,False,False,False,0.0195793854714843,0.02978686981083626,1.0,0.040246768507637976,1.0
2024-09-13,MTNL,2.0,True,True,False,False,False,False,False,-0.014430264829028872,-0.04228166911463726,-1.0,-0.04228166911463726,-1.0
2024-09-13,OSIAHYPER,3.0,True,True,True,True,False,False,False,0.01975491851059763,0.03029197080291971,1.0,0.040076335877862634,1.0
2024-09-16,MSPL,1.0,True,True,True,True,False,False,False,0.04860696012300281,0.07338819309866082,1.0,0.07810993249758913,1.0
2024-09-16,ASHIMASYN,2.0,True,True,True,True,False,False,False,0.019779586086976053,0.028894577807621287,1.0,-0.019263051871747525,-1.0
2024-09-16,AYMSYNTEX,3.0,True,True,True,True,False,False,False,0.01979401221375454,0.041649667336178774,1.0,0.061113504199870716,1.0
2024-09-17,MSPL,1.0,True,True,True,True,False,False,False,0.04874424310772918,0.06982366717178676,1.0,0.06982366717178676,1.0
2024-09-17,ASHIMASYN,2.0,True,True,True,True,False,False,True,0.019678376331662584,-0.01876234364713627,-1.0,-0.020050833097994714,-1.0
2024-09-17,AYMSYNTEX,3.0,True,True,True,True,False,False,False,0.019779399988467006,0.03895264761084275,1.0,0.04033152087842473,1.0
2024-09-18,MSPL,1.0,True,True,False,False,False,False,False,0.026465202377787822,0.06679699800566809,1.0,-0.04453133200377873,-1.0
2024-09-18,ASHIMASYN,2.0,True,True,False,False,False,True,False,-0.02025457917099871,-0.018316052769596965,-1.0,-0.018316052769596965,-1.0
2024-09-18,AYMSYNTEX,3.0,True,True,True,True,False,False,False,0.01975811713310449,0.03760152638366227,1.0,0.04037058123285542,1.0
2024-09-19,AYMSYNTEX,1.0,True,True,True,True,False,False,False,0.019781315299199242,0.03593979903435937,1.0,0.04039173897599846,1.0
2024-09-19,RPOWER,2.0,True,True,False,False,False,False,False,0.047950527778991336,0.05386552193833328,1.0,0.10300192784356921,1.0
2024-09-20,RPOWER,1.0,True,True,True,True,False,False,False,0.04860669476244084,0.05292279267237992,1.0,0.10222804718217549,1.0
2024-09-20,ESSARSHPNG,2.0,True,True,False,False,False,False,False,0.02507363755211589,0.07999093191964293,1.0,0.07999093191964293,1.0
2024-09-20,OSIAHYPER,3.0,True,True,True,True,False,False,False,0.01966262397087215,0.028494932109389963,1.0,0.04025377379129291,1.0
2024-09-23,RPOWER,1.0,True,True,True,True,False,False,False,0.0486029157839023,0.05319228608874743,1.0,0.06616729088639217,1.0
2024-09-23,OSIAHYPER,2.0,True,True,True,True,False,False,False,0.019712541263957828,0.02719004906710006,1.0,0.04032604032604037,1.0
2024-09-24,RPOWER,1.0,True,True,True,False,False,False,False,0.048730712904588636,0.05096308186195827,1.0,-0.03397538790797218,-1.0
2024-09-24,SURANASOL,2.0,True,True,True,True,False,False,False,0.048790164169431716,0.09407933255269321,1.0,0.10245901639344268,1.0
2024-09-24,MSPL,3.0,True,True,False,False,False,False,False,0.008910549033047666,-0.04684412414274091,-1.0,-0.0717741935483871,-1.0
2024-09-25,SURANASOL,1.0,True,True,False,False,False,False,False,0.03358273947613721,0.08644195383071263,1.0,-0.057627969220475084,-1.0
2024-09-25,RPOWER,2.0,True,True,False,False,False,False,False,0.01533953381562192,0.049711228129777484,1.0,0.08548009367681497,1.0
2024-09-26,SURANASOL,1.0,True,True,True,True,False,False,False,0.04879016416943216,0.08437997875730217,1.0,0.10231899451230309,1.0
2024-09-26,HUBTOWN,2.0,True,True,True,True,False,False,False,0.048736803800164985,0.0611264835692561,1.0,-0.040750989046170735,-1.0
2024-09-26,RPOWER,3.0,True,True,True,True,False,False,False,0.048628364961895265,0.04928814107749555,1.0,-0.03285876071833037,-1.0
2024-09-27,SURANASOL,1.0,True,True,True,False,False,False,False,0.04871429451346465,0.07806691449814125,1.0,0.10234361827685023,1.0
2024-09-27,RPOWER,2.0,True,True,False,False,False,False,False,-0.0021598280534300685,-0.03304053012790877,-1.0,-0.03304053012790877,-1.0
2024-09-27,HUBTOWN,3.0,True,True,True,False,False,False,False,0.048652212604733514,-0.04014113649728834,-1.0,-0.04014113649728834,-1.0
2024-09-30,SURANASOL,1.0,True,True,True,True,False,False,True,0.048701843033724934,0.0758364043644772,1.0,-0.05251324875541996,-1.0
2024-09-30,ASHIMASYN,2.0,True,True,True,False,False,False,False,0.04872064489518513,0.03306569343065692,1.0,-0.03503893214682974,-1.0
2024-09-30,KITEX,3.0,True,True,True,False,False,False,False,0.04877632535015941,0.08463071366297173,1.0,-0.05642047577531449,-1.0
2024-10-01,SURANASOL,1.0,True,True,True,True,False,True,False,0.04873663241170423,-0.046777856798733614,-1.0,-0.046777856798733614,-1.0
2024-10-01,RPOWER,2.0,True,True,False,False,False,True,True,0.01938420841439381,-0.03654615104996785,-1.0,-0.0708389326166251,-1.0
2024-10-01,SHAKTIPUMP,3.0,True,True,False,False,False,False,False,0.04276030345181425,0.06063567462175878,1.0,-0.04042378308117252,-1.0
2024-10-03,SURANASOL,1.0,True,True,False,False,False,False,True,-0.03708167490453196,-0.04368963859633788,-1.0,-0.06349206349206349,-1.0
2024-10-03,RPOWER,3.0,True,True,False,False,False,False,False,-0.004484312447328609,-0.03707254713966124,-1.0,-0.03707254713966124,-1.0
2024-10-09,TARIL,1.0,True,True,True,True,False,False,False,0.04880361958826551,0.0716606789650022,1.0,0.10239504843918179,1.0
2024-10-10,TARIL,1.0,True,True,True,True,False,False,False,0.04871327362308708,0.06916999846224818,1.0,0.07522747661155971,1.0
2024-10-10,ZENTEC,2.0,True,True,False,False,False,False,False,0.006230870592577098,-0.019758251975825147,0.0,-0.042495922900385945,-1.0
2024-10-10,SHAKTIPUMP,3.0,True,True,False,False,False,False,False,0.029043318460462153,-0.04840930881199337,-1.0,-0.04840930881199337,-1.0
2024-10-11,TARIL,1.0,True,True,True,False,False,False,False,0.04877185602505385,0.06768001318174327,1.0,0.06768001318174327,1.0
2024-10-11,MINDTECK,2.0,True,True,True,True,False,False,False,0.019773074722149175,0.0316705242760254,1.0,0.03989656446250467,1.0
2024-10-11,WOCKPHARMA,3.0,True,True,True,True,False,False,False,0.048754332791891564,0.05924970439643128,1.0,0.05924970439643128,1.0
2024-10-14,WOCKPHARMA,1.0,True,True,False,False,False,False,False,0.017381857967982306,0.0575462233051455,1.0,0.0575462233051455,1.0
2024-10-14,MINDTECK,2.0,True,True,True,True,False,False,False,0.01975192231585332,0.030615072035463622,1.0,-0.022093444404201468,-1.0
2024-10-14,TARIL,3.0,True,True,False,False,False,False,False,0.02376038931943647,0.06471988282680334,1.0,-0.04314658855120223,-1.0
2024-10-15,MINDTECK,1.0,True,True,True,False,False,False,True,0.019369328643636052,-0.01977803073420604,-1.0,-0.035523978685612745,-1.0
2024-10-15,SIMPLEXINF,2.0,True,True,True,True,False,False,False,0.04876116899712635,0.09192061236916116,1.0,-0.06344235676177234,-1.0
2024-10-15,TARIL,3.0,True,True,False,False,False,False,False,0.0,-0.044499618029029776,-1.0,-0.044499618029029776,-1.0
2024-10-16,20MICRONS,1.0,True,True,True,True,False,False,False,0.04879016416943216,0.08135919835560121,1.0,0.08135919835560121,1.0
2024-10-16,PANACEABIO,2.0,True,True,True,False,False,False,False,0.04869260795258512,-0.055736025753585036,-1.0,-0.055736025753585036,-1.0
2024-10-16,HIRECT,3.0,True,True,False,False,False,False,False,0.0688555182829722,0.07239978809818118,1.0,0.07239978809818118,1.0
2024-10-17,NITCO,1.0,True,True,True,False,False,False,False,0.04873657945507759,0.07866231405571839,1.0,-0.05244154270381226,-1.0
2024-10-17,20MICRONS,2.0,True,True,True,False,False,False,False,0.04864333207167171,0.07807223608868005,1.0,-0.03932125958557675,0.0
2024-10-17,HIRECT,3.0,True,True,False,False,False,False,False,0.001870907935811239,-0.04745853397538792,-1.0,-0.04745853397538792,-1.0
2024-10-18,NITCO,1.0,True,True,True,False,False,False,False,0.04875090614606847,-0.04994700270875046,-1.0,-0.04994700270875046,-1.0
2024-10-21,GFLLIMITED,1.0,True,True,False,False,False,False,False,0.046337175208365444,-0.0613732672556202,-1.0,-0.0613732672556202,-1.0
2024-10-21,SILVERIETF,2.0,False,False,False,False,True,False,False,0.00020319008502323044,-0.019225186518419576,-1.0,-0.019225186518419576,-1.0
2024-10-29,DCXINDIA,1.0,True,True,True,True,False,False,False,0.048723499724888875,0.06169588694087058,1.0,-0.0063703703703702486,0.0
2024-10-30,WEBELSOLAR,1.0,True,True,True,True,False,False,False,0.049001156890965625,0.0931367377083773,1.0,0.1019690576652601,1.0
2024-10-30,DCXINDIA,2.0,True,True,True,False,False,False,False,0.048719614943680156,0.06068253968253966,1.0,-0.04045502645502644,-1.0
2024-10-30,INDSWFTLAB,3.0,True,True,True,True,False,False,False,0.019758395542195828,-0.010931806350858997,0.0,-0.030282408982647224,0.0
2024-10-31,ROSSELLIND,1.0,True,True,True,True,False,False,False,0.04875161441132647,0.08433147747360772,1.0,0.0038550501156513484,0.0
2024-10-31,WEBELSOLAR,2.0,True,True,False,False,False,False,False,0.039977756394974584,0.09064195298372515,1.0,0.09064195298372515,1.0
2024-11-01,ROSSELLIND,1.0,True,True,True,True,False,False,False,0.04869050484687598,-0.016301354774754917,0.0,-0.05210611615502023,-1.0
2024-11-01,KITEX,2.0,True,True,False,False,False,False,False,0.042376178666653885,0.07383922020752544,1.0,-0.04922614680501696,-1.0
2024-11-01,WEBELSOLAR,3.0,True,True,True,False,False,False,False,0.04837544481683054,0.08539852645679841,1.0,-0.05693235097119893,-1.0
2024-11-04,KITEX,1.0,True,True,False,False,False,False,False,0.013879473327737202,-0.047735516288975426,-1.0,-0.047735516288975426,-1.0
2024-11-04,WEBELSOLAR,2.0,True,True,False,False,False,False,False,0.013941924180695509,-0.05351444981310969,-1.0,-0.05351444981310969,-1.0
2024-11-04,ROSSELLIND,3.0,True,True,False,False,False,False,False,-0.004415946614659383,-0.04942749235657335,-1.0,-0.04942749235657335,-1.0
2024-11-05,PANACEABIO,1.0,True,True,True,False,False,False,False,0.04877753639210969,-0.05277114823654203,-1.0,-0.05277114823654203,-1.0
2024-11-07,KITEX,1.0,True,True,False,False,False,False,False,0.019395930347578805,-0.05179394338380515,-1.0,-0.05179394338380515,-1.0
2024-11-07,MAFANG,2.0,False,False,False,False,True,False,False,0.0,0.03641463380809073,1.0,0.03641463380809073,1.0
2024-11-07,V2RETAIL,3.0,True,True,False,False,False,False,False,-0.003941668485332173,-0.047993705743509064,-1.0,-0.047993705743509064,-1.0
2024-11-08,20MICRONS,1.0,True,True,True,False,False,True,False,0.01979866690798282,-0.02161179559684913,-1.0,-0.02161179559684913,-1.0
2024-11-11,GVT&D,1.0,True,True,True,False,False,False,False,0.048786144884904736,0.0812727842733751,1.0,-0.07502679528403,-1.0
2024-11-11,63MOONS,2.0,True,True,True,False,False,False,False,0.04877397259067173,-0.05974644192937287,-1.0,-0.05974644192937287,-1.0
2024-11-11,JSWHL,3.0,True,True,False,False,False,False,False,0.02395927028073963,-0.05505935728042771,-1.0,-0.05505935728042771,-1.0
2024-11-12,GVT&D,3.0,True,True,False,False,False,False,False,-0.022217115390697373,-0.05064117286786096,-1.0,-0.0542465753424658,-1.0
2024-11-22,BANCOINDIA,3.0,True,True,False,False,False,False,False,0.04418215331004838,0.02480070859167416,0.0,-0.051524737441477904,-1.0
2024-11-25,20MICRONS,1.0,True,True,True,False,False,False,False,0.01976391836796143,-0.022451665465484306,-1.0,-0.022451665465484306,-1.0
2024-11-25,NITCO,3.0,True,True,True,True,False,False,False,0.019773380831344056,0.03647189734362419,1.0,0.0403769599480055,1.0
2024-11-26,NITCO,1.0,True,True,True,True,False,False,False,0.019788290481389303,0.031962675394310754,1.0,0.03990442054958199,1.0
2024-11-26,SHAKTIPUMP,3.0,True,True,False,False,False,False,False,0.007974569669656262,-0.04435228385461668,-1.0,-0.04435228385461668,-1.0
2024-11-27,GMRP&UI,1.0,True,True,False,False,False,False,False,0.02184708866516072,-0.013858813339107878,0.0,-0.03516949152542381,0.0
2024-11-27,KERNEX,2.0,True,True,True,True,False,False,False,0.0487496518232895,0.0697760387830338,1.0,0.02511816340310613,0.0
2024-11-27,NITCO,3.0,True,True,True,False,False,False,False,0.019794818487062216,0.031396142686465234,1.0,-0.030532562861158796,-1.0
2024-11-28,KERNEX,1.0,True,True,False,False,False,False,False,0.03032550509657117,0.06791743030770717,1.0,-0.04527828687180478,-1.0
2024-11-28,REFEX,2.0,True,True,False,False,False,False,False,0.009665802197009299,0.06204833208070759,1.0,0.06813627254509025,1.0
2024-11-29,NDL,1.0,True,False,True,True,False,False,False,0.018054652911816627,0.0294968189705032,1.0,0.03976143141153088,1.0
2024-11-29,63MOONS,2.0,True,True,False,False,False,False,False,0.03548389009874153,0.06907203723054717,1.0,-0.046048024820364776,-1.0
2024-11-29,OSIAHYPER,3.0,True,True,True,True,False,False,False,0.04854368674140863,0.09173991620800132,1.0,-0.06847439057792382,-1.0
2024-12-02,20MICRONS,1.0,True,True,True,True,False,False,False,0.04878628038017485,0.0352904680345346,1.0,0.049984464812800944,1.0
2024-12-02,NDL,2.0,True,False,True,True,False,False,False,0.019685675071030362,0.028330019880715724,1.0,0.03898635477582846,1.0
2024-12-02,OSIAHYPER,3.0,True,True,False,False,False,False,False,0.0386833081740936,-0.05728371874633174,-1.0,-0.05728371874633174,-1.0
2024-12-03,20MICRONS,1.0,True,True,True,False,False,False,False,0.04877536864359833,-0.023061430568809795,-1.0,-0.023061430568809795,-1.0
2024-12-03,NDL,2.0,True,True,True,True,False,False,False,0.019305618894153387,0.027360066833751057,1.0,-0.01824004455583404,-1.0
2024-12-04,NDL,1.0,True,True,True,False,False,False,False,0.01893996010092147,-0.0176181371210052,-1.0,-0.0176181371210052,-1.0
2024-12-04,RPOWER,2.0,True,True,False,False,False,False,False,0.04310704303865265,0.07029864756805618,1.0,0.07029864756805618,1.0
2024-12-05,HUBTOWN,1.0,True,True,True,False,False,False,False,0.04872068997327883,-0.0347358914387606,-1.0,-0.0347358914387606,-1.0
2024-12-05,63MOONS,2.0,True,True,False,False,False,False,False,0.027532936911424777,0.06447299765196973,1.0,0.0875634517766497,1.0
2024-12-09,KERNEX,1.0,True,True,True,True,False,False,False,0.048760271037376235,0.080580217020895,1.0,0.10247518832954672,1.0
2024-12-09,KITEX,2.0,True,True,False,False,False,False,False,0.035952847889657136,0.07002980290718927,1.0,0.10252515663565598,1.0
2024-12-09,NITCO,3.0,True,True,True,False,False,False,False,0.04873216121126411,0.0337431485992692,1.0,-0.022495432399512797,-1.0
2024-12-10,KERNEX,1.0,True,True,True,True,False,False,False,0.04877308197846997,0.07809056900292104,1.0,0.08947348441711256,1.0
2024-12-10,NITCO,2.0,True,True,False,False,False,False,False,0.0005798782418224846,0.03548641034139874,1.0,0.03548641034139874,1.0
2024-12-11,KERNEX,1.0,True,True,True,False,False,False,False,0.048784741190644354,0.07571949175980608,1.0,0.08315256688358641,1.0
2024-12-11,TARIL,2.0,True,True,True,False,False,False,False,0.047422678551607866,0.06428374329864397,1.0,-0.042855828865762655,-1.0
2024-12-11,63MOONS,3.0,True,True,False,False,False,False,False,0.027622799840646195,-0.03871512641673932,-1.0,-0.03871512641673932,-1.0
2024-12-12,CENTUM,1.0,True,True,False,False,False,False,False,0.01750836305447656,0.07029849143716112,1.0,-0.04686566095810741,-1.0
2024-12-12,KERNEX,2.0,True,True,False,False,False,False,False,0.03690979652896331,0.0704214440656957,1.0,0.10104529616724744,1.0
2024-12-12,RPOWER,3.0,True,True,False,False,False,False,False,0.007755316767477982,-0.04229485912011863,-1.0,-0.04229485912011863,-1.0
2024-12-13,KERNEX,1.0,True,True,False,False,False,False,False,0.031085668242974762,0.06935529092331076,1.0,-0.046236860615540505,-1.0
2024-12-13,MAFANG,2.0,False,False,False,False,True,False,False,-0.0035075971631535197,0.0358872298081119,1.0,0.04029605263157898,1.0
2024-12-16,SKYGOLD,1.0,True,True,True,False,False,True,True,0.04875946153974908,-0.05138773755795035,-1.0,-0.09743117388189548,-1.0
2024-12-16,63MOONS,2.0,True,True,True,True,False,False,False,0.048763575849679164,0.07346255084948551,1.0,0.07346255084948551,1.0
2024-12-16,KERNEX,3.0,True,True,False,False,False,False,False,0.03559438484444666,-0.04479422856205935,-1.0,-0.04479422856205935,-1.0
2024-12-17,63MOONS,1.0,True,True,False,False,False,False,False,0.020683315019045523,0.0717438371253846,1.0,0.0717438371253846,1.0
2024-12-17,SKYGOLD,2.0,True,True,False,False,False,False,True,-0.007292929452868968,-0.04946854394198578,-1.0,-0.09082474226804127,-1.0
2024-12-18,MAFANG,1.0,False,True,False,False,True,False,False,-0.010618801697152236,-0.022603393588519705,-1.0,-0.022603393588519705,-1.0
2024-12-19,63MOONS,1.0,True,True,False,False,False,False,False,0.034628278288901804,-0.04956692122882208,-1.0,-0.04956692122882208,-1.0
2024-12-19,AVALON,2.0,True,True,False,False,False,False,False,0.024262558018272706,0.07355410146580856,1.0,-0.04903606764387237,-1.0
2024-12-19,KERNEX,3.0,True,True,False,False,False,False,False,0.004881174619177919,-0.04996551837378083,-1.0,-0.04996551837378083,-1.0
2024-12-23,AUTOIETF,3.0,False,False,False,False,True,False,False,0.0012984204377728403,0.026217286394852518,1.0,0.026217286394852518,1.0
2024-12-24,MAFANG,1.0,False,False,False,False,True,False,False,0.012290078438201846,0.001936829558998765,0.0,-0.010301692420897735,0.0
2024-12-26,SHAKTIPUMP,1.0,True,True,False,False,False,False,False,0.022076770834528858,0.06562525122598283,1.0,-0.07793577981651378,-1.0
2024-12-27,GMRP&UI,1.0,True,True,True,True,False,False,False,0.04877279114452726,0.057714859019127526,1.0,0.08582348853370392,1.0
2024-12-27,MAFANG,2.0,False,False,False,False,True,False,False,-0.0004344992464622166,-0.024424930702081005,-1.0,-0.024424930702081005,-1.0
2024-12-30,GMRP&UI,1.0,True,True,False,False,False,False,False,0.04484447029560812,0.05606572024223171,1.0,0.07973421926910285,1.0
2025-01-03,AXISCADES,1.0,True,True,False,False,False,False,False,0.008481815055908726,-0.042798734485276234,-1.0,-0.042798734485276234,-1.0
2025-01-03,ASTEC,2.0,True,True,False,False,False,False,False,0.046840634688114946,-0.03176492410424465,-1.0,-0.03176492410424465,-1.0
2025-01-03,MAFANG,3.0,False,False,False,False,True,False,False,-0.05575369158183818,-0.03256807530704586,-1.0,0.008297824624355021,0.0
2025-01-08,ELECTHERM,1.0,True,True,True,True,False,False,False,0.04876638606668582,-0.059887412022065836,-1.0,-0.09745174969286252,-1.0
2025-01-08,SHAKTIPUMP,2.0,True,True,False,False,False,False,False,0.008993898181780757,-0.052520461655309415,-1.0,-0.052520461655309415,-1.0
2025-01-09,ELECTHERM,3.0,True,True,False,False,False,False,False,0.005020467920615168,-0.055850898200202705,-1.0,-0.10197160883280754,-1.0
2025-01-14,MSPL,1.0,True,True,False,False,False,False,False,0.04614608239571183,0.07513360876321871,1.0,-0.05008907250881248,-1.0
2025-01-16,URJA,3.0,True,True,False,False,False,True,True,0.0069808311413401825,-0.043032274205654225,-1.0,-0.06202898550724645,-1.0
2025-01-17,NITCO,1.0,True,True,True,False,False,False,False,0.04874119377202746,0.08410722155764024,1.0,-0.026444662095984284,0.0
2025-01-20,SERVOTECH,1.0,True,True,False,False,False,False,False,0.0001257940752648068,-0.04395431590676276,-1.0,-0.04395431590676276,-1.0
2025-01-21,SHAKTIPUMP,1.0,True,True,False,False,False,True,True,0.018738622606907285,-0.06795035895152764,-1.0,-0.07200509770603225,-1.0
2025-01-22,MASPTOP50,3.0,False,False,False,False,True,False,False,-0.032844496014004854,-0.04210501651866257,-1.0,-0.04210501651866257,-1.0
2025-01-24,V2RETAIL,1.0,True,True,True,False,False,False,False,0.048764297975252724,-0.05272755490028711,-1.0,-0.05272755490028711,-1.0
2025-01-29,PCJEWELLER,1.0,True,True,False,False,False,False,False,0.0,0.07897201123712413,1.0,0.08011653313911138,1.0
2025-01-29,SUZLON,3.0,True,True,True,True,False,False,False,0.048636746335661396,0.07607812880695203,1.0,0.09205776173285196,1.0
2025-01-30,KPIGREEN,1.0,True,True,True,True,False,False,False,0.04867446163371625,0.08129504481512483,1.0,0.08129504481512483,1.0
2025-01-30,TARC,2.0,True,True,True,False,False,False,False,0.048757962025840484,-0.06277706814937262,-1.0,-0.06277706814937262,-1.0
2025-01-31,JAICORPLTD,1.0,True,True,False,False,False,False,False,-0.0014695079793591859,0.057709251101321746,0.0,0.059264705882353,0.0
2025-01-31,KPIGREEN,2.0,True,True,False,False,False,False,False,-0.01260290653676499,0.07582843918945198,1.0,0.09456851392335275,1.0
2025-02-03,SKYGOLD,1.0,True,True,True,True,False,False,False,0.04878332331172519,0.08799536191433907,1.0,0.08799536191433907,1.0
2025-02-04,SKYGOLD,1.0,True,True,True,True,False,False,False,0.048731526326506014,0.08456794949475208,1.0,-0.05637863299650138,-1.0
2025-02-05,SKYGOLD,1.0,True,True,False,False,False,False,False,-0.009689744532475508,-0.054395174801742434,-1.0,-0.054395174801742434,-1.0
2025-02-05,PCJEWELLER,2.0,True,True,False,False,False,False,False,0.05811276415892275,-0.0483768300445576,-1.0,-0.0483768300445576,-1.0
2025-02-05,TARIL,3.0,True,True,True,False,False,False,False,0.04873757088207675,0.11145539329979137,1.0,-0.037751285647498856,0.0
2025-02-06,MAFANG,3.0,False,False,False,False,True,False,False,-0.00035618878381971086,0.010683760683760646,0.0,0.011043819023869084,0.0
2025-02-07,KPIGREEN,1.0,True,True,True,False,False,False,False,0.021149926248521744,-0.04546548534123558,-1.0,-0.04546548534123558,-1.0
2025-02-07,MAFANG,2.0,False,False,False,False,True,False,False,0.010684763536957576,0.0016254416961130058,0.0,-0.009019717522025017,0.0
2025-02-10,NITCO,1.0,True,True,False,False,False,True,True,-0.014994925728076147,-0.022797070635483103,-1.0,-0.0250999200639489,-1.0
2025-02-17,MAFANG,3.0,False,False,False,False,True,False,False,0.0029837304861501934,0.033393725801648025,1.0,0.033393725801648025,1.0
2025-02-19,JAICORPLTD,1.0,True,True,False,False,False,False,False,-0.0003532944746158506,-0.06272392390371902,-1.0,-0.06272392390371902,-1.0
2025-02-20,63MOONS,1.0,True,True,True,False,False,False,False,0.04873053774649083,0.07761287471459086,1.0,-0.061381971238162025,-1.0
2025-02-20,BORORENEW,2.0,True,True,False,False,False,False,False,0.01858806268737556,-0.053042172184744454,-1.0,-0.053042172184744454,-1.0
2025-02-20,ELECTHERM,3.0,True,True,True,False,False,False,False,0.04876213241880034,0.09330237425600105,1.0,-0.038248302497975395,0.0
2025-03-04,JAICORPLTD,1.0,True,True,False,False,False,False,False,0.002963570714320518,0.10464274748892496,1.0,0.10464274748892496,1.0
2025-03-04,MSPL,2.0,True,True,False,False,False,False,False,-0.0004238186119809306,0.1041918886198547,1.0,0.10682492581602365,1.0
2025-03-05,MSPL,1.0,True,True,False,False,False,False,False,0.04033761572657557,0.09758734002075406,1.0,0.11124031007751944,1.0
2025-03-06,RPPINFRA,1.0,True,True,True,True,False,False,False,0.0487591280278421,0.08281089972378261,1.0,-0.06683219532381546,-1.0
2025-03-06,JSWHL,2.0,True,True,False,False,False,False,False,0.015337656417584,0.07138902991613842,1.0,-0.047592686610758946,-1.0
2025-03-06,PTCIL,3.0,True,True,False,False,False,False,False,0.015902638841428285,0.01829273412768395,0.0,0.0022272727272727444,0.0
2025-03-07,BBOX,1.0,True,True,False,False,False,False,False,0.018239206276506437,-0.06719640697875279,-1.0,-0.06719640697875279,-1.0
2025-03-07,RPPINFRA,2.0,True,True,False,False,False,False,False,0.013767812253633771,-0.05139270688618918,-1.0,-0.05139270688618918,-1.0
2025-03-07,JAICORPLTD,3.0,True,True,False,False,False,False,False,0.005058644956259961,-0.06081143384047948,-1.0,-0.08256880733944949,-1.0
2025-03-18,SBGLP,1.0,True,True,True,True,False,False,False,0.048492402862096995,0.0896559018474122,1.0,0.09184952978056415,1.0
2025-03-19,SBGLP,1.0,True,True,True,True,False,False,False,0.04864087701531439,0.08269144648454993,1.0,0.08181546730367262,0.0
2025-03-19,SENCO,2.0,True,True,True,True,False,False,False,0.04879016416943216,0.09859596510359869,1.0,0.10232642675390768,1.0
2025-03-19,ELECTHERM,3.0,True,True,False,False,False,False,False,-0.020179053218368104,0.03791309937761153,1.0,0.03791309937761153,1.0
2025-03-20,SBGLP,1.0,True,True,True,True,False,False,False,0.019515699210685522,0.07681397432069273,1.0,0.039531478770131745,0.0
2025-03-20,SENCO,2.0,True,True,False,False,False,False,False,0.024595082322662165,0.09306356130238354,1.0,0.09306356130238354,1.0
2025-03-21,SBGLP,1.0,True,True,True,True,False,False,False,0.01971649836111089,0.01874084919472918,0.0,-0.001148435256962399,0.0
2025-03-21,ELECTHERM,2.0,True,True,True,True,False,False,False,0.019791062212708432,0.03074064018424723,1.0,0.040349524543819015,1.0
2025-03-24,SALASAR,1.0,True,True,False,False,False,False,False,0.08234694769827478,-0.03818880189097354,-1.0,-0.03818880189097354,-1.0
2025-03-24,WINDMACHIN,2.0,True,True,True,False,False,False,False,0.04876240950025501,-0.004570692352526162,0.0,-0.049613704188997916,-1.0
2025-03-24,KITEX,3.0,True,True,True,False,False,False,False,0.04879016416943216,-0.04931469298245615,-1.0,-0.04931469298245615,-1.0
2025-03-25,SBGLP,1.0,True,True,True,True,False,False,False,0.01979158678301607,0.01858108108108092,0.0,-0.05906707148771717,-1.0
2025-03-25,KERNEX,2.0,True,True,False,False,False,False,False,0.0111661152564837,-0.05704627530024354,-1.0,-0.05704627530024354,-1.0
2025-03-25,DHANBANK,3.0,True,True,False,False,False,False,False,0.04754715592983505,0.05590062111801242,1.0,-0.03726708074534161,-1.0
2025-03-26,SBGLP,1.0,True,True,False,False,False,True,False,-0.020354808425615545,-0.03743937541895035,-1.0,-0.03971830985915481,-1.0
2025-03-26,WEBELSOLAR,2.0,True,True,False,False,False,False,False,0.015575211785471943,0.07686980609418285,1.0,-0.0512465373961219,-1.0
2025-04-01,SBGLP,3.0,True,True,True,True,False,False,False,0.01953732252577023,0.05121597680785953,1.0,0.03924820342730806,0.0
2025-04-02,AVONMORE,1.0,True,True,True,True,False,False,False,0.048409139207687524,0.08874285714285714,1.0,0.059959349593496025,0.0
2025-04-02,SBGLP,2.0,True,True,True,True,False,False,False,0.019705071079332726,0.04797441364605542,1.0,0.0392953929539297,0.0
2025-04-02,TARC,3.0,True,True,True,True,False,False,False,0.04874104946202262,0.07763792123597633,1.0,-0.05732528767892231,-1.0
2025-04-03,AVONMORE,1.0,True,True,True,False,False,False,False,0.048596572067385324,0.08079268292682928,0.0,-0.05632984901277583,-1.0
2025-04-03,SBGLP,2.0,True,True,True,True,False,False,False,0.01959005355886445,0.04509291521486641,1.0,0.03933032155195315,0.0
2025-04-03,TARC,3.0,True,True,True,False,False,False,False,0.04875006874231058,-0.050288681287839296,-1.0,-0.050288681287839296,-1.0
2025-04-04,SBGLP,2.0,True,True,False,False,False,False,False,-0.020403392359293004,0.03880832162788048,1.0,0.04014103607268793,1.0
2025-04-07,SBGLP,1.0,False,False,True,True,False,False,False,0.019605838149795662,0.037835638730675344,1.0,0.04015957446808516,1.0
2025-04-08,SBGLP,1.0,True,True,True,True,False,False,False,0.019750477417416423,0.03507788753799392,1.0,0.0401564537157757,1.0
2025-04-09,NACLIND,1.0,True,True,True,False,False,False,False,0.04874358863555095,0.07663326613305654,1.0,0.10240202275600518,1.0
2025-04-09,AVONMORE,2.0,True,True,False,False,False,False,False,0.0,0.07574304889741135,0.0,0.07574304889741135,0.0
2025-04-09,SBGLP,3.0,True,True,True,True,False,False,False,0.019623660954157796,0.03226857887874838,1.0,0.03226857887874838,1.0
2025-04-11,SBGLP,1.0,True,True,True,False,False,False,False,0.019747477149892223,0.02936771742703729,1.0,0.03409375783404367,1.0
2025-04-11,KITEX,2.0,True,True,True,True,False,False,False,0.048757450755293696,0.07073342274853607,1.0,0.07073342274853607,1.0
2025-04-15,KITEX,1.0,True,True,True,True,False,False,False,0.04877770163492556,0.07010131977418026,1.0,-0.04673421318278684,-1.0
2025-04-15,AVONMORE,2.0,True,True,True,False,False,False,False,0.019630851815350958,0.02305209774089434,0.0,0.0031645569620253333,0.0
2025-04-15,NACLIND,3.0,True,True,True,False,False,False,False,0.048729808675554764,0.0707631721890277,1.0,0.10242636407532602,1.0
2025-04-16,KITEX,1.0,True,True,False,False,False,False,False,-0.002995508979798167,-0.045334235389070866,-1.0,-0.045334235389070866,-1.0
2025-04-16,ASHAPURMIN,2.0,True,True,False,False,False,False,False,0.007976240299650605,-0.048965842851695134,-1.0,-0.048965842851695134,-1.0
2025-04-16,NACLIND,3.0,True,True,True,False,False,False,False,0.048767170642109114,0.06884614058080982,1.0,0.10243734191768228,1.0
2025-04-17,SBGLP,1.0,True,True,True,True,False,False,False,0.01960847138837618,0.029133749611894987,1.0,0.03954534690977973,1.0
2025-04-17,HERANBA,2.0,True,True,True,True,False,False,False,0.04876277028648435,0.07339953431036844,1.0,-0.011834319526627057,0.0
2025-04-17,NACLIND,3.0,True,True,True,False,False,False,False,0.048746365511853185,0.06770645140097888,1.0,0.10249110320284704,1.0
2025-04-21,SWELECTES,1.0,True,True,True,True,False,False,False,0.01972981225788839,0.02544412385006533,1.0,0.04031613533433975,1.0
2025-04-21,HERANBA,2.0,True,True,True,False,False,False,True,0.04875885595571905,-0.031631236759441794,0.0,-0.058860363180964215,-1.0
2025-04-21,NACLIND,3.0,True,True,True,True,False,False,False,0.04877712848424398,0.06708380587384147,1.0,-0.044722537249227645,-1.0
2025-04-22,NACLIND,1.0,True,True,True,False,False,False,False,0.048795130164778655,-0.04273497906827763,-1.0,-0.04273497906827763,-1.0
2025-04-22,SWELECTES,2.0,True,True,True,False,False,False,False,0.019783473727216005,0.024899463381836157,1.0,0.04030994253874298,1.0
2025-04-22,KABRAEXTRU,3.0,True,True,False,False,False,False,False,0.027212563524884992,-0.05731527093596056,-1.0,-0.05731527093596056,-1.0
2025-04-24,SWELECTES,1.0,True,True,True,False,False,False,False,0.01977752090785767,0.024080848728736046,1.0,-0.016053899152490697,-1.0
2025-04-24,MASPTOP50,2.0,False,True,False,False,True,False,False,0.02397238248025868,0.028103517994338967,0.0,0.003750493485985107,0.0
2025-04-25,MAFANG,2.0,False,True,False,False,True,False,False,0.045786483018328994,0.060301184142783584,1.0,-0.04020078942852239,-1.0
2025-04-29,EBBETF0430,2.0,False,False,False,False,True,False,False,0.010417449418285152,-0.020604924982391786,-1.0,-0.04040138353696232,-1.0
2025-05-12,VAKRANGEE,1.0,True,True,False,False,False,False,False,0.0432328791045653,0.05899784482758616,1.0,-0.03933189655172411,-1.0
2025-05-13,JAICORPLTD,1.0,True,True,False,False,False,False,False,0.010760388591092962,0.058869444401080315,1.0,0.058869444401080315,1.0
2025-05-13,KABRAEXTRU,2.0,True,True,False,False,False,False,False,0.019871221706484476,0.016387405634321395,0.0,-0.0036101083032491488,0.0
2025-05-14,63MOONS,2.0,True,True,False,False,False,False,False,0.0486651719812814,0.07330333708286467,1.0,0.07692307692307687,1.0
2025-05-15,HERANBA,1.0,True,True,True,True,False,False,False,0.01975419329773942,0.032617192801498336,1.0,0.04023845007451565,1.0
2025-05-16,HERANBA,1.0,True,True,True,True,False,False,False,0.019736876033183748,0.031867415371513746,1.0,0.031867415371513746,1.0
2025-05-19,ZENTEC,1.0,True,True,False,False,False,False,False,0.048726990181931384,-0.00355531971345191,0.0,-0.039703597013228224,-1.0
2025-05-19,KPIGREEN,2.0,True,True,False,False,False,False,False,0.018562491166633777,-0.050861790052648605,-1.0,-0.050861790052648605,-1.0
2025-05-19,KITEX,3.0,True,True,False,False,False,False,False,0.027626442264323536,0.07373371247215593,1.0,-0.04915580831477062,-1.0
2025-05-20,HONDAPOWER,1.0,True,True,False,False,False,False,False,0.02491056797162461,0.07105663005286317,1.0,-0.04737108670190878,-1.0
2025-05-20,HLEGLAS,2.0,True,True,False,False,False,False,False,0.05734225426697659,0.06178591127570719,1.0,0.06178591127570719,1.0
2025-05-20,TATVA,3.0,True,True,False,False,False,False,False,0.021503857585443598,0.07740459639665198,1.0,-0.025593952483801363,0.0
2025-05-22,COSMOFIRST,1.0,True,True,False,False,False,False,False,0.1507473866955502,0.07128026748638301,1.0,-0.04752017832425534,-1.0
2025-05-22,AXISCADES,3.0,True,True,False,False,False,False,False,-9.836710611921262e-05,-0.052230364432203795,-1.0,-0.052230364432203795,-1.0
2025-05-23,APOLLOPIPE,1.0,True,True,False,False,False,False,False,-0.025050476656970133,-0.04643368285772703,-1.0,-0.04643368285772703,-1.0
2025-05-23,HERANBA,3.0,True,True,False,False,False,False,False,-0.02018197455249382,-0.020439262735232947,-1.0,0.030658894102849422,1.0
2025-05-26,KERNEX,1.0,True,True,False,False,False,False,False,0.02431098898935069,0.0753263980553341,1.0,-0.05021759870355607,-1.0
2025-05-26,V2RETAIL,2.0,True,True,False,False,False,False,False,0.006018072325562507,-0.03761856855418224,-1.0,-0.06150000000000011,-1.0
2025-05-26,SWSOLAR,3.0,True,True,False,False,False,False,False,0.009331327428884428,0.06642485119047616,1.0,0.06642485119047616,1.0
2025-05-27,SUVEN,1.0,True,True,False,False,False,False,False,0.06175309285808961,0.010022082554781875,0.0,-0.06372091048072023,-1.0
2025-05-27,ITI,3.0,True,True,False,False,False,False,False,0.010454457903859016,0.0596084998267698,1.0,0.0596084998267698,1.0
2025-05-28,ITI,3.0,True,True,False,False,False,False,False,0.02897493731045664,0.06142248167825116,1.0,-0.043267171212337474,-1.0
2025-05-29,KERNEX,1.0,True,True,False,False,False,False,False,0.0,-0.051093935012465556,-1.0,-0.051093935012465556,-1.0
2025-05-29,SILVERIETF,3.0,False,False,False,False,True,False,False,0.02953611110199006,0.028437876522420816,1.0,-0.018958584348280544,-1.0
2025-06-02,AXISCADES,1.0,True,True,False,False,False,False,False,0.04487302102707069,-0.005668312305723178,0.0,-0.05323426573426582,-1.0
2025-06-02,ORCHPHARMA,2.0,True,True,True,False,False,False,False,0.04877934405917461,0.07556724121141299,1.0,0.07556724121141299,1.0
2025-06-04,KERNEX,1.0,True,True,False,False,False,False,False,0.006923400448796357,0.08388828985578275,1.0,0.09667802385008528,1.0
2025-06-05,AXISCADES,1.0,True,True,False,False,False,False,False,0.01142869582362227,-0.051061007957559676,-1.0,-0.051061007957559676,-1.0
2025-06-09,VAKRANGEE,1.0,True,True,False,False,False,False,False,0.009235571033082035,0.03236377025036817,1.0,0.04902962206332995,1.0
2025-06-09,GOCLCORP,2.0,True,True,False,False,False,False,False,0.04042650311703788,0.06042761113935491,1.0,-0.04028507409290327,-1.0
2025-06-09,BALAJITELE,3.0,True,True,False,False,False,False,False,0.041708912538482856,0.05806344276841171,1.0,-0.038708961845607806,-1.0
2025-06-11,GTLINFRA,1.0,True,True,False,False,False,False,False,0.04852704089466031,0.05623520126282562,1.0,-0.03749013417521708,-1.0
2025-06-11,SUVEN,3.0,True,True,False,False,False,False,False,0.01199161285237782,0.08666591484784343,1.0,0.08666591484784343,1.0
2025-06-16,GOLDIETF,2.0,False,False,False,False,True,False,False,0.024613088372364977,-0.02585834054161954,-1.0,-0.02585834054161954,-1.0
2025-06-16,MON100,3.0,False,False,False,False,True,False,False,0.024661555494598808,0.025239044297340234,1.0,-0.016826029531560156,-1.0
2025-06-17,AXISCADES,1.0,True,True,True,True,False,False,False,0.04878643839395913,0.07670425967116368,1.0,0.07670425967116368,1.0
2025-06-18,AXISCADES,1.0,True,True,False,False,False,False,False,0.042311198071722345,0.07418565041515865,1.0,-0.04945710027677243,-1.0
2025-06-19,AXISCADES,1.0,True,True,False,False,False,False,False,0.004531622850895367,-0.04913470604337116,-1.0,-0.04913470604337116,-1.0
2025-06-23,IDEAFORGE,1.0,True,True,False,False,False,False,False,0.02909835159905949,-0.05703882122784996,-1.0,-0.05703882122784996,-1.0
2025-06-23,APOLLO,2.0,True,True,False,False,False,False,False,0.01392133851860855,-0.05177236315086784,-1.0,-0.05177236315086784,-1.0
2025-06-23,AXISCADES,3.0,False,False,True,False,False,False,False,0.019877474171981824,-0.0539577063682818,-1.0,-0.0539577063682818,-1.0
2025-06-24,BAJEL,2.0,True,True,True,True,False,False,False,0.04876448396501587,0.0626139544439023,1.0,0.011470638589282656,0.0
2025-06-24,VAKRANGEE,3.0,True,True,True,True,False,False,False,0.01890812633683492,0.03090440842296619,1.0,0.03954214360041641,1.0
2025-06-25,ELIN,1.0,True,True,True,False,False,False,False,0.01977689048195952,0.050248245163499364,1.0,-0.013036423655793605,0.0
2025-06-25,BAJEL,2.0,True,True,False,False,False,False,False,0.026815786635136618,-0.010571819893853807,0.0,-0.04031538141707632,-1.0
2025-06-26,VAKRANGEE,1.0,True,True,True,False,False,False,False,0.01920220698393571,-0.019606413994169077,-1.0,-0.019606413994169077,-1.0
2025-06-27,NACLIND,1.0,True,True,False,False,False,False,False,0.028540868070737524,0.0625627519443737,1.0,-0.04170850129624914,-1.0
2025-06-27,ELIN,2.0,True,True,False,False,False,False,False,0.0,-0.025393777917091104,-1.0,-0.025393777917091104,-1.0
2025-06-27,BANKIETF,3.0,False,False,False,False,True,False,False,0.011326298073965013,0.029162821197843285,1.0,-0.01944188079856219,-1.0
2025-06-30,NITCO,1.0,True,True,False,False,False,False,False,0.0218824201456842,0.06024669298827059,1.0,0.06024669298827059,1.0
2025-06-30,NACLIND,2.0,True,True,False,False,False,False,False,0.04316302558273222,0.06444948727280514,1.0,0.10860204765094239,1.0
2025-07-01,GABRIEL,1.0,True,True,True,False,False,False,False,0.1823215567939549,0.05997584438699835,1.0,-0.0399838962579989,-1.0
2025-07-01,NACLIND,2.0,True,True,True,True,False,False,False,0.04879242969080266,0.06368217870905915,1.0,0.09660172179429094,1.0
2025-07-01,MIDCAPIETF,3.0,False,False,False,False,True,False,False,0.003974392513510061,-0.0026548672566372167,0.0,-0.0066108417805201825,0.0
2025-07-02,NACLIND,1.0,True,True,True,True,False,False,False,0.04872543296573273,0.0602611819535245,1.0,-0.040174121302349666,-1.0
2025-07-03,NACLIND,1.0,True,True,False,False,False,False,False,0.0434906211414825,-0.03826046213410274,-1.0,-0.03826046213410274,-1.0
2025-07-04,PARAS,2.0,True,True,False,False,False,False,False,0.0004283572564967031,-0.03919543395764475,-1.0,-0.03919543395764475,-1.0
2025-07-08,MASPTOP50,2.0,False,False,False,False,True,False,False,0.018367691371790507,-0.030587949465500485,-1.0,-0.030587949465500485,-1.0
2025-07-09,NACLIND,3.0,True,True,False,False,False,False,False,-0.001831662090817865,-0.04936292847494975,-1.0,-0.04936292847494975,-1.0
2025-07-10,CENTRUM,1.0,True,True,False,False,False,False,False,-0.0005331911616588414,0.06290930551325008,1.0,0.06290930551325008,1.0
2025-07-10,ELIN,3.0,True,True,True,True,False,False,False,0.019751799858634733,0.027138912591972396,1.0,0.0403867403314917,1.0
2025-07-11,SILVERADD,1.0,False,True,False,False,False,False,False,0.024806049151096854,0.026611295681063143,1.0,-0.017740863787375428,-1.0
2025-07-11,ELIN,2.0,True,True,True,True,False,False,False,0.019802627296179764,0.027667719021310135,1.0,0.0399740006499838,1.0
2025-07-14,SKMEGGPROD,1.0,True,True,True,False,False,True,False,0.0489306234715805,-0.03549187619984078,-1.0,-0.03549187619984078,-1.0
2025-07-14,ELIN,2.0,True,True,True,True,False,False,False,0.01978988243554447,0.028703746692046957,1.0,0.059423291381233145,1.0
2025-07-14,SILVERIETF,3.0,False,False,False,False,True,False,False,-0.01583843051671696,-0.025141859450021828,-1.0,-0.028913525498891368,-1.0
2025-07-15,ELIN,1.0,True,True,True,False,False,False,False,0.01940583103023119,-0.018859479429815567,-1.0,-0.018859479429815567,-1.0
2025-07-15,WEBELSOLAR,3.0,True,True,False,False,False,False,False,0.010857869972049627,0.04795695570804744,1.0,0.04795695570804744,1.0
2025-07-16,DECCANCE,1.0,True,True,False,False,False,False,False,-0.04919024419077189,-0.04065780730897011,-1.0,0.06098671096345516,1.0
2025-07-16,NACLIND,2.0,True,True,False,False,False,False,False,0.04338872982006947,0.08354052074996168,1.0,0.08354052074996168,1.0
2025-07-17,NACLIND,1.0,True,True,True,False,False,False,False,0.048781153902232255,0.08098661981348831,1.0,0.08098661981348831,1.0
2025-07-18,ELECTHERM,1.0,True,True,True,False,False,False,False,0.04876178772755235,-0.0333823833440757,-1.0,-0.0333823833440757,-1.0
2025-07-23,BANKBEES,3.0,False,False,False,False,True,False,False,0.0012231793992327766,-0.009399231159647347,-1.0,-0.009399231159647347,-1.0
2025-07-24,SKMEGGPROD,1.0,True,True,True,True,False,False,False,0.01970342586759788,0.004047217537942682,0.0,-0.03293182365695011,-1.0
2025-07-30,NACLIND,1.0,True,True,False,False,False,False,False,0.02245474851728879,0.09007333404187484,1.0,-0.013024802549535752,0.0
2025-07-30,GVT&D,2.0,True,True,True,True,False,False,False,0.048771827825881964,0.055394961218988945,1.0,0.055394961218988945,1.0
2025-07-31,GVT&D,1.0,True,True,True,False,False,False,False,0.04877619339628936,0.05403508036631111,1.0,-0.036023386910874075,-1.0
2025-07-31,ORCHPHARMA,2.0,True,True,True,True,False,False,False,0.048764437718780584,0.043152350081037266,1.0,0.049974273218420295,1.0
2025-08-01,GVT&D,3.0,True,True,False,False,False,False,False,0.0,-0.03601490891491241,-1.0,-0.03601490891491241,-1.0
2025-08-04,SKMEGGPROD,1.0,True,True,True,False,False,False,False,0.019505014842383872,0.030098251764380277,1.0,0.03609879670677629,1.0
2025-08-05,SKMEGGPROD,1.0,True,True,False,False,False,False,False,-0.006034637973633572,0.029482945806568364,1.0,0.04237018158649253,1.0
2025-08-07,SKMEGGPROD,1.0,True,True,True,True,False,False,False,0.019753728736232823,0.027954666904168167,1.0,0.04034229828850844,1.0
2025-08-08,SKMEGGPROD,1.0,True,True,True,True,False,False,False,0.01967078102873554,0.02760434858539993,1.0,0.040455498951153634,1.0
2025-08-12,SKMEGGPROD,1.0,True,True,True,True,False,False,False,0.019779586086976053,0.027918834984052374,1.0,-0.018612556656034916,-1.0
2025-08-13,KITEX,1.0,True,True,True,False,False,False,False,0.048766260072667045,0.09751559723671943,1.0,-0.06501039815781295,-1.0
2025-08-13,TNPETRO,2.0,True,True,False,False,False,False,False,0.024216090630977405,0.0680260710182197,1.0,-0.045350714012146465,-1.0
2025-08-14,DHARMAJ,1.0,True,True,True,True,False,False,False,0.019743831435391712,0.03352430927393443,1.0,0.04027634866970464,1.0
2025-08-14,INOXWIND,3.0,False,False,True,False,False,False,False,0.04961341961789145,0.049079450798052524,1.0,-0.03271963386536835,-1.0
2025-08-19,DHARMAJ,1.0,True,True,True,True,False,False,False,0.01969241717623582,0.032548946945834066,1.0,0.040271301398897785,1.0
2025-08-19,HLEGLAS,2.0,True,True,False,False,False,False,False,0.041322921245151356,0.08347887707041929,1.0,0.019807692307692193,0.0
2025-08-19,MAFANG,3.0,False,False,False,False,True,True,True,-0.001126972320630415,-0.012170702709467487,-1.0,-0.02117396479358513,-1.0
2025-08-20,DHARMAJ,1.0,True,True,True,True,False,False,False,0.01972781712694882,0.032065645249197576,1.0,0.07093377666943756,1.0
2025-08-20,DYCL,3.0,True,True,False,False,False,False,False,0.07067201648914079,-0.037924107142857134,-1.0,-0.037924107142857134,-1.0
2025-08-21,NACLIND,1.0,True,True,True,False,False,False,False,0.04874405040677132,0.02775984506132989,0.0,-0.09353623856736615,-1.0
2025-08-21,DREAMFOLKS,2.0,True,True,False,False,False,False,False,-0.0008439640842432539,-0.052461296004449806,-1.0,-0.052461296004449806,-1.0
2025-08-22,SKMEGGPROD,1.0,True,True,False,False,False,False,False,0.019620129966904543,0.030331946648368142,1.0,0.07624374448042404,1.0
2025-08-25,SKMEGGPROD,1.0,True,True,False,False,False,False,False,0.044178276995493704,-0.0214204034958752,-1.0,-0.0214204034958752,-1.0
2025-09-05,ELECTHERM,1.0,True,True,True,False,False,False,False,0.04878469132976715,0.07146961761373896,1.0,0.07924693520140091,1.0
2025-09-08,PFOCUS,1.0,True,True,True,False,False,False,False,0.09510105134640767,0.07057627536350938,1.0,-0.047050850242339584,-1.0
2025-09-08,SALASAR,2.0,True,True,False,False,False,False,False,0.04995835893366696,0.06117548406769325,1.0,-0.04078365604512883,-1.0
2025-09-08,AUTOIETF,3.0,False,False,False,False,True,False,False,0.024683904860955508,-0.02083439587902279,-1.0,-0.02083439587902279,-1.0
2025-09-10,ICIL,1.0,True,True,False,False,False,False,False,0.09159002190960219,0.06614913376582325,1.0,-0.04409942251054883,-1.0
2025-09-10,MAHKTECH,2.0,False,False,False,False,True,False,False,0.012521506798041315,0.03125511372934055,1.0,0.039215686274509665,1.0
2025-09-11,ELECTHERM,1.0,True,True,True,False,False,False,False,0.048765398625956635,-0.04444234315162404,-1.0,-0.04444234315162404,-1.0
2025-09-11,MSPL,2.0,True,True,False,False,False,False,False,0.017733908916415686,0.06365070490035546,1.0,0.06365070490035546,1.0
2025-09-12,MAHKTECH,1.0,False,False,False,False,True,False,False,0.0014892035514675328,0.030657866723440508,1.0,0.06956845238095233,1.0
2025-09-12,MASPTOP50,3.0,False,False,False,False,True,False,False,0.006145563822293809,0.010374379792512434,0.0,0.004184100418409997,0.0
2025-09-15,BAJEL,1.0,True,True,False,False,False,False,False,0.022405093343985882,0.05714754823447414,1.0,-0.03809836548964943,-1.0
2025-09-16,MAHKTECH,1.0,False,False,False,False,True,False,False,0.008746411442868585,0.026275883706337586,1.0,0.04317851959361407,1.0
2025-09-16,AXISCADES,2.0,True,True,False,False,False,False,False,0.018082184222333098,0.0010104011887073217,0.0,-0.016927387345318734,0.0
2025-09-16,MASPTOP50,3.0,False,False,False,False,True,False,False,0.00829757316614721,0.017110549025442623,0.0,0.008705917072451053,0.0
2025-09-17,IRMENERGY,2.0,True,True,False,False,False,False,False,0.023650256623871435,0.050309430042844105,1.0,0.050309430042844105,1.0
2025-09-22,ADANIPOWER,1.0,True,True,False,False,False,False,False,0.0551331959268655,-0.04067547723935387,-1.0,-0.04067547723935387,-1.0
2025-09-22,MAFANG,2.0,False,False,False,False,True,False,False,0.011063419544255382,-0.009535581847077368,0.0,-0.015368494586098569,-1.0
2025-09-23,MASPTOP50,1.0,False,False,False,False,True,False,False,0.004378929782155261,-0.0019016968987711769,0.0,-0.006896263479060431,-1.0
2025-09-24,ZUARIIND,1.0,True,True,False,False,False,False,False,0.05131323834503121,0.06979030144167757,1.0,-0.046526867627785046,-1.0
2025-09-24,MASPTOP50,2.0,False,False,False,False,True,False,False,-0.0027710948965742332,-0.0060130664558278755,-1.0,-0.0060130664558278755,-1.0
2025-09-25,MASPTOP50,1.0,False,False,False,False,True,False,False,-0.002047682447248178,-0.006063705435417857,-1.0,-0.026061493411420278,-1.0
2025-10-01,MAHKTECH,2.0,True,True,False,False,True,False,False,0.022503506723311695,0.0245689655172414,1.0,0.024949426837491462,1.0
2025-10-03,MAHKTECH,1.0,False,True,False,False,True,False,False,0.024643271702390113,0.025250457566708427,1.0,0.025250457566708427,1.0
2025-10-06,MAHKTECH,1.0,False,False,False,False,True,False,False,-0.11672148386095849,-0.026955757398183434,-1.0,0.040433636097275155,1.0
2025-10-07,INDRAMEDCO,1.0,True,True,False,False,False,False,False,0.01676644582579545,-0.03428870240792849,-1.0,-0.03428870240792849,-1.0
2025-10-10,DREAMFOLKS,1.0,True,True,False,False,False,False,False,0.028478616621378627,0.06837300016959694,1.0,0.06837300016959694,1.0
2025-10-10,MAFANG,2.0,False,False,False,False,True,False,False,0.0029624487989554638,-0.006523726419014384,-1.0,-0.006523726419014384,-1.0
2025-10-13,PVTBANIETF,2.0,False,False,False,False,True,False,False,0.009589844404614745,0.025734169470786203,1.0,-0.017156112980524135,-1.0
2025-10-17,SETFNIF50,1.0,False,False,False,False,True,False,False,-0.00677224149567035,-0.014259654974722489,-1.0,0.021389482462083734,1.0
2025-10-17,NIFTYBEES,3.0,False,False,False,False,True,False,False,0.007963519928371632,0.010959092945514781,0.0,0.0029402714622721593,0.0
2025-10-20,PVTBANIETF,3.0,False,False,False,False,True,False,False,0.0034879700517187473,-0.0006988120195666747,0.0,-0.00417827298050133,0.0
2025-10-23,ZUARI,2.0,True,True,False,False,False,False,False,0.014425521767271299,-0.034249454793872654,-1.0,-0.034249454793872654,-1.0
2025-10-23,NIFTYBEES,3.0,False,False,False,False,True,False,False,0.00885292989577735,0.0006498170252060564,0.0,-0.011195907618493886,-1.0
2025-10-24,PVTBANIETF,2.0,False,False,False,False,True,False,False,-0.00668663409906145,-0.008768853034023194,0.0,-0.0021186440677966045,0.0
2025-10-27,BHARATWIRE,1.0,True,True,False,False,False,False,False,0.03357903345060631,0.06164056993601351,1.0,0.06164056993601351,1.0
2025-10-27,PROZONER,3.0,True,True,False,False,False,False,False,0.047772484607329524,0.053043911095721416,1.0,-0.01097631426920842,0.0
2025-10-28,MASPTOP50,1.0,False,False,False,False,True,False,False,0.019601457393352284,0.020372778500216727,1.0,-0.013581852333477818,-1.0
2025-10-28,PROZONER,3.0,True,True,True,False,False,False,False,0.04871458642910209,-0.031741451450007285,0.0,-0.03362738833810829,-1.0
2025-10-29,PROZONER,1.0,True,True,False,False,False,True,True,-0.02026721231878259,-0.032342605861913266,-1.0,-0.039685878558406884,-1.0
2025-10-29,MAHKTECH,2.0,False,True,False,False,True,False,False,-0.012861913642407519,-0.03232922561996045,-1.0,-0.02265372168284785,0.0
2025-10-29,AUTOBEES,3.0,False,False,False,False,True,False,False,-0.0009408359659088816,-0.01258680555555558,0.0,-0.011657374556513056,0.0
2025-10-30,SKMEGGPROD,1.0,True,True,False,False,False,False,False,-0.007416597655049095,0.05668543279380717,1.0,0.06699751861042191,1.0
2025-10-30,MASPTOP50,2.0,False,False,False,False,True,False,False,0.004609912473427791,-0.014541745009401133,-1.0,-0.014541745009401133,-1.0
2025-10-30,MAFANG,3.0,False,False,False,False,True,False,False,0.005224290735180048,-0.014446634750774484,-1.0,-0.014446634750774484,-1.0
2025-10-31,MAFANG,1.0,False,False,False,False,True,False,False,-0.014366039583428858,-0.01418343374938078,-1.0,-0.01418343374938078,-1.0
2025-11-03,DREDGECORP,2.0,True,True,False,False,False,False,False,0.04780715514542955,0.07012746066549407,1.0,-0.04675164044366271,-1.0
2025-11-04,MAFANG,2.0,False,False,False,False,True,False,False,0.0,-0.010883585940019407,-1.0,-0.010883585940019407,-1.0
2025-11-10,ZUARI,1.0,True,True,True,True,False,False,False,0.04866374990973554,0.051153908662441114,1.0,0.051153908662441114,1.0
2025-11-10,BANKIETF,3.0,False,False,False,False,True,False,False,-0.0023628702976683513,-0.013630671418938454,-1.0,-0.01993916863805334,-1.0
2025-11-11,ZUARI,1.0,True,True,True,False,False,False,False,0.04864395087838336,0.04901442245671977,1.0,-0.03267628163781318,-1.0
2025-11-11,MIDCAPIETF,2.0,False,False,False,False,True,False,False,0.0,0.0008707009142359112,0.0,0.0008707009142359112,0.0
2025-11-11,BANKIETF,3.0,False,False,False,False,True,False,False,-0.024187859488042918,-0.01355964802615762,-1.0,0.02033947203923643,1.0
2025-11-12,MID150BEES,3.0,False,False,False,False,True,False,False,0.004189256596403013,-0.015750392600561394,-1.0,-0.015750392600561394,-1.0
2025-11-13,AXISCADES,1.0,True,True,False,False,False,False,False,0.04713879531087706,0.06988048691230574,1.0,-0.027073954983922732,0.0
2025-11-13,BANKIETF,2.0,False,False,False,False,True,False,False,-0.0005031446647025817,0.02236634090255821,1.0,0.03371917463512819,1.0
2025-11-14,RISHABH,1.0,True,True,True,False,False,False,False,0.04870014301439962,0.0642317040237645,1.0,-0.042821136015843,-1.0
2025-11-17,MIDCAPIETF,1.0,False,False,False,False,True,False,False,0.010750479800574642,-0.01747884627262058,-1.0,-0.01747884627262058,-1.0
2025-11-17,BANKBEES,3.0,False,False,False,False,True,False,False,-1.6452103813513475e-05,-0.0020071401543194645,0.0,-0.0019907209371196055,0.0
2025-11-18,BANKIETF,2.0,False,False,False,False,True,False,False,0.00463961064246643,-0.001826939046669973,0.0,-0.0064473466688709236,0.0
2025-11-18,BANKBEES,3.0,False,False,False,False,True,False,False,0.0035144225885570535,-0.0023361026569056476,0.0,-0.005836161248545135,0.0
2025-11-19,BANKIETF,2.0,False,False,False,False,True,False,False,0.0,0.005455447181352158,0.0,0.005455447181352158,0.0
2025-11-20,MOM100,2.0,False,False,False,False,True,False,False,-0.0003048315829117243,0.0035050289545868196,0.0,0.003810975609756184,0.0
2025-11-20,AUTOIETF,3.0,False,False,False,False,True,False,False,0.0021193932341621036,0.0028288543140027045,0.0,0.0007057163020465218,0.0
2025-11-24,BANKBEES,1.0,False,False,False,False,True,False,False,0.0,0.012354960942191625,1.0,0.012354960942191625,1.0
2025-11-24,AUTOIETF,2.0,False,False,False,False,True,False,False,0.0031864073694078954,0.019756838905775058,1.0,0.019756838905775058,1.0
2025-11-24,PVTBANIETF,3.0,False,False,False,False,True,False,False,0.006995481483456967,0.019292483578197833,1.0,0.019292483578197833,1.0
2025-11-26,NACLIND,2.0,True,True,False,False,False,False,False,0.017031055225526615,0.06008162788368447,1.0,-0.04005441858912298,-1.0
2025-11-27,MOM100,2.0,False,False,False,False,True,False,False,0.0037893186683506386,-0.013504718516108011,-1.0,-0.013504718516108011,-1.0
2025-12-01,SMLMAH,1.0,True,True,True,True,False,False,False,0.04878867797727082,0.048777905094811586,1.0,0.048777905094811586,1.0
2025-12-02,SMLMAH,1.0,True,True,False,False,False,False,False,0.04515584102262871,0.04851890225519215,1.0,-0.032345934836794765,-1.0
2025-12-03,GOLDIETF,1.0,False,False,False,False,True,False,False,0.007419505625068545,-0.001362274089546922,0.0,-0.015620742893470166,-1.0
2025-12-04,MAFANG,1.0,False,False,False,False,True,False,False,0.0,-0.01289085928255335,-1.0,-0.01289085928255335,-1.0
2025-12-04,BANKIETF,3.0,False,False,False,False,True,False,False,0.01148683454074284,-0.012955933322330403,-1.0,-0.012955933322330403,-1.0
2025-12-10,NACLIND,1.0,True,True,True,False,False,False,False,0.04879016416943216,0.07230861244019143,1.0,-0.048205741626794286,-1.0
2025-12-12,PROZONER,1.0,True,True,True,False,False,True,False,0.048746112276294884,-0.03681776133209993,-1.0,-0.03681776133209993,-1.0
2025-12-16,GOLDIETF,2.0,False,False,False,False,True,False,False,0.024688304111932347,0.023355288061170435,1.0,-0.01557019204078029,-1.0
2025-12-18,GOLDIETF,1.0,False,False,False,False,True,False,False,-0.0058083415957472795,0.025309632452489628,1.0,0.02842012356575463,1.0
2025-12-22,NACLIND,1.0,True,True,False,False,False,False,False,0.03939931115941153,-0.011207430340557267,0.0,-0.07131376867670702,-1.0
2025-12-22,GOLDIETF,3.0,False,False,False,False,True,False,False,0.008619256946718501,0.02438353284527109,1.0,0.02438353284527109,1.0
2025-12-23,NACLIND,1.0,True,True,False,False,False,False,False,0.025617049637423506,-0.051002957059452916,-1.0,-0.051002957059452916,-1.0
2025-12-24,MOM100,3.0,False,False,False,False,True,False,False,-0.011578670460545837,-0.018013375726345794,-1.0,-0.022515527950310643,-1.0
2025-12-31,PSUBNKIETF,3.0,False,False,False,False,True,False,False,0.024647318632577964,0.020767011539992025,1.0,-0.013844674359994685,-1.0
2026-01-01,TVSELECT,1.0,True,True,True,True,False,False,False,0.019710651716753347,-0.016130877473973237,0.0,-0.03604523836762711,-1.0
2026-01-01,AUTOIETF,2.0,False,False,False,False,True,False,False,0.012215964604092466,0.024472028483636547,1.0,-0.016863406408094472,-1.0
2026-01-02,TVSELECT,1.0,True,True,False,False,False,False,False,-0.00011217679073993736,-0.033282589536094864,-1.0,-0.034103657168498946,-1.0
2026-01-02,AUTOIETF,2.0,False,False,False,False,True,False,False,0.0,-0.01662250060226451,-1.0,-0.016863406408094472,-1.0
2026-01-02,INFRABEES,3.0,False,False,False,False,True,False,False,0.009313589689704749,-0.01284759884565606,-1.0,-0.01284759884565606,-1.0
2026-01-06,MAHKTECH,1.0,False,True,False,False,True,False,False,0.00262221540026486,-0.009457721573250477,-1.0,-0.009457721573250477,-1.0
2026-01-06,JUNIORBEES,2.0,False,False,False,False,True,False,False,-0.0011192679839835407,-0.011142236719653323,-1.0,-0.011142236719653323,-1.0
2026-01-06,AUTOIETF,3.0,False,False,False,False,True,False,False,-0.02071029716838968,-0.016153033794162826,-1.0,0.024229550691244238,1.0
2026-01-07,NACLIND,1.0,True,True,False,False,False,False,False,-0.01100870000525056,-0.044095535289273076,-1.0,-0.048128342245989275,-1.0
2026-01-07,JUNIORBEES,3.0,False,False,False,False,True,False,False,0.0021007307762310745,-0.010985039092131263,-1.0,-0.010985039092131263,-1.0
2026-01-29,HINDCOPPER,1.0,True,True,False,False,False,False,False,-0.04583420576523256,-0.05051829296944752,-1.0,-0.05051829296944752,-1.0
2026-02-01,PVTBANIETF,1.0,False,False,False,False,True,False,False,-0.0028080046530685188,0.030118672074508048,1.0,0.030118672074508048,1.0
2026-02-01,ICICIB22,3.0,False,False,False,False,True,False,False,0.0024838349457816378,0.04402036090999299,1.0,0.04402036090999299,1.0
2026-02-03,GOKEX,1.0,True,True,False,False,False,False,False,0.11469652685067722,0.09487789064188457,1.0,-0.007258478931140733,0.0
2026-02-03,GRWRHITECH,2.0,True,True,False,False,False,False,False,0.00701113175749235,0.08364796309968495,1.0,0.08364796309968495,1.0
2026-02-05,ICICIB22,3.0,False,False,False,False,True,False,False,0.008974523806917212,0.04396527501346381,1.0,0.01624431448992847,0.0
2026-02-09,GANECOS,1.0,True,True,False,False,False,False,False,0.02689883598160936,-0.04461677562943385,-1.0,-0.04461677562943385,-1.0
2026-02-09,AXISCADES,2.0,True,True,True,True,False,False,False,0.048725571988293304,0.08464431041999707,1.0,0.10246265643924102,1.0
2026-02-10,AXISCADES,1.0,True,True,True,True,False,False,False,0.04877093950033551,0.08061883614972028,1.0,0.08061883614972028,1.0
2026-02-10,LUMAXIND,2.0,True,True,False,False,False,False,False,-0.0011903501523757853,0.07779350516015932,1.0,0.07779350516015932,1.0
2026-02-11,AXISCADES,1.0,True,True,True,False,False,False,False,0.048775516554429466,0.07473799270554113,1.0,0.07473799270554113,1.0
2026-02-12,HAPPYFORGE,1.0,True,True,False,False,False,False,False,0.007279517935320001,0.0033421420799006896,0.0,-0.003935185185185097,0.0
2026-02-13,ICICIB22,2.0,False,False,False,False,True,False,False,-0.01784008034750162,0.02619839403033497,0.0,0.04691899470470318,1.0
2026-02-16,PVTBANIETF,3.0,False,False,False,False,True,False,False,0.0006828269299110623,0.024516978922716676,1.0,0.034812286689419825,1.0
2026-02-17,EASEMYTRIP,1.0,True,True,False,False,False,False,False,0.03211047497077635,0.07432330827067671,1.0,0.07432330827067671,1.0
2026-02-17,UNIECOM,2.0,True,True,False,False,False,False,False,0.060356800540897204,0.06859238384276317,1.0,-0.04572825589517545,-1.0
2026-02-17,SMLMAH,3.0,True,True,False,False,False,False,False,0.01642257687730364,-0.04869146063210929,-1.0,-0.04869146063210929,-1.0
2026-02-18,BANKIETF,1.0,False,False,False,False,True,False,False,0.004433894833249852,-0.00809395334073948,0.0,-0.01940735030720747,-1.0
2026-02-18,PVTBANIETF,2.0,False,False,False,False,True,False,False,0.02945326691349548,-0.01574631211180127,-1.0,-0.01574631211180127,-1.0
2026-02-19,BANKBEES,2.0,False,False,False,False,True,False,False,0.004206105044273656,0.0064022735255611085,0.0,0.0021781296702598762,0.0
2026-02-20,ALPL30IETF,2.0,False,False,False,False,True,False,False,0.00035316970171095363,-0.017131755563405154,-1.0,-0.020480225988700584,-1.0
2026-02-24,BANKIETF,3.0,False,False,False,False,True,False,False,0.0023959759086134014,-0.013273628658244047,-1.0,-0.013273628658244047,-1.0
2026-02-26,BANKIETF,3.0,False,False,False,False,True,False,False,0.0031948908965189204,-0.01339428571428572,-1.0,-0.01339428571428572,-1.0
2026-02-27,MAFANG,3.0,False,True,False,False,True,False,False,-0.006383206173549816,0.01616198249979337,1.0,0.019404915912031084,1.0
2026-03-06,BANKIETF,3.0,False,False,False,False,True,False,False,0.0,-0.019727316602316594,-1.0,-0.019727316602316594,-1.0
2026-03-11,EMSLIMITED,2.0,True,True,False,False,False,False,False,0.017350216369628413,-0.04677034590329388,-1.0,-0.04677034590329388,-1.0
2026-03-11,ATGL,3.0,True,True,False,False,False,False,False,0.04669639803238734,0.0485818864501172,1.0,0.0485818864501172,1.0
2026-03-18,NACLIND,3.0,True,True,False,False,False,False,False,-0.008062647423351166,0.08203994871448816,1.0,0.08203994871448816,1.0
2026-04-02,NACLIND,1.0,True,True,False,False,False,False,False,0.023252702093047084,0.08933612532961067,1.0,0.11739745403111734,1.0
2026-04-07,NACLIND,1.0,True,True,False,False,False,False,False,0.036742773125850725,0.07898883782009193,1.0,0.07898883782009193,1.0
2026-04-07,ANTELOPUS,2.0,True,True,False,False,False,True,False,-0.05129329438755015,-0.05616836734693877,-1.0,-0.08714285714285719,-1.0
2026-04-08,JSWHL,1.0,True,True,False,False,False,False,False,0.02223280784130388,0.05696455716457316,0.0,0.03372456964006254,0.0
2026-04-09,AQYLON,1.0,True,True,True,True,False,False,False,0.048790164169431716,0.005088495575221064,0.0,-0.0697692793931732,-1.0
2026-04-09,OLAELEC,2.0,True,True,False,False,False,False,False,0.010953012019196962,0.09339600377595972,1.0,0.09339600377595972,1.0
2026-04-09,ITDC,3.0,True,True,False,False,False,False,False,0.056197655239313526,0.0823584180059102,1.0,0.0823584180059102,1.0
2026-04-10,AQYLON,1.0,True,True,False,False,False,False,False,-0.020650015305124114,-0.0641291914996087,-1.0,-0.0641291914996087,-1.0
2026-04-15,WEBELSOLAR,2.0,True,True,False,False,False,False,False,0.026923620055774755,0.09744152285257554,1.0,0.0791374902745361,0.0
2026-04-16,GMDCLTD,1.0,True,True,False,False,False,False,False,0.0,-0.04007365249414129,-1.0,-0.04007365249414129,-1.0
2026-04-16,MAFANG,2.0,True,True,False,False,True,False,False,0.038902608134451455,0.029495103410491712,1.0,0.0019020172910664268,0.0
2026-04-17,MAFANG,1.0,False,True,False,False,True,False,False,0.0022766088375911764,-0.021428571428571432,-1.0,-0.021428571428571432,-1.0
2026-04-17,BHARATWIRE,2.0,True,True,False,False,False,False,False,0.034276924237352624,0.07063048683160417,1.0,0.07063048683160417,1.0
2026-04-20,DEEDEV,2.0,True,True,False,False,False,False,False,0.014427316954814806,0.08899636243386244,1.0,0.08899636243386244,1.0
2026-04-21,DEEDEV,1.0,True,True,False,False,False,False,False,0.0018356488052386766,0.08516046055854976,1.0,0.08516046055854976,1.0
2026-04-22,IRMENERGY,1.0,True,True,False,False,False,False,False,0.020914873519726207,0.07358703395867963,1.0,0.07358703395867963,1.0
2026-04-23,LUXIND,1.0,True,True,False,False,False,False,False,0.027076370705608532,-0.06726849750804417,-1.0,-0.06726849750804417,-1.0
2026-04-23,DELTACORP,2.0,True,True,False,False,False,False,False,-0.008862687257845003,-0.05179446778711486,-1.0,-0.05179446778711486,-1.0
2026-04-24,MASPTOP50,1.0,True,True,False,False,True,False,False,-0.005259018168665364,-0.014471170057322695,-1.0,-0.025046137621935194,-1.0
2026-04-24,MAFANG,2.0,False,False,False,False,True,False,False,-0.013784047458224258,0.007735114079020722,0.0,0.026461295418641395,1.0
2026-04-27,COHANCE,1.0,True,True,False,False,False,False,False,0.028180519749795963,0.08762852514298937,1.0,0.08762852514298937,1.0
2026-04-27,TANLA,2.0,True,True,False,False,False,False,False,-0.005073315838835413,-0.04554421476970579,-1.0,-0.04554421476970579,-1.0
2026-04-27,ELECTHERM,3.0,True,True,False,False,False,False,False,0.02077937534572527,-0.05448200276880481,-1.0,-0.05448200276880481,-1.0
2026-04-28,MAFANG,3.0,True,True,False,False,True,False,False,0.006230549750635639,0.020962389380530855,0.0,0.014621008080030862,0.0
2026-04-30,CPSEETF,3.0,False,False,True,False,True,False,False,0.019464223022904292,-0.01923964196733412,-1.0,-0.01923964196733412,-1.0
2026-05-04,DBREALTY,1.0,True,True,False,False,False,False,False,0.03138291310209951,0.07783638879280526,1.0,0.07783638879280526,1.0
2026-05-04,STANLEY,2.0,True,True,False,False,False,False,False,0.05638999257366528,0.07171840783202375,1.0,0.07171840783202375,1.0
2026-05-04,IDEAFORGE,3.0,True,True,False,False,False,False,False,0.03507717003589761,0.08340905094085234,1.0,0.08610670892762795,1.0
2026-05-05,MON100,2.0,False,False,False,False,True,False,False,0.009072281002499238,-0.021137743059458237,-1.0,-0.021137743059458237,-1.0
2026-05-05,IDEAFORGE,3.0,True,True,False,False,False,False,False,0.022378900237726818,-0.05478381355028956,-1.0,-0.05478381355028956,-1.0
2026-05-06,MAFANG,1.0,False,False,False,False,True,False,False,0.013238811373646797,0.02206240858117989,1.0,-0.0250200481154772,-1.0
2026-05-07,AEROFLEX,1.0,True,True,False,False,False,False,False,-0.03355978389938841,0.08429210417242329,1.0,0.08429210417242329,1.0
2026-05-07,GODREJIND,2.0,True,True,False,False,False,False,False,0.011467597355514059,-0.03846959984629628,-1.0,-0.03846959984629628,-1.0
2026-05-08,MON100,1.0,False,False,False,False,True,False,False,-0.0050955121090447975,0.024319131952430573,1.0,0.026050260185302543,1.0
2026-05-08,MSPL,2.0,True,True,False,False,False,False,False,0.01855602273627488,-0.03308948045790152,-1.0,-0.03308948045790152,-1.0
2026-05-08,MASPTOP50,3.0,False,False,False,False,True,False,False,-0.003512296636293044,0.021814961897606552,1.0,0.02626288012063327,1.0
2026-05-11,AQYLON,2.0,True,True,False,False,False,False,False,-0.010410951070700225,0.045311633068244817,0.0,0.05625116800598029,0.0
2026-05-11,DEEDEV,3.0,True,True,False,False,False,False,False,0.0145046862028817,-0.033989448051948035,0.0,-0.056397843228200385,-1.0
2026-05-12,ANTELOPUS,1.0,True,True,False,False,False,False,False,0.020092879920199813,0.08422037752335937,1.0,0.022276721847537262,0.0
2026-05-12,MAFANG,2.0,False,True,False,False,True,False,False,0.00920902571039317,0.01957974457974458,1.0,0.0031929137913275785,0.0
2026-05-12,MON100,3.0,False,True,False,False,True,False,False,0.011652169405126145,0.02263329489881116,1.0,-0.015088863265874107,-1.0
2026-05-13,PARACABLES,2.0,True,True,False,False,False,False,False,0.006018072325562507,-0.06520072817859539,-1.0,-0.06520072817859539,-1.0
2026-05-14,AQYLON,1.0,False,False,True,False,False,False,False,0.02006172821743757,0.07697293895531782,1.0,-0.05131529263687854,-1.0
2026-05-14,MASPTOP50,2.0,False,False,False,False,True,False,False,0.011204943925547717,0.014964975589046949,1.0,-0.000489775927513203,0.0
2026-05-15,MASPTOP50,1.0,False,False,False,False,True,False,False,0.011928086896848988,0.013591281988490245,0.0,-0.012341197822141714,-1.0
2026-05-15,MAFANG,2.0,False,False,False,False,True,False,False,0.00755792484044715,-0.012067209775967425,-1.0,-0.030016675931072823,-1.0
2026-05-15,MON100,3.0,False,False,False,False,True,False,False,0.007810411151058183,-0.0140560418186239,-1.0,-0.0140560418186239,-1.0
2026-05-18,FCL,2.0,True,True,False,False,False,False,False,0.07812535505022389,0.08263901891031641,1.0,-0.055092679273544276,-1.0
2026-05-20,JAYBARMARU,1.0,True,True,False,False,False,False,False,0.08025869763456761,0.06011288024457387,1.0,0.06011288024457387,1.0
2026-05-20,KDDL,2.0,True,True,False,False,False,False,False,0.07400413822233975,0.0737155316567756,1.0,-0.03875666074600348,0.0
2026-05-21,EXICOM,2.0,True,True,False,False,False,False,False,0.04244782028908034,0.08621305820566208,1.0,-0.05747537213710805,-1.0
2026-05-22,DEEDEV,1.0,True,True,True,False,False,False,False,0.04874922614277555,0.0884345619038522,1.0,0.13646288209606983,1.0
2026-05-25,DEEDEV,1.0,True,True,False,False,False,False,False,0.0007275373183768252,0.08505536494073612,1.0,0.13563636363636378,1.0
2026-05-25,IDEAFORGE,2.0,True,True,False,False,False,False,False,0.04352171391677295,0.01689604325387073,0.0,-0.07044114032931925,-1.0
2026-05-25,PREMEXPLN,3.0,True,True,False,False,False,False,False,0.008500016341086436,0.07951751229459039,1.0,0.07951751229459039,1.0
2026-05-26,BLISSGVS,1.0,True,True,False,False,False,False,False,0.007580744707912146,0.07301233272107059,1.0,0.07301233272107059,1.0
2026-05-26,ANTELOPUS,2.0,True,True,False,False,False,False,False,0.02116071473551262,0.07940182006166221,1.0,0.07940182006166221,1.0
2026-06-01,DEEDEV,1.0,True,True,False,False,False,False,False,0.04752379078627378,0.08060587347330861,1.0,-0.056488549618320616,-1.0
2026-06-01,MAFANG,2.0,False,False,False,False,True,False,False,0.02558837713683726,0.01746524329692154,1.0,-0.021101539057206575,-1.0
2026-06-01,NIITLTD,3.0,True,True,False,False,False,False,False,0.017746910405491256,0.06902396720277515,1.0,0.06902396720277515,1.0
2026-06-02,DEEDEV,1.0,True,True,False,False,False,False,False,0.0018281540740625601,-0.04996078943928899,-1.0,-0.04996078943928899,-1.0
2026-06-02,MAFANG,2.0,False,True,False,False,True,False,False,0.008481978562738135,-0.011681209120953566,-1.0,-0.02936942124964015,-1.0
2026-06-02,CPSEETF,3.0,False,False,False,False,True,False,False,-0.0029952099069685545,-0.010966005383311828,0.0,-0.007999200079992108,0.0
2026-06-03,CONFIPET,1.0,True,True,False,False,False,False,False,0.01563440334713917,-0.05039718713374142,0.0,-0.06877755660149201,-1.0
2026-06-03,MAFANG,2.0,False,False,False,False,True,False,False,-0.0008641798031687742,-0.011575692759107659,-1.0,-0.02853025936599418,-1.0
2026-06-04,IDEAFORGE,1.0,True,True,True,True,False,False,False,0.0487583681725452,0.0913265873899081,1.0,-0.07821939586645466,-1.0
2026-06-04,PANACEABIO,2.0,True,True,False,False,False,False,False,0.018471438249910044,0.08477938551934319,1.0,0.08477938551934319,1.0
2026-06-04,AGARIND,3.0,True,True,False,False,False,False,False,0.04040461980114074,0.061134766872471775,1.0,-0.04075651124831452,-1.0
2026-06-05,IDEAFORGE,1.0,True,True,False,False,False,False,False,0.004969085659412897,-0.05505337270043152,-1.0,-0.0827884412571187,-1.0
2026-06-05,MON100,3.0,False,False,False,False,True,False,False,-0.00820757941765482,-0.010127822841295337,-1.0,-0.010127822841295337,-1.0
2026-06-08,JAYBARMARU,1.0,True,True,False,False,False,False,False,0.01578831780652301,-0.06796776681687168,-1.0,-0.06796776681687168,-1.0
2026-06-08,MAFANG,2.0,False,False,False,False,True,False,False,-0.057821925938465135,-0.013681644764730806,-1.0,-0.02557115908614549,-1.0
2026-06-15,HFCL,1.0,True,True,False,False,False,False,False,0.034594216384403076,0.0958287139689579,1.0,0.10843373493975905,1.0
2026-06-15,JAYBARMARU,2.0,True,True,False,False,False,False,False,0.03440628434039983,0.09443681318681318,1.0,-0.008379379440160317,0.0
2026-06-15,DEEDEV,3.0,True,True,True,False,False,False,False,0.04879016416943216,-0.024964028776978453,0.0,-0.06355601233299076,-1.0
2026-06-16,DEEDEV,2.0,True,True,False,False,False,False,False,-0.003775532200704923,-0.05884109039299172,-1.0,-0.05884109039299172,-1.0
2026-06-18,SASKEN,1.0,True,True,False,False,False,False,False,0.01933674087589754,-0.059853360884366574,-1.0,-0.059853360884366574,-1.0
2026-06-18,HFCL,3.0,True,True,False,False,False,False,False,0.035902552843599445,0.07792939409113672,1.0,-0.05195292939409115,-1.0
2026-06-19,MSPL,2.0,True,True,False,False,False,False,False,0.03981065296183006,-0.03876031459515217,-1.0,-0.03876031459515217,-1.0
2026-06-22,SIGMAADV,1.0,True,True,False,False,False,False,False,0.017169732770540236,0.07974754867038845,1.0,0.07974754867038845,1.0
2026-06-22,KIRLOSENG,2.0,True,True,False,False,False,False,False,0.0454809714619655,0.062094257738244674,1.0,0.062094257738244674,1.0
2026-06-22,NOCIL,3.0,True,True,False,False,False,False,False,0.03288786684483469,0.05412730022309728,1.0,-0.03608486681539819,-1.0
2026-06-23,SIGMAADV,1.0,True,True,False,False,False,False,True,0.042271720361819476,0.07538860103626942,1.0,-0.08195364238410596,-1.0
2026-06-24,RAMCOSYS,1.0,True,True,False,False,False,False,False,0.030330822870945795,0.09498632489505156,1.0,0.09498632489505156,1.0
2026-06-24,SIGMAADV,2.0,True,True,True,False,False,True,False,0.048715750519584766,-0.04870583812108609,-1.0,-0.04870583812108609,-1.0
2026-06-25,HFCL,1.0,True,True,False,False,False,False,False,-0.006989776827201588,-0.0487578360807987,-1.0,-0.0487578360807987,-1.0
2026-06-25,SIGMAADV,3.0,False,False,False,False,False,True,True,-0.002689378581971269,-0.051006290039414474,-1.0,-0.09498939121919381,-1.0
2026-06-30,PFOCUS,1.0,True,True,False,False,False,False,False,0.015236682847509009,0.08234686965777505,1.0,0.08234686965777505,1.0
2026-06-30,SETL,2.0,True,True,False,False,False,False,False,0.04987077746233126,0.08402600437300753,1.0,0.0967024824008893,1.0
2026-07-01,PFOCUS,1.0,True,True,False,False,False,False,False,0.010695289116747553,-0.0017204301075268713,0.0,-0.012340425531914945,0.0
2026-07-01,SETL,2.0,True,True,False,False,False,False,False,0.04685791055278887,-0.05608578003692183,-1.0,-0.07854729729729726,-1.0
2026-07-02,SETL,1.0,True,True,False,False,False,False,False,0.028095938322675984,-0.05492930606739408,-1.0,-0.05492930606739408,-1.0
2026-07-02,DEEDEV,2.0,True,True,True,False,False,False,False,0.04876012857725254,-0.06297868506152199,-1.0,-0.06297868506152199,-1.0
2026-07-02,CEMPRO,3.0,True,True,False,False,False,False,False,0.019783449397885455,0.0629802990079642,1.0,0.06732876712328761,1.0
2026-07-03,MIDCAPIETF,3.0,False,False,False,False,True,False,False,-0.0037998779097745405,-0.014779363072662683,-1.0,-0.014779363072662683,-1.0
2026-07-07,ITDC,1.0,True,True,False,False,False,False,False,0.031099298541732878,0.04886067973005932,1.0,-0.03257378648670622,-1.0
2026-07-07,NIFTYIETF,2.0,False,False,False,False,True,False,False,-0.0003264477077902228,-0.015187702701302482,-1.0,-0.015187702701302482,-1.0
2026-07-08,UNICHEMLAB,1.0,True,True,False,False,False,False,False,0.06334280917803614,0.0699506098929881,1.0,-0.04663373992865873,-1.0
2026-07-10,IDEAFORGE,1.0,True,True,False,False,False,False,False,0.0,-0.05407530392164691,-1.0,-0.05407530392164691,-1.0
2026-07-13,HESTERBIO,1.0,True,True,False,False,False,False,False,0.03285319618718763,-0.047552624193095736,-1.0,-0.047552624193095736,-1.0
2026-07-13,MON100,2.0,False,False,False,False,True,False,False,0.0026141449060173017,-0.01207776187467495,-1.0,-0.01557436082102992,-1.0
2026-07-14,MON100,1.0,False,False,False,False,True,False,False,-0.015696915315821514,-0.011512509216866432,-1.0,-0.01597317482091143,-1.0
2026-07-16,MAFANG,1.0,False,False,False,False,True,False,False,0.012111693898303244,-0.007958794790607057,-1.0,-0.007958794790607057,-1.0
2026-07-16,MON100,2.0,False,False,False,False,True,False,False,-0.01006214430408292,-0.010958047677570462,-1.0,-0.02258757985890325,-1.0
2026-07-16,MIDCAPIETF,3.0,False,False,False,False,True,False,False,0.010427623162259092,0.022911051212937995,1.0,-0.015274034141958664,-1.0
2026-07-17,RELAXO,3.0,True,True,False,False,False,False,False,0.018801567069823832,-0.047278099784066385,-1.0,-0.047278099784066385,-1.0
2026-07-20,ANTELOPUS,1.0,True,True,False,False,False,False,False,0.025433837455905994,0.015954977953121396,0.0,-0.009558823529411842,0.0
2026-07-20,TATVA,3.0,True,True,False,False,False,False,False,0.026659033365393547,-0.045848998407789325,-1.0,-0.045848998407789325,-1.0
2026-07-23,MON100,1.0,False,False,False,False,True,False,False,-0.0021004893642011524,-0.011781674109858031,-1.0,-0.011781674109858031,-1.0
2026-07-27,SIGMAADV,1.0,True,True,True,True,False,False,False,0.04874667550909351,0.09371819960861058,1.0,0.10237453248673578,1.0
2026-07-27,GALLANTT,2.0,True,True,False,False,False,False,False,0.014062377343462273,0.08129935391241927,1.0,0.08129935391241927,1.0
2026-07-28,SIGMAADV,1.0,True,True,True,True,False,False,False,0.04871974994738615,0.08468358205246089,1.0,0.08468358205246089,1.0
2026-07-28,GALLANTT,2.0,True,True,False,False,False,False,False,0.031520252452536646,0.07966722191835315,1.0,0.08600337268128166,1.0
2026-07-29,SIGMAADV,1.0,True,True,True,False,False,False,False,0.048746769182336,0.08104725611560173,1.0,-0.05403150407706782,-1.0
2026-07-29,GALLANTT,3.0,True,True,True,False,False,False,False,0.04876648460134625,0.03439416542350404,0.0,-0.05178660225900405,-1.0
2026-07-30,SMLMAH,1.0,True,True,False,False,False,False,False,0.012838822856783949,0.07223421563106186,1.0,-0.048156143754041245,-1.0
2026-07-30,AUTOBEES,3.0,False,False,False,False,True,False,False,-0.025336261889730594,-0.016117266331461436,-1.0,0.024175899497192156,1.0
2026-07-31,MTARTECH,1.0,True,True,True,True,False,False,False,0.04878724753132424,0.08972149063323034,1.0,0.10249914584045139,1.0
2026-07-31,YASHO,2.0,True,True,False,False,False,False,False,0.06552282417513133,0.07310659770685166,1.0,-0.04873773180456777,-1.0
2026-08-03,SIGMAADV,1.0,True,True,False,False,False,False,False,0.04424939419667062,0.07976653696498057,1.0,0.026131386861313777,0.0
2026-08-03,MTARTECH,2.0,True,True,True,True,False,False,False,0.04878976734726237,0.08452608133027462,1.0,0.10249918651439271,1.0
2026-08-03,SASKEN,3.0,True,True,True,True,False,False,False,0.04878265443493923,0.07410953657602451,1.0,-0.04940635771734968,-1.0
2026-08-04,MTARTECH,1.0,True,True,True,True,False,False,False,0.048789786243411015,0.07757506459699298,1.0,0.07757506459699298,1.0
2026-08-04,SASKEN,2.0,True,True,True,False,False,False,False,0.04842295280178277,-0.04720779870975125,-1.0,-0.04720779870975125,-1.0
2026-08-05,MTARTECH,1.0,True,True,True,False,False,False,False,0.048789804239754986,0.07356034453902192,1.0,-0.049040229692681285,-1.0
2026-08-06,IDEAFORGE,1.0,True,True,False,False,False,False,False,0.01595119233568454,-0.035060490598542646,-1.0,-0.035060490598542646,-1.0
2026-08-07,JUNIORBEES,3.0,False,False,False,False,True,False,False,0.007241893807820254,-0.014572620772241885,-1.0,-0.014572620772241885,-1.0
2026-08-10,SBCL,1.0,True,True,False,False,False,False,False,-0.03223193434098093,-0.04228315460838875,-1.0,-0.04228315460838875,-1.0
2026-08-10,QPOWER,2.0,True,True,True,True,False,False,False,0.04877400007150978,0.06624599941809721,1.0,0.06624599941809721,1.0
2026-08-10,AARTIPHARM,3.0,True,True,False,False,False,False,False,0.030985193066852545,0.055009980906092736,1.0,0.055009980906092736,1.0
2026-08-11,QPOWER,1.0,True,True,False,False,False,False,False,0.04866315145066924,0.06352541824941407,1.0,-0.04235027883294271,-1.0
2026-08-11,MON100,2.0,False,False,False,False,True,False,False,-0.00238271289456371,0.013194758246723781,0.0,0.015611788863389098,0.0
2026-08-11,INDSWFTLAB,3.0,True,True,False,False,False,False,False,0.06203697560212085,0.07142982597001143,1.0,-0.04761988398000762,-1.0
2026-08-13,KRN,1.0,True,True,True,False,False,False,False,0.04876292957059558,0.05468207443114506,1.0,0.05468207443114506,1.0
2026-08-13,BLISSGVS,2.0,True,True,False,False,False,False,False,0.027704734611391224,0.06800415249986064,1.0,-0.04533610166657376,-1.0
2026-08-14,KRN,1.0,True,True,True,False,False,False,False,0.04876746810379373,0.0530279450242683,1.0,-0.035351963349512204,-1.0
2026-08-14,MON100,2.0,False,False,False,False,True,False,False,0.012578406379970097,-0.012011425135297656,-1.0,-0.012011425135297656,-1.0
2026-08-17,MON100,1.0,False,False,False,False,True,False,False,-0.0014261523051857239,-0.011980048098334362,-1.0,-0.011980048098334362,-1.0
2026-08-17,UFLEX,2.0,True,True,False,False,False,False,False,0.048217157637328256,0.04995612271015393,1.0,-0.03330408180676928,-1.0
2026-08-19,SIGMAADV,1.0,True,True,False,False,False,False,False,0.03567746217583778,-0.05171736591315492,-1.0,-0.05171736591315492,-1.0
2026-08-19,BLISSGVS,2.0,True,True,False,False,False,False,False,0.01610842833162618,-0.0033176182992842307,0.0,-0.04609119708648257,-1.0
2026-08-21,QUADFUTURE,1.0,True,True,False,False,False,False,False,0.011528212048703246,0.07699695148813195,1.0,0.07699695148813195,1.0
2026-08-24,MARATHON,1.0,True,True,False,False,False,False,False,0.026145280104322488,-0.040605149344506,-1.0,-0.040605149344506,-1.0
2026-08-24,MUTHOOTFIN,3.0,False,True,False,False,False,False,False,0.0,-0.02367448693406938,-1.0,-0.02367448693406938,-1.0
2026-08-25,SIGMAADV,1.0,True,True,False,False,False,False,False,0.03793265416865044,0.07758274256038247,1.0,0.10972222222222228,1.0
2026-08-25,NEXT50IETF,2.0,False,False,False,False,True,False,False,0.0,0.01707363601678751,1.0,0.01707363601678751,1.0
2026-08-26,SIGMAADV,1.0,True,True,False,False,False,False,False,0.009707486677326571,0.07185791813462349,1.0,0.0871487856316755,1.0
2026-08-27,IMAGICAA,2.0,True,True,False,False,False,False,False,-0.00299401421260459,-0.04638527060051724,-1.0,-0.04638527060051724,-1.0
2026-08-27,QPOWER,3.0,True,True,False,False,False,False,False,0.02440162405550428,0.06478515061741344,1.0,0.06597893831936386,1.0
2026-08-28,PRECWIRE,1.0,True,True,False,False,False,False,False,0.01496579993864433,-0.05416801588083741,-1.0,-0.05416801588083741,-1.0
2026-08-28,MAFANG,2.0,False,False,False,False,True,False,False,0.013522791662770928,0.01569925029829436,1.0,-0.013669921409859342,-1.0
2026-08-31,MON100,1.0,False,False,False,False,True,False,False,-0.008707274748969596,-0.007704050915971431,-1.0,-0.007704050915971431,-1.0
2026-09-01,TBZ,1.0,True,True,False,False,False,False,False,0.035354512338122035,0.07734849665056864,1.0,0.07734849665056864,1.0
2026-09-01,HEALTHIETF,3.0,False,False,False,False,True,False,False,-0.0008767572236543231,-0.013195673221380152,-1.0,-0.013195673221380152,-1.0
2026-09-02,ANTELOPUS,1.0,True,True,False,False,False,False,False,0.034969862357939085,0.0648106427557618,1.0,0.0648106427557618,1.0
2026-09-03,SBCL,3.0,True,True,False,False,False,False,False,0.028485637432978272,-0.046417139396635936,-1.0,-0.046417139396635936,-1.0
2026-09-04,TBZ,2.0,True,True,True,True,False,False,False,0.09524400691344326,0.08696653247968628,1.0,0.10238230289279637,1.0
2026-09-07,TBZ,1.0,True,True,True,True,False,False,False,0.04870913017562728,0.08664208735110607,1.0,-0.0797766972807491,-1.0
2026-09-08,TBZ,1.0,True,True,True,False,False,False,False,0.048764437718780584,-0.057594350544107435,-1.0,-0.057594350544107435,-1.0
2026-09-08,MON100,2.0,False,False,False,False,True,False,False,0.024671384998747214,-0.013131501512702547,-1.0,-0.013131501512702547,-1.0
2026-09-09,SETFNIF50,3.0,False,False,False,False,True,False,False,0.024670477017687098,0.023886562082513628,1.0,-0.015924374721675752,-1.0
2026-09-15,TATACHEM,1.0,True,True,False,False,False,False,False,-0.02745189284081828,-0.03160779892307992,-1.0,-0.03160779892307992,-1.0
