feature,layer,regime,n_dates,mean_ic,ic_sd,t,fold_means,fold_sign_frac,spread,p,q,working,category,family
D_rsi7,all,-1,1801,-0.018495748878194284,0.08890910337067903,-3.9481854526256863,"[-0.01819381278444868, -0.008010569050040923, -0.030752590840928275, -0.029749959382644582, -0.005772651044280471]",1.0,-0.002444328944702138,7.874579419020478e-05,0.002452369019066377,True,existing,21.0
D_rsi7,stock,6,1726,-0.02345910493276653,0.14373592132583823,-3.0323652722907726,"[-0.02734261293541245, -0.01224676246890726, -0.0069884752637579105, -0.048593220082960846, -0.022635045905984114]",1.0,-0.0029362367291911294,0.0024264538717333473,0.028114384820910398,True,existing,21.0
D_rsi14,all,-1,1801,-0.01456743903457854,0.09451109842503867,-2.9253124050110446,"[-0.018507245683295794, -0.006100124616263543, -0.028166536888895054, -0.021112640647982267, 0.0010602965709015102]",0.8,-0.0019179382331677344,0.0034411057897505426,0.03649432194319224,True,existing,21.0
D_macd_hist,all,-1,1801,-0.012785352780824247,0.0668161603689177,-3.6316422088108435,"[-0.008934311864273804, -0.015363647775359738, -0.02073897118647043, -0.016738827062195486, -0.0021617033517010906]",1.0,-0.0012988237508675348,0.0002816233966935755,0.00587816340067763,True,existing,38.0
D_pdi14,all,-1,1801,-0.02701712726358793,0.07676517785158662,-6.67954318960592,"[-0.03591124872476456, -0.025784824410209344, -0.03759339311041231, -0.0275030402109012, -0.008268423968704542]",1.0,-0.002947197289666973,2.396882692323743e-11,1.763506440877194e-08,True,existing,47.0
D_pdi14,market,2,366,-0.02995401362929545,0.07750531305514265,-3.306580412971309,"[-0.037082516958950346, -0.0050712200114313676, -0.027588086246795204, -0.061804380488979745, -0.02304600265943695]",1.0,-0.0030173093697301234,0.0009444223919592432,0.014095018187554383,True,existing,47.0
D_pdi14,market,4,323,-0.03328625934668272,0.07823636253539083,-3.419578683268793,"[-0.01972026508330513, -0.014409653253040163, -0.05303719630037561, -0.02175599875596572]",1.0,-0.003597932969985606,0.0006271819133694123,0.010611186576686506,True,existing,47.0
D_pdi14,market,5,471,-0.024419727375120485,0.07006518340664278,-3.3827040184795902,"[-0.023511883508454515, -0.040037826027633, -0.019348345849155586, -0.02745944875530475, -0.00918598957135048]",1.0,-0.0024738309794489974,0.000717759429658793,0.011638380173475637,True,existing,47.0
D_pdi14,stock,2,1801,-0.03206447318598219,0.16003081907761826,-3.8027023675892706,"[-0.04181116973796596, -0.04007334476334193, -0.04391262275296557, -0.02024242127898842, -0.014255733239560238]",1.0,-0.0038687369114764844,0.00014312626797852168,0.0037947802401872913,True,existing,47.0
D_pdi14,stock,3,1689,-0.02880015900241693,0.16793291883042877,-3.152019325748022,"[-0.052026515756170254, -0.06429533983632243, -0.01602477445749096, -0.009789311457845989, -0.009307886850285678]",1.0,-0.0033462515590186896,0.0016214554127409464,0.02219508502184468,True,existing,47.0
D_pdi14,stock,4,1801,-0.019649497089497186,0.13093958582687049,-2.848080962576439,"[-0.02576377444593894, -0.0004336062372390275, -0.03884597535895939, -0.007904495691730169, -0.025282649609850515]",1.0,-0.001939795881187279,0.0043983733527759306,0.04258030518822225,True,existing,47.0
D_pdi14,stock,6,1726,-0.034391781717079524,0.13528095085252262,-4.7233858263654165,"[-0.06714777892045687, -0.017496457135032836, -0.01870949506469146, -0.03918480256840501, -0.034136176389502955]",1.0,-0.0037427184043890946,2.319502017122943e-06,0.00022381293234074824,True,existing,47.0
D_nr_length,all,-1,1801,0.01052697799635037,0.047866047874336154,4.173957268167429,"[0.007515043027893239, 0.009968907287278592, 0.01477589032986991, 0.010507942942186443, 0.009875472880547163]",1.0,-0.002557826003939854,2.993539279483315e-05,0.001365889317754945,True,existing,45.0
D_daily_trend,all,-1,1801,-0.015893978359162654,0.06639783627850604,-4.543081673668753,"[-0.0092494818839897, -0.011460903382151782, -0.021124366300512062, -0.026417799940586534, -0.011235797223226447]",1.0,,5.543775974059528e-06,0.0004220629774104486,True,existing,28.0
D_weekly_trend,all,-1,1801,-0.02254602549168714,0.0708357974059657,-6.040724938324042,"[-0.0160242692144881, -0.020244493229308328, -0.030185837352858173, -0.03015096484109029, -0.0161426788103497]",1.0,,1.5342334069856634e-09,5.016943240843119e-07,True,existing,55.0
D_weekly_trend,market,5,471,-0.02271969333269245,0.06447927681792001,-3.4198555192189635,"[0.009659540071994594, -0.022468864819784145, -0.051218896279683124, -0.038145893924630206, -0.016167967399908976]",0.8,,0.0006265440293191649,0.010611186576686506,True,existing,55.0
D_weekly_trend,stock,2,1769,-0.026797988723496938,0.15159563502911147,-3.3250211926703046,"[-0.025006614865312866, -0.028481022890922657, -0.03077467408261226, -0.02847602446195735, -0.02113117884090198]",1.0,,0.0008841181437020396,0.013551873421432825,True,existing,55.0
D_weekly_trend,stock,6,1719,-0.028142299736909484,0.13443263707884068,-3.8815733951128033,"[-0.0031066882488711236, -0.026740274244286516, -0.025252742380854336, -0.04189062454773501, -0.040586832994357544]",1.0,,0.00010378281948675294,0.0029368542091299413,True,existing,55.0
D_monthly_trend,all,-1,1800,-0.011417506359342217,0.07760279309966397,-2.7915483852707847,"[-0.019318774476625458, -0.01022112259277796, -0.01916688749017618, -0.010873076071508198, 0.0025176000896096206]",0.8,,0.0052456514133565335,0.04839483419908551,True,existing,42.0
D_ema_stack_20_50_100,stock,2,1732,0.02387138938140983,0.1593012352208225,2.7889934558731784,"[-0.004720744507478236, 0.0197511007691213, 0.030934081602105427, 0.053876950761086846, 0.019701103737053364]",0.8,,0.005287213337248575,0.04858373007746404,True,existing,35.0
D_ema_stack_20_50_100,stock,3,1657,0.026172406400722333,0.15837791603440973,3.0083286740882067,"[0.026054531016051985, 0.018985931179525645, 0.028178574325143858, 0.023856109333544866, 0.03206239205748932]",1.0,,0.0026268886948770387,0.03002304244280825,True,existing,35.0
D_ema20_angle_deg,all,-1,1801,-0.018641011637927057,0.11310554004848872,-3.1279330876086666,"[-0.02191612311004612, -0.009991382722778665, -0.034223685840710956, -0.022820317950915627, -0.0042444510333169245]",1.0,-0.002850349715229133,0.001760402532142713,0.02338990813587361,True,existing,21.0
D_ema20_angle_deg,stock,3,1689,-0.02889421826390294,0.17177316583951457,-3.0916153275691967,"[-0.04841232863552001, -0.05402335512502621, -0.009974591710497359, -0.020848792936595764, -0.016610927447101402]",1.0,-0.0026827805635044433,0.0019907063616808607,0.02485393453890749,True,existing,21.0
D_ema20_angle_deg,stock,6,1726,-0.039680191212957336,0.14417034240321305,-5.1136761416495045,"[-0.08230375191639952, -0.022988030949340994, -0.010360227767056291, -0.03958078931380154, -0.049952654297164945]",1.0,-0.004049517597564524,3.159488621840012e-07,4.059722016619175e-05,True,existing,21.0
D_ema20_angle_deg,stock,8,1542,-0.03365169564721853,0.1734987325560531,-3.4061818509298782,"[-0.07434997494377037, -0.013563204874068409, -0.0317600516297122, -0.033162389287776685, -0.00925604415329556]",1.0,-0.0031780527329517416,0.0006587828252515582,0.01095366019613184,True,existing,21.0
D_atr_ratio_14_30,all,-1,1801,-0.021594644841279546,0.10470749492551787,-3.914174205248158,"[-0.030555755118529725, -0.014871071318599159, -0.040248121489874035, -0.005785213787546396, -0.016488170518856034]",1.0,-0.0020487835890641475,9.071412795735867e-05,0.002630620309459042,True,existing,19.0
D_atr_ratio_14_30,market,2,366,-0.029889013306375608,0.08961723058658211,-2.853485039899071,"[-0.020913747717103595, -0.012646096894117402, -0.0264177800153982, -0.04024898233761236, -0.06163102224496443]",1.0,-0.0030569962734575532,0.00432425638677425,0.04217200409098243,True,existing,19.0
D_atr_ratio_14_30,stock,2,1801,-0.026269630603678422,0.17435069206367518,-2.8595792995016165,"[-0.04266483387304068, -0.004164742945401577, -0.05703444733302396, -0.01503530451803245, -0.01240328211758966]",1.0,-0.0024699453634415103,0.004242033452646954,0.041683821205809636,True,existing,19.0
D_atr_ratio_14_30,stock,5,1801,-0.02344589833895695,0.1537630843060938,-2.8939208576862336,"[-0.027573336841725804, -0.0381581506957864, -0.03737925753261298, -0.006303895080685841, -0.007803386437021563]",1.0,-0.0018174624461628347,0.0038046404446498983,0.03881128883398493,True,existing,19.0
D_atr_ratio_14_30,stock,6,1726,-0.03221972239997007,0.1588447511835844,-3.7686370992955665,"[-0.07898177630651029, -0.019965958080229336, -0.018836674443501726, 0.004441933180405849, -0.05596154436788785]",0.8,-0.002968138998677622,0.00016414132267073,0.004146505687724965,True,existing,19.0
D_oli,stock,5,1801,-0.025165785080172795,0.13350221451833078,-3.5776171833389445,"[-0.0034978660083648102, -0.02460271918268631, -0.040395174527282834, -0.02248972159712198, -0.034903632749496386]",1.0,-0.002262434954062151,0.00034674078233809524,0.006691528671613208,True,existing,11.0
D_range_to_atr14,all,-1,1801,-0.022047406600828445,0.06787565415079636,-6.164748130784205,"[-0.01588350878126352, -0.018596007001818186, -0.03950852868538046, -0.018319077771875678, -0.01794703270219204]",1.0,-0.0028178467318867146,7.059541839993244e-10,2.968033090728588e-07,True,existing,49.0
D_range_to_atr14,market,2,366,-0.027863323296799223,0.06211638789414838,-3.8377993176627476,"[-0.02948591278536161, 0.0020155578323195126, -0.03812045448409388, -0.03520463454644772, -0.01712798847535243]",0.8,-0.003168157463626814,0.00012414186978082498,0.0033828659515274806,True,existing,49.0
D_range_to_atr14,market,5,471,-0.021328065315044328,0.06336047025785044,-3.2670706154479063,"[-0.0036649030111163914, -0.0224830334213927, -0.04006445279942121, -0.02912957741987177, -0.016894708433505382]",1.0,-0.0022485117919107617,0.0010866657130206292,0.016111119362315927,True,existing,49.0
D_range_to_atr14,stock,3,1689,-0.028922110048154172,0.16651500242257292,-3.192320073996426,"[-0.029471112166485038, -0.04240029840767704, -0.028841501534453924, -0.020952260711374546, -0.02553653125664348]",1.0,-0.003942282446310268,0.0014113484329172366,0.020163099213958386,True,existing,49.0
D_range_to_atr14,stock,6,1726,-0.02651390446797131,0.13365331445980932,-3.6857794762446474,"[-0.029770351644197626, -0.014275447621144901, -0.03978795220355273, -0.01925966761053814, -0.03016990097225069]",1.0,-0.0033392270512701246,0.00022800371939601938,0.005145195596812938,True,existing,49.0
D_obv_slope,all,-1,1801,-0.01575668423558876,0.07198868480886865,-4.154056955199487,"[-0.01168125364077996, -0.013141197864925836, -0.018268632963053533, -0.022837056132657733, -0.012866601217067864]",1.0,-0.002070278926339002,3.266318171002425e-05,0.0014241147225570571,True,existing,46.0
D_cpr_vs_yday_code,all,-1,1801,-0.013608884919041194,0.07009696092824047,-3.6846412212126487,"[-0.005250134875439292, -0.004860697757644443, -0.022218182976736556, -0.024000439629298563, -0.011738188106208232]",1.0,-0.006570774868347829,0.00022902501637189765,0.005145195596812938,True,existing,27.0
D_structure_trend_code,all,-1,1801,-0.015818891610472386,0.0707213767846641,-4.245190637444306,"[-0.009547672172472193, -0.007595407832804666, -0.020602127124579664, -0.029169858987604838, -0.012196811988895023]",1.0,-0.0023331166158189103,2.1840765179526045e-05,0.0010712895320557525,True,existing,28.0
D_structure_trend_code,stock,2,1798,-0.025300413404949113,0.15235603027460584,-3.149037342735116,"[-0.016691899029694666, -0.009154574491675617, -0.03223212520685803, -0.0365533834150851, -0.031885732977563294]",1.0,-0.0024071061302525652,0.0016380926162145037,0.02231901189592261,True,existing,28.0
D_bb_pctB_20,all,-1,1801,-0.014176714614419186,0.08478973904433207,-3.173249004219973,"[-0.013147490794946674, -0.007873406938123625, -0.023636785496162518, -0.025540513020763506, -0.0006882357771536927]",1.0,-0.0019323154651700416,0.0015074317869141485,0.020978086431500252,True,existing,21.0
D_bb_bw_20,all,-1,1801,-0.02919473901005045,0.15769047807501022,-3.5137509948576597,"[-0.05052834588787678, -0.029061237310528152, -0.025172271503664374, -0.01775812117013726, -0.023394459158940624]",1.0,-0.0017478167987166032,0.000441826776027332,0.008026538761330934,True,existing,20.0
D_bb_bw_20,stock,2,1801,-0.035211730496700844,0.18585451125362673,-3.5957220741763716,"[-0.042879797236697645, -0.036877232063229355, -0.04302940323862985, -0.024404185948946586, -0.0288467338106119]",1.0,-0.0027270471778651,0.0003234930275766157,0.0064110436374274745,True,existing,20.0
D_bb_bw_20,stock,3,1689,-0.037867694683961804,0.1885381902288001,-3.6914701034512585,"[-0.09104807245741009, -0.029678740256955854, -0.03182751809537667, -0.02183043554654618, -0.01438146416388538]",1.0,-0.0031265913247655727,0.00022296160767276696,0.00514120360786224,True,existing,20.0
D_bb_bw_20,stock,6,1726,-0.03808014248416318,0.16484431956182144,-4.2920025569940226,"[-0.10089084821569959, -0.022217269302682904, -0.01596372285923133, -0.016959776100360688, -0.0437907340319858]",1.0,-0.003525037556679697,1.770689092506217e-05,0.0009062848694340515,True,existing,20.0
D_bb_bw_20,stock,8,1542,-0.03621656473887387,0.20650375560734044,-3.079899064830715,"[-0.10447539461285958, 0.009220510304513712, -0.012838672714112279, -0.02562597022500438, -0.0332477130629558]",0.8,-0.0021838697277296974,0.0020707075737063096,0.025445062168758536,True,existing,20.0
D_vol_yz_20,all,-1,1801,-0.03936957796635813,0.18580460160284323,-4.021389578072462,"[-0.06344713219497576, -0.04373722951875999, -0.029205911040088066, -0.020851864754542964, -0.039538870228344396]",1.0,-0.0028906904380640026,5.7855827819697225e-05,0.001968435852871317,True,existing,17.0
D_vol_yz_20,market,2,366,-0.0525220069319577,0.15312428711692141,-2.9346260839848592,"[-0.05415518265227847, -0.11158698148822022, -0.013105675638777153, -0.010748509591676132, -0.12009293359694381]",1.0,-0.004765638275955091,0.003339498464647539,0.03616658310421279,True,existing,17.0
D_vol_yz_20,stock,1,1668,-0.03967491179262935,0.2059825537370689,-3.5180220138919456,"[-0.05198042253556197, -0.023277789372945078, -0.034255380179014215, -0.045385033718607824, -0.04165164054061729]",1.0,-0.0032559204089727877,0.0004347762935255073,0.007997166449034799,True,existing,17.0
D_vol_yz_20,stock,2,1801,-0.050138088005982115,0.19885786368457276,-4.785164289471232,"[-0.06593794649520292, -0.04281254844459817, -0.05791367440482406, -0.04761317325027428, -0.036369208939207746]",1.0,-0.004401748203129958,1.7084752637064327e-06,0.00017957295361028684,True,existing,17.0
D_vol_yz_20,stock,3,1689,-0.04624245054122835,0.21242145198868098,-4.001034445054012,"[-0.08205094406034248, -0.052693337313893265, -0.043471091325985665, -0.03050225526041258, -0.024501475992189912]",1.0,-0.0033476526878827733,6.306617573037521e-05,0.0021091335815283437,True,existing,17.0
D_vol_yz_20,stock,5,1801,-0.05090328030134656,0.19056505336335472,-5.069607812653897,"[-0.05566865762877193, -0.06152787795809633, -0.029093360030707192, -0.04143781034900012, -0.06677545838091435]",1.0,-0.00319336230457893,3.9863627554481695e-07,4.992283229482537e-05,True,existing,17.0
D_vol_yz_20,stock,6,1726,-0.04790836014232047,0.19940165105101457,-4.463935894595137,"[-0.11237854739817672, -0.03167443024258525, -0.022851802313147252, -0.01736551274976511, -0.06566925650008153]",1.0,-0.004386309944377858,8.046764854441335e-06,0.0005148180210134967,True,existing,17.0
D_vol_yz_20,stock,8,1542,-0.04782243781241085,0.22925417654211078,-3.6632928592211123,"[-0.11571730101669822, -0.05957333956143397, -0.016920238955636654, -0.024457094989934654, -0.03717627629248553]",1.0,-0.003645788887683152,0.00024899358266772254,0.005428060102156351,True,existing,17.0
D_vol_yz_50,all,-1,1801,-0.036867288857016095,0.18230949522308018,-3.837989368016606,"[-0.06095500607604564, -0.041571720823205996, -0.02437248592522261, -0.021104207527980083, -0.03626611360701774]",1.0,-0.0025407659379754637,0.00012404585170044946,0.0033828659515274806,True,existing,17.0
D_vol_yz_50,market,2,366,-0.04956008797743431,0.15151791000360545,-2.7984892181169103,"[-0.05379193724437081, -0.10588730129963846, -0.00829490869287973, -0.013074665096779094, -0.11565179143213883]",1.0,-0.0041011700418795574,0.005134228351637349,0.047590658390137694,True,existing,17.0
D_vol_yz_50,stock,1,1668,-0.04126629770797877,0.20212839646616607,-3.7289039541327247,"[-0.0487004237127001, -0.035469363990114265, -0.029353930424307232, -0.0477340117442497, -0.045245200199047104]",1.0,-0.0036146688277518824,0.00019231442920886188,0.0046202560421361675,True,existing,17.0
D_vol_yz_50,stock,2,1801,-0.04697252606190717,0.19862650266682189,-4.488265863059554,"[-0.06343490011959099, -0.05052843619422051, -0.04465677501071258, -0.0467626090288072, -0.029434181139377666]",1.0,-0.004367339199826835,7.180528351913296e-06,0.0004828415252938453,True,existing,17.0
D_vol_yz_50,stock,3,1689,-0.04296009138388189,0.208024959007385,-3.7955924495069087,"[-0.0728087087354479, -0.05397427099002154, -0.034946764501823775, -0.033714429765017186, -0.02227459210600073]",1.0,-0.002771649259490584,0.0001472912936004711,0.003870341759519522,True,existing,17.0
D_vol_yz_50,stock,5,1801,-0.04902165325730961,0.18442213899179175,-5.044832522661647,"[-0.047391632912254664, -0.05024062359625538, -0.03099945128962719, -0.045584188303318285, -0.07089689801938434]",1.0,-0.003012552372092415,4.5391878145117914e-07,5.4525835665747766e-05,True,existing,17.0
D_vol_yz_50,stock,6,1726,-0.04320585819025374,0.19879088042742546,-4.038141865336142,"[-0.10031231121906978, -0.02568628316138056, -0.024715743289547752, -0.01754432830476546, -0.05685334813270625]",1.0,-0.0033629755247799116,5.387626874542306e-05,0.0019176931054614536,True,existing,17.0
D_vol_yz_50,stock,8,1542,-0.04245837551788449,0.22337376313525134,-3.338015874677926,"[-0.1139404529341112, -0.04718838197873339, -0.007212735461828337, -0.0280171481159254, -0.027265569349691005]",1.0,-0.002832177677805355,0.0008437892850705619,0.013139004581813035,True,existing,17.0
D_donch_pos_20,all,-1,1801,-0.013884468940249675,0.08602987716027735,-3.06303405087099,"[-0.01574414363788196, -0.01035648043834634, -0.021434767810726073, -0.02257108363854459, 0.0006892965872995649]",0.8,-0.002009322894817552,0.0021910512673790628,0.0265911730119148,True,existing,21.0
D_breakout_high_20,all,-1,1795,-0.021597070905811387,0.06694358140989128,-6.112700753581792,"[-0.010566785032813553, -0.024172529834480674, -0.026122604078398427, -0.03649948830993347, -0.010728200638970405]",1.0,,9.795895206110572e-10,3.6036649489479267e-07,True,existing,24.0
D_breakout_high_20,market,2,366,-0.022236710461286016,0.06738683635837518,-2.823260902856727,"[-0.03009777914708058, -0.0026171853154681505, -0.02312370838251435, -0.0567147962467183, -0.001962705510891113]",1.0,,0.004753786891932288,0.04513030588050556,True,existing,24.0
D_breakout_high_20,market,5,471,-0.025124843218449655,0.06081289815820503,-4.009896016182977,"[0.0043184913418598805, -0.02646768689487033, -0.044086434049330596, -0.043651378467982276, -0.011847102702092742]",0.8,,6.074549312495847e-05,0.0020431312716200317,True,existing,24.0
D_breakout_high_20,stock,6,1637,-0.026095604154139897,0.12480516779027406,-3.783329135674817,"[-0.0330928409522466, -0.017050287092521668, -0.015592630940034245, -0.04107380282433042, -0.02599501532662717]",1.0,,0.00015474456672714965,0.003994853156824574,True,existing,24.0
D_breakout_high_50,all,-1,1783,-0.01799822676445476,0.06323255068577685,-5.375015090860222,"[-0.0074496438430618536, -0.020072037947712687, -0.022368614356277954, -0.030553623468794235, -0.009416930872362533]",1.0,,7.65762682153337e-08,1.3256703373983945e-05,True,existing,24.0
D_breakout_high_50,market,5,471,-0.024037189086835345,0.05728803026697708,-4.072351354787693,"[-0.0010988122465819413, -0.02144326933082625, -0.028921998706587168, -0.04041416570389632, -0.015998943187189328]",1.0,,4.654090178357606e-05,0.0017904558686152202,True,existing,24.0
D_breakout_high_50,stock,6,1590,-0.025317670288257006,0.12233857194866976,-3.6904038361753857,"[-0.0451626126670905, -0.01856888443101192, -0.012634789301131287, -0.031010839048449375, -0.026286315136741043]",1.0,,0.00022389831976354913,0.00514120360786224,True,existing,24.0
D_days_since_boh_20,all,-1,1801,0.0167553898253374,0.07855862627272041,4.047925493058455,"[0.019447361979648, 0.014451178727759887, 0.025565198482182472, 0.019418965395552455, 0.004886766841115547]",1.0,0.0021382215560896718,5.1673588719047814e-05,0.0019176931054614536,True,existing,30.0
D_days_since_boh_20,stock,6,1726,0.020409694726780885,0.13224315686532598,2.8674687552633245,"[0.03782962549742354, 0.017277243696010636, 0.0019389194605941617, 0.015085309557850975, 0.0332162078935304]",1.0,0.003038213763725975,0.004137696579919137,0.04100081156465327,True,existing,30.0
D_dvol_z20,all,-1,1801,-0.01254850495357916,0.0717402994338762,-3.3197138905710895,"[-0.003448214220550692, -0.008444623951903043, -0.02453135833037405, -0.018980720968940108, -0.007362885881497426]",1.0,-0.0018174874678789181,0.0009010974664289684,0.013599916966082997,True,existing,33.0
D_dvol_z50,all,-1,1801,-0.01584305261229633,0.07103838200662725,-4.232701649444187,"[-0.010531521448940179, -0.01000595074244746, -0.03062103963813103, -0.019799592204393753, -0.008271913280800774]",1.0,-0.0020779903327922252,2.309007254996942e-05,0.0011232079919761984,True,existing,33.0
D_dvol_z50,market,5,471,-0.017608219622423666,0.058414457561190916,-2.925637739858783,"[0.004543676012726938, -0.02504662404956981, -0.04276193110538466, -0.028221189579304036, -0.005383705951796946]",0.8,-0.002001609795295049,0.003437509648363646,0.03649432194319224,True,existing,33.0
D_dvol_z50,stock,6,1726,-0.0266027688012526,0.13627361504454905,-3.627024228420427,"[-0.04140013192768419, -0.028985445758795577, -0.022249058395121344, -0.020401938172429298, -0.021822541656066927]",1.0,-0.003133150661889758,0.0002867064005684927,0.00596308789309593,True,existing,33.0
D_dvol_z50,stock,8,1542,-0.02576771168407143,0.16266317139043776,-2.781914651762599,"[-0.02759436786178949, -0.042661931793670525, -0.04397820601256516, -0.029631487393355027, 0.008111810959549241]",0.8,-0.0033757066431653387,0.005403924930577286,0.04954439585884409,True,existing,33.0
D_dvol_z252,all,-1,1801,-0.015314894022601585,0.0774909178828191,-3.7508961917814903,"[-0.003904372101632327, -0.0053159424108796165, -0.04058442734758198, -0.01744533596468779, -0.009356088182451098]",1.0,-0.0016670359887246084,0.0001762036445567272,0.004321394382753735,True,existing,34.0
D_dvol_z252,stock,6,1726,-0.028158760817551753,0.13929161751886474,-3.7559858785577527,"[-0.034502230569161844, -0.026392880850588746, -0.029958705370202402, -0.01217043813618703, -0.03937102185585897]",1.0,-0.003024493714705618,0.0001726604294303158,0.004301233773652448,True,existing,34.0
D_dvol_z252,stock,8,1542,-0.03059485899237282,0.16893447481537183,-3.180441081825089,"[-0.04628692370489645, -0.038347450513495106, -0.04710519338048497, -0.0362146344033314, 0.011332871097438055]",0.8,-0.003846223423653364,0.0014705103844170342,0.020806307987208325,True,existing,34.0
D_vol_surge_20,all,-1,1800,-0.012869447433059398,0.05731089700293519,-4.260631214429332,"[-0.005384108734361116, -0.015251944052992968, -0.019994226663840656, -0.015551264789703671, -0.00817344106977473]",1.0,,2.0385036040737603e-05,0.0010255241208186455,True,existing,53.0
D_vol_surge_20,market,0,91,-0.04390538000267919,0.061499080637777,-3.0456837829280468,"[-0.04532134605920731, -0.043669385659924495]",1.0,,0.0023215185056448817,0.02754931033110035,True,existing,53.0
D_vol_surge_50,all,-1,1800,-0.013923753933467,0.057822465518223114,-4.568892967278372,"[-0.005743771708079999, -0.01847474694212032, -0.019923927537294342, -0.016021196325819338, -0.00946546519147489]",1.0,,4.903070758954797e-06,0.0004008260345445547,True,existing,54.0
D_atr_pct,all,-1,1801,-0.03718965900909843,0.20586544397301024,-3.428550868559434,"[-0.06443968737167538, -0.038894342627543176, -0.02753994059911627, -0.01727333614408584, -0.03772529377984209]",1.0,-0.002548559846952093,0.0006068128067724388,0.010405287750420246,True,existing,17.0
D_atr_pct,stock,1,1668,-0.040224701576377635,0.2191812835947843,-3.351987464367541,"[-0.053278484940589045, -0.02794233649359208, -0.029184680195068317, -0.045836147871958124, -0.04374104446244184]",1.0,-0.003125950930324706,0.0008023365164928631,0.012660999292431613,True,existing,17.0
D_atr_pct,stock,2,1801,-0.04891577243769973,0.21042663523980537,-4.41184310322809,"[-0.06430083236290408, -0.0403949364876979, -0.05314854166401437, -0.04872175767083738, -0.03797005772547489]",1.0,-0.0041387054164829596,1.0249437642384507e-05,0.0005671829010070031,True,existing,17.0
D_atr_pct,stock,3,1689,-0.0438812902920181,0.22267458313230992,-3.6219175840968925,"[-0.0821455908957807, -0.04222573025121567, -0.040658143924171324, -0.028622217606861053, -0.026126348622450606]",1.0,-0.0026945724553556244,0.0002924272937225858,0.005976482815455347,True,existing,17.0
D_atr_pct,stock,5,1801,-0.05073345847415557,0.21259275299496705,-4.529162129224198,"[-0.058154373407530116, -0.05502390452289323, -0.0323616584940629, -0.0416820925992825, -0.06642464969441642]",1.0,-0.002771766937453496,5.921804710595779e-06,0.0004220629774104486,True,existing,17.0
D_atr_pct,stock,6,1726,-0.04627793517562382,0.21319446827748875,-4.033048409771966,"[-0.11256971680449068, -0.03220745673494774, -0.02442121664938315, -0.011972335292443213, -0.060674201815695016]",1.0,-0.0035061340223629662,5.505793188431696e-05,0.0019176931054614536,True,existing,17.0
D_atr_pct,stock,8,1542,-0.04946681356933874,0.2368972701238556,-3.667001304628214,"[-0.11854180128117843, -0.06363838072306266, -0.020575821816042516, -0.024958515532694805, -0.03556617123221798]",1.0,-0.004421840048046311,0.0002454115434724624,0.005369860018137226,True,existing,17.0
D_range_pct,all,-1,1801,-0.041302701119173856,0.126078649543541,-6.217399308158193,"[-0.05391886330027123, -0.0442253176585971, -0.04837775253326119, -0.024401560534580074, -0.035554966674212214]",1.0,-0.003815901326284453,5.054623386513413e-10,2.2891168099520726e-07,True,existing,48.0
D_range_pct,market,2,366,-0.05333919519943066,0.10207592089845319,-4.470732574237529,"[-0.05871460757754878, -0.07363547100299213, -0.035655928606537816, -0.0176975648499342, -0.08614074305959687]",1.0,-0.005220729359118545,7.79521220306556e-06,0.0005042046046949877,True,existing,48.0
D_range_pct,market,4,323,-0.060815997011708256,0.12490798309753214,-3.913306768819658,"[-0.011572309835391578, -0.05936430595557732, -0.07606004896423929, -0.06953272428571212]",1.0,-0.006059318013423909,9.10407567396021e-05,0.002630620309459042,True,existing,48.0
D_range_pct,market,5,471,-0.043847380302551094,0.11536902139496555,-3.6887557017768664,"[-0.07353966548847514, -0.06010758984681374, -0.036472146786361556, -0.027246484276419396, -0.03616390432727623]",1.0,-0.00407959813808119,0.0002253534710887628,0.00514120360786224,True,existing,48.0
D_range_pct,stock,2,1801,-0.04244328743661242,0.17008961990411092,-4.735905831698973,"[-0.03367347531155667, -0.03324410764295597, -0.06333896488545264, -0.03699755274218152, -0.044986697190151574]",1.0,-0.00498644120129766,2.180788368333353e-06,0.00021756136162729008,True,existing,48.0
D_range_pct,stock,3,1689,-0.052434525958062736,0.17098964182530632,-5.636082817602385,"[-0.07748553628509848, -0.06257230116657929, -0.050574615482561085, -0.03759352761945393, -0.0364063116678381]",1.0,-0.005445692381204515,1.7396174278871968e-08,3.792365992794089e-06,True,existing,48.0
D_range_pct,stock,5,1801,-0.04510745697745388,0.1628424897043976,-5.257175364719086,"[-0.0494619228188619, -0.056606223539335775, -0.04349741097445237, -0.03557947394628709, -0.04038015786988391]",1.0,-0.00344688261716761,1.4628480737854943e-07,2.2077753236670308e-05,True,existing,48.0
D_range_pct,stock,6,1726,-0.052478255459102986,0.16358320451898906,-5.96040912967412,"[-0.10567438998049444, -0.035511981085945776, -0.04928397457615515, -0.023006785284084605, -0.05686618363252265]",1.0,-0.005183305034572396,2.5160717953554013e-09,7.052189803553282e-07,True,existing,48.0
D_range_pct,stock,8,1542,-0.05023281694537738,0.1894723038335916,-4.655850021535488,"[-0.10109399747452101, -0.03958966637143391, -0.047801590694065414, -0.032756423247488335, -0.030291684820722475]",1.0,-0.005334162723601434,3.2264674951765215e-06,0.0003014442488350636,True,existing,48.0
D_gap_pct,all,-1,1801,-0.016258915097329144,0.06717678214661824,-4.5935052884782,"[-0.018361901367648713, -0.007674194588773623, -0.021541693901324193, -0.01927054055734827, -0.014440403443022248]",1.0,-0.0017637806860696743,4.35861968672846e-06,0.0003668448541570906,True,existing,36.0
D_gap_pct,market,2,366,-0.019899630730328882,0.05895944375078564,-2.8876674695810896,"[-0.020929100952172264, -0.013713662106301112, -0.018231725155440182, -0.006221138561563056, -0.031767821011258995]",1.0,-0.0022090819227330812,0.003881099385703024,0.03912028350979047,True,existing,36.0
D_gap_pct,market,5,471,-0.021458514456664093,0.05870970020013931,-3.5474414954962827,"[-0.02568179772501645, -0.01703981477406116, -0.02672911193583771, -0.02397810249031012, -0.01465932996605539]",1.0,-0.002174358200271988,0.000388992134894961,0.007275268190296887,True,existing,36.0
D_gap_pct,stock,5,1801,-0.03222023308783841,0.13864140884736423,-4.4107005031062325,"[-0.021165947658124344, -0.02481376891162466, -0.0393185122014676, -0.03883658621914243, -0.036997056797248885]",1.0,-0.0025004217339361884,1.030367485332917e-05,0.0005671829010070031,True,existing,36.0
D_rsi14_z252,all,-1,1801,-0.018483242211515972,0.08150542409086692,-4.3039131349150015,"[-0.022358050014377424, -0.01749087183757839, -0.02693184961445969, -0.021906926774230943, -0.0037177494619254755]",1.0,-0.0022384147127196114,1.6780748005151835e-05,0.0008818882389136044,True,existing,21.0
D_rsi14_z252,stock,6,1726,-0.023881077168669777,0.14380222982892973,-3.0854867455593493,"[-0.05098281994881901, -0.014426571424829738, -0.0021902156038177893, -0.032825934062027766, -0.022830328568771246]",1.0,-0.0024160344617136435,0.002032192814695577,0.025182077699575086,True,existing,21.0
D_atr_pct_z252,all,-1,1801,-0.0195736979189073,0.11236290183658512,-3.306144180908539,"[-0.02620945106887861, -0.02043221474941011, -0.03642274083676361, -0.0035397867792800347, -0.011245863512565315]",1.0,-0.001396588417604637,0.0009458940170037344,0.014095018187554383,True,existing,18.0
D_atr_pct_z252,market,2,366,-0.02959601548383821,0.08887902781318005,-2.8489805930438044,"[-0.022732815149741143, -0.05401236401997005, -0.027080114912028733, 0.008127056327047532, -0.05002766176794114]",0.8,-0.0028730720052654066,0.00438595557449184,0.04253004038131626,True,existing,18.0
D_atr_pct_z252,stock,6,1726,-0.030772718070817644,0.15136618994335857,-3.777220796388085,"[-0.06738429052558548, -0.03143938250461985, -0.023347816827127818, -0.0020745617053176766, -0.0351748992159982]",1.0,-0.0025507026444232263,0.00015858813092517465,0.004076199731989424,True,existing,18.0
D_vol_z252,all,-1,1801,-0.01626689272785514,0.06850865137088653,-4.506413493951265,"[-0.004566026128790072, -0.007480101999016603, -0.03924357786020343, -0.0183824892914109, -0.011694770767074324]",1.0,-0.0018014314230234882,6.5932546728930674e-06,0.0004512546163331232,True,existing,34.0
D_vol_z252,stock,6,1726,-0.03031823799861347,0.13574663333159728,-4.149638687441774,"[-0.03871408250512037, -0.025818051807866105, -0.034789030696845254, -0.01802834480666612, -0.03578872053826594]",1.0,-0.0032858696598050763,3.330004814561249e-05,0.0014306867400370447,True,existing,34.0
D_vol_z252,stock,8,1542,-0.03216171000276886,0.1671297086581594,-3.3794238148200715,"[-0.04069765400597218, -0.05870198705972482, -0.046326160873471696, -0.03403619806413304, 0.006449368963603192]",0.8,-0.004187816444393326,0.0007263793643703664,0.011745793787593342,True,existing,34.0
D_ema20_angle_z252,all,-1,1801,-0.022859399280417345,0.08713349033022502,-4.979108116246927,"[-0.024841260253873027, -0.02259878807209749, -0.031603945805421384, -0.028470822524641688, -0.006776674576682441]",1.0,-0.0028990932799370377,6.387795343787417e-07,7.372267332065242e-05,True,existing,21.0
D_ema20_angle_z252,stock,6,1726,-0.03694151477075066,0.14206749730314477,-4.831203855217393,"[-0.06492897701045403, -0.030198595803747487, -0.014001367998619408, -0.045475462832740295, -0.03396383427945923]",1.0,-0.003988744664321237,1.3570996315603878e-06,0.00014848470104555922,True,existing,21.0
D_rsi14_obv_x,all,-1,1801,-0.01665553096582183,0.07183444537434856,-4.40045509460918,"[-0.012135999571430904, -0.015063209461375522, -0.01866037711269537, -0.023972514307670823, -0.013458108629809843]",1.0,-0.0021274372715870513,1.0802408162424726e-05,0.0005833300407709352,True,existing,46.0
D_rsi7_obv_x,all,-1,1801,-0.016592632073703574,0.07156292393470633,-4.40046996087934,"[-0.011567253659647635, -0.015229976870769745, -0.018547635748898433, -0.02408590515184047, -0.01354634832184508]",1.0,-0.0021563331919463124,1.0801668067106363e-05,0.0005833300407709352,True,existing,46.0
D_ret_5d_roll_std,all,-1,1801,-0.02865495382230074,0.17424975306417292,-3.121040439291642,"[-0.05694860627771833, -0.03675120502065547, -0.010818504179273079, -0.015319652813989754, -0.02335820734082423]",1.0,-0.0015555883687991886,0.0018021328489523647,0.023695424456356213,True,existing,51.0
D_ret_5d_roll_std,stock,2,1801,-0.037157351184874836,0.18926172754425954,-3.726093953447801,"[-0.05706974191855844, -0.045193742680697785, -0.043821549271486224, -0.03218039892499471, -0.007466010932154578]",1.0,-0.00325535309040105,0.0001944699420455276,0.0046342108456679165,True,existing,51.0
D_ret_5d_roll_std,stock,3,1689,-0.03607817624923676,0.19704785203776473,-3.3651365632352923,"[-0.07394524914338325, -0.038987190449181815, -0.027470229194296716, -0.030040846984367566, -0.011534831591418139]",1.0,-0.0022026409134864714,0.0007650578279256859,0.012270110014088792,True,existing,51.0
D_ret_5d_roll_std,stock,6,1726,-0.034419028180822285,0.18732151210034623,-3.413864995723819,"[-0.08374051008192723, -0.014313368006543056, -0.004046823198503126, -0.01986431903923066, -0.058740656351852126]",1.0,-0.0025019975992548486,0.0006404830434669773,0.010771094839561795,True,existing,51.0
Comb_GapUp__CPR_Tmr_Above,all,-1,1799,-0.01303704385300125,0.06148621982168808,-4.021905966945797,"[-0.0054096681787323695, -0.005990659959443747, -0.020848201843074555, -0.02205642312933749, -0.010862306731882392]",1.0,,5.772910542756193e-05,0.001968435852871317,True,existing,1.0
Comb_ATRlow__EMA20pos,stock,5,1659,0.02648365083886236,0.13851956951265218,3.482610548715262,"[0.03398634961798145, 0.013462667923907722, 0.0010031109335176072, 0.017952490007392886, 0.06433214389181763]",1.0,,0.000496550156260156,0.008856649150749327,True,existing,0.0
D_body_ratio,stock,5,1801,0.020026197778467848,0.13448241354337168,2.826212809377277,"[0.007050981341064554, 0.016807377964879296, 0.0302322861960798, 0.013939290493320069, 0.032137095164877186]",1.0,0.0017420507007427349,0.004710195986095345,0.04478871336697447,True,existing,11.0
D_hh_run,all,-1,1801,-0.01911716432257876,0.06733132650366369,-5.38862742101683,"[-0.01144167443453552, -0.015064090613104833, -0.025321161996509873, -0.030859156444497424, -0.01292105892949072]",1.0,-0.0021432573191189006,7.09978176249848e-08,1.2663428925474562e-05,True,existing,28.0
D_hh_run,market,3,466,-0.020623331732648,0.06977950347285786,-2.8532439754507117,"[-0.009747646507684364, -0.02156884898509201, -0.025841339831251045, -0.020616255484315702]",1.0,-0.0012317924632377767,0.004327538306312162,0.04217200409098243,True,existing,28.0
D_hh_run,market,5,471,-0.02001402144633792,0.06287325277915005,-3.089540430307316,"[0.004754578614774778, -0.01609878517290707, -0.05012705384114325, -0.032260497050142785, -0.014491564711772409]",0.8,-0.002875261724759804,0.0020046642007038873,0.024945990455270784,True,existing,28.0
D_hh_run,stock,2,1793,-0.025849507107757404,0.1484759291071174,-3.2968664686684757,"[-0.007395398401296299, -0.021995618092048946, -0.03817572093464908, -0.03210118634435549, -0.029583493208249715]",1.0,-0.0034455941889197875,0.0009776997233257312,0.01453217316034155,True,existing,28.0
D_hl_run,all,-1,1801,-0.012109231464494287,0.06431177640083825,-3.5735340882427047,"[-0.005715630616632364, -0.000847898589278283, -0.017068600374004442, -0.02685473042106898, -0.01007705732384254]",1.0,-0.0017527155117049735,0.00035219536904240734,0.006774581510403953,True,existing,37.0
D_lh_run,all,-1,1801,0.01621530189503729,0.0691661543852144,4.449418572237522,"[0.011898437849308182, 0.008888503415294362, 0.022703873224850683, 0.026726587380507913, 0.01087109889424122]",1.0,0.0025190871444485327,8.610306610590257e-06,0.0005391517522333431,True,existing,28.0
D_lh_run,stock,2,1801,0.02717936025945931,0.15270548789242053,3.377975065811729,"[0.021951162697070942, 0.014115741545276611, 0.03924445692926056, 0.032654373226670655, 0.027945589670024428]",1.0,0.004397098632872055,0.0007302170148091314,0.011775499586757663,True,existing,28.0
D_compress_state,all,-1,1801,-0.014449957069835513,0.0668488037194294,-4.102463929365016,"[-0.013990357752303857, -0.007740623132715067, -0.02900353602589461, -0.00947523848679868, -0.012041306616236277]",1.0,-0.001534376324376675,4.0877359769320165e-05,0.0016205375110893794,True,existing,26.0
D_compress_state,market,4,323,-0.02537711384446453,0.06546387906888224,-3.1157080119566105,"[-0.008878119091328603, -0.003627492253023527, -0.04682287278287442, -0.023176771101333087]",1.0,-0.0028240196188244614,0.0018350387466026241,0.02389610190819258,True,existing,26.0
D_dist_from_20l,all,-1,1801,-0.01890252591549769,0.08259790590533791,-4.343328318483147,"[-0.025373291234619958, -0.015666490350670748, -0.02646925996215581, -0.022137884703696806, -0.0048477289782364475]",1.0,-0.00218323511548367,1.4034015760833185e-05,0.0007441821330474246,True,existing,21.0
D_dist_from_20l,stock,6,1726,-0.021826376139919623,0.1343444035349446,-3.018543572759661,"[-0.04371867659641939, -0.017066447370375663, 0.007067973132276211, -0.03083903842566124, -0.028122687180030297]",0.8,-0.002694091326689847,0.002539928739278219,0.02918882914937182,True,existing,21.0
D_WQ_3,all,-1,1801,0.01753371761028882,0.05454177858601814,6.101218324628872,"[0.02012821971081771, 0.021205566971292347, 0.014662507984541584, 0.018651931181588415, 0.013013155252924798]",1.0,0.0018431427976739307,1.0526302052227265e-09,3.644577287024099e-07,True,existing,10.0
D_WQ_3,market,2,366,0.020530154695752048,0.05809731944558572,3.0233725620933924,"[0.023047245582609673, 0.022682157316535865, 0.00953124114607326, 0.05321612873888239, 0.0246330149759641]",1.0,0.0019892144304409923,0.002499742879075839,0.028793515824345185,True,existing,10.0
D_WQ_3,market,3,466,0.01740765570574479,0.05449259803081323,3.0839741598667905,"[0.04173301673354552, 0.027034804234384122, 0.012220066573028827, 0.01005768588051657]",1.0,0.0017722163303013961,0.002042553354298704,0.025257287906307085,True,existing,10.0
D_WQ_3,market,4,323,0.02099757270152138,0.05020403445324189,3.3616054075544066,"[0.01001129183166721, 0.029558066680449517, 0.018368208752501235, 0.01921661798439925]",1.0,0.0024111186595770846,0.0007749077377181557,0.012394312348394197,True,existing,10.0
D_WQ_3,stock,6,1726,0.02386141925897773,0.12781196176061574,3.468647478106356,"[0.04665650835060136, 0.01579091168668628, 0.027329886875148496, 0.02501963555652547, 0.006757540788167607]",1.0,0.0023432055672093955,0.0005230853374627031,0.009218204479956499,True,existing,10.0
D_WQ_6,all,-1,1801,0.019239823522276236,0.051960385445528605,7.027495470312936,"[0.018771889950998915, 0.025342712086145695, 0.016234432328607044, 0.02187461542347722, 0.013976767637628078]",1.0,0.0022225991432481135,2.1027624086400465e-12,2.4753719074510627e-09,True,existing,10.0
D_WQ_6,market,2,366,0.019139404336097305,0.05534524739747055,2.958718346983529,"[0.025116791264393826, 0.02525068605113319, 0.012858261088651547, 0.04113455567294532, 0.008030349638700017]",1.0,0.002267149850653912,0.003089213055831319,0.03399205560656002,True,existing,10.0
D_WQ_6,market,3,466,0.020614658426167373,0.04939301426642028,4.02919762280704,"[0.031815384392141564, 0.03242597052037241, 0.014512279901381403, 0.01819256561438454]",1.0,0.0021778410667517515,5.596755447245805e-05,0.0019273970036142874,True,existing,10.0
D_WQ_6,market,4,323,0.018721423586247687,0.05121857519581619,2.937836590136683,"[0.010617928459373274, 0.02839647469855434, 0.015010440718278352, 0.015783374542154185]",1.0,0.002157359982345537,0.00330511180901083,0.03595912774092005,True,existing,10.0
D_WQ_6,market,5,471,0.017673601295440166,0.04654572709453521,3.6852816604799927,"[0.0022285579408004856, 0.032250277673860205, 0.00781997676881131, 0.02565533163164451, 0.009293281221679339]",1.0,0.0018320372135915866,0.0002284498565074955,0.005145195596812938,True,existing,10.0
D_WQ_6,stock,6,1726,0.029121200941482732,0.12718423495043865,4.2541362249218055,"[0.056672254635150396, 0.02283409089315391, 0.030860293517700605, 0.026799675915062788, 0.011332179526753377]",1.0,0.003229630596660788,2.098575203812736e-05,0.0010467977669187936,True,existing,10.0
D_WQ_12,all,-1,1801,0.01559980779282394,0.04542059792675065,6.518358683533651,"[0.01639613817476542, 0.017880232481069215, 0.019954306633499605, 0.016500982621469408, 0.007265167024477323]",1.0,0.001678518644997322,7.108091892860102e-11,4.183822888137456e-08,True,existing,2.0
D_WQ_12,market,2,366,0.017797665103151648,0.044420374000911325,3.4279648507697686,"[0.016961814167477354, 0.016789360060741196, 0.02291719266629533, 0.01509063288881731, 0.009631520991739731]",1.0,0.001555349478284957,0.0006081241906463752,0.010405287750420246,True,existing,2.0
D_WQ_12,market,3,466,0.013840248005632307,0.04223278243769436,3.16374981967061,"[0.02510258393430423, 0.018410067279553504, 0.014818217021495465, 0.0073084395564125]",1.0,0.0017750974840036746,0.0015575061723318573,0.021419348902675963,True,existing,2.0
D_WQ_12,market,5,471,0.014629788987154908,0.041808606365556625,3.3962356964269778,"[0.009074347385582899, 0.01736276810714409, 0.027647389056333946, 0.01803549262165431, 0.007452763242078616]",1.0,0.0013915607152449807,0.0006831950231271922,0.011283876558616035,True,existing,2.0
D_WQ_13,all,-1,1801,0.02166521632020911,0.055779331723687084,7.371596872669135,"[0.017058018705104712, 0.028706645134868022, 0.02442299618190399, 0.02590815377801325, 0.012243065572308622]",1.0,0.002726059801493907,1.6853185513809876e-13,2.4799462483571233e-10,True,existing,3.0
D_WQ_13,market,0,91,0.03507614850310764,0.053582400264130144,2.7927073616168525,"[0.008797704858621996, 0.03945588911052192]",1.0,0.0042199541652843155,0.005226895437179246,0.04829749849801734,True,existing,3.0
D_WQ_13,market,3,466,0.026077162188954214,0.061629923403245426,4.084855106695465,"[0.028758523278817907, 0.04214948215286326, 0.029412967270194715, 0.017943140423634815]",1.0,0.0031192240410268957,4.4104329207206305e-05,0.0017119430426715762,True,existing,3.0
D_WQ_13,market,4,323,0.02022906377132397,0.05479176763756929,2.9674043640650507,"[0.0155642263639079, 0.027330564406802055, 0.018068732599177035, 0.01350035115394096]",1.0,0.002386118830795418,0.0030032569657840735,0.033450326077812426,True,existing,3.0
D_WQ_13,market,5,471,0.017532465712247893,0.04707083664886877,3.6150685089378176,"[0.0014360614287615538, 0.028391966761541754, 0.024149786176630914, 0.021443450828184142, 0.015013241449691968]",1.0,0.0019681015257573707,0.0003002682063162343,0.006094409180611569,True,existing,3.0
D_WQ_13,stock,5,1801,0.023565621506065965,0.1285092528469587,3.4802973731206905,"[0.01127447330879367, 0.02877034818467039, 0.03074958563872278, 0.014058971346791228, 0.03300887112967752]",1.0,0.0019051785377642667,0.0005008575234703994,0.008880798750232718,True,existing,3.0
D_WQ_13,stock,6,1726,0.019993253134962762,0.1312465971793999,2.83028914583828,"[0.01261852221878279, 0.017321136314291344, 0.02378414300921453, 0.03510299628883288, 0.009428611973723895]",1.0,0.002594972560252928,0.004650595386474832,0.04436532324925585,True,existing,3.0
D_WQ_16,all,-1,1801,0.020886435561486862,0.058889816957106766,6.731254023844168,"[0.017575851063460397, 0.028832441621558125, 0.019251700329220175, 0.02335677318893286, 0.015424607672312848]",1.0,0.00266412451559679,1.6820767001490822e-11,1.4143862081539282e-08,True,existing,4.0
D_WQ_16,market,0,91,0.04265263357756776,0.059651596223336455,3.0504188518327013,"[0.020069293836083475, 0.0464165235344818]",1.0,0.004896057611034437,0.0022852242481334883,0.02722840065691035,True,existing,4.0
D_WQ_16,market,3,466,0.02510999242445544,0.06404366983891913,3.7851084551559016,"[0.025932822557477, 0.04139781224008538, 0.023878492497866513, 0.022253122417542726]",1.0,0.0031171880461364986,0.00015364155903396792,0.003994853156824574,True,existing,4.0
D_WQ_16,market,5,471,0.016436339462622,0.04988289626364339,3.1980031885238036,"[-0.0033456886983461854, 0.023207516694747823, 0.014521669467443534, 0.02041651123656543, 0.02304763631140645]",0.8,0.0020429189074962027,0.0013838275028348335,0.019866362638258122,True,existing,4.0
D_WQ_16,stock,1,1668,0.023185649740840215,0.15147779540754028,2.795653326637313,"[0.019128775659781744, 0.03101502824339706, 0.020929088466170143, 0.013118070646099891, 0.03118280846911441]",1.0,0.0026652649414337782,0.005179492654435958,0.047934738622657305,True,existing,4.0
D_WQ_16,stock,5,1801,0.021068277048531814,0.13216420313721972,3.025429471470286,"[0.013169685853518652, 0.027135401402672225, 0.03076069579817696, 0.011219656241449539, 0.02307788647793894]",1.0,0.002088800634659418,0.0024828030235410914,0.02865446783639777,True,existing,4.0
D_WQ_16,stock,7,1801,0.017050253072774968,0.11164895696989302,2.8983312104500913,"[0.021983795893923866, 0.02052879365882282, 0.019512301964741397, 0.014092226058874474, 0.009120443501897994]",1.0,0.0016809183388232253,0.0037515417901390347,0.03874971193177026,True,existing,4.0
D_WQ_19,all,-1,1801,0.01331130118064636,0.07846709112625963,3.219621442031628,"[0.00558891334395614, 0.013284510870472919, 0.015216959502216715, 0.025090158148475324, 0.007397415115434843]",1.0,0.0015934479616188997,0.001283599789089429,0.01874756416521186,True,existing,5.0
D_WQ_20,all,-1,1801,0.010627662922521323,0.061791518612140495,3.264230038244368,"[0.004659149765966159, 0.012015749286367377, 0.014958584309766657, 0.017911372657897384, 0.003610037795821682]",1.0,0.001600596725983163,0.0010976200825358884,0.016232642728156377,True,existing,6.0
D_WQ_23,all,-1,1801,0.020931353510050894,0.06799106036854112,5.842750650745696,"[0.008326563590402361, 0.02472736137010041, 0.027574985749515498, 0.02988410260382473, 0.014178767541743843]",1.0,0.0027612071812610204,5.1345845353267805e-09,1.3140071554318882e-06,True,existing,7.0
D_WQ_23,market,2,366,0.023323029385059063,0.06772182775485082,2.946536526423844,"[0.019117659362484215, 0.015977255342052753, 0.03261799040888872, 0.06254234948644749, -0.0025327762294137294]",0.8,0.0030621861128868914,0.003213544629719678,0.03512388651907456,True,existing,7.0
D_WQ_23,market,3,466,0.020963857092306228,0.06800453853470428,2.9760570262746775,"[0.004452803225009735, 0.03795438574113143, 0.01948406166532345, 0.02479669530114211]",1.0,0.002977882931549763,0.0029198056233334935,0.032797663929276605,True,existing,7.0
D_WQ_23,market,5,471,0.01857339373227108,0.06342971824462923,2.841999089493304,"[-0.011795157610469127, 0.015479746714430104, 0.05447147575462914, 0.033790572382308794, 0.01042866629051829]",0.8,0.0026809935157468055,0.004483161961832627,0.04325883820876531,True,existing,7.0
D_WQ_26,all,-1,1801,0.016594477054838144,0.05768689387657172,5.459567879309628,"[0.025957535095553038, 0.016852741487535856, 0.011989742625525025, 0.013362274535851985, 0.014784083035167277]",1.0,0.0015806987885027238,4.7729483032554754e-08,9.06244313321346e-06,True,existing,8.0
D_WQ_26,market,3,466,0.018160135188117283,0.050632426906160884,3.4625678233228507,"[0.047529864673162954, 0.022399327042461586, 0.014888586092734616, 0.009019549424694571]",1.0,0.0018507105391952923,0.000535047046140269,0.009400856458452607,True,existing,8.0
D_WQ_26,market,4,323,0.020034205278291816,0.054608409169726944,2.948688210468948,"[0.02214976790070466, 0.019816992211425265, 0.016040237005285507, 0.04015911444463085]",1.0,0.0020644965897656607,0.0031912575553776357,0.03498415451006685,True,existing,8.0
D_WQ_26,stock,6,1712,0.02180623516010727,0.13609988937011636,2.9647617371425743,"[0.06118060629819906, 0.0069133205132562384, 0.00856849650780383, 0.012767510436024709, 0.026841422802949294]",1.0,0.0022406047652157243,0.0030291743858636977,0.03357762793821794,True,existing,8.0
D_WQ_29,all,-1,1801,0.026162927902815734,0.09034144224228305,5.496309488280817,"[0.01713488018162104, 0.02785602990529929, 0.03611934316886651, 0.034612097855594506, 0.015117366313033988]",1.0,0.003358373416296124,3.878216392472211e-08,7.609060562030478e-06,True,existing,9.0
D_WQ_29,market,5,471,0.02193762043474217,0.07520724818614449,2.831100400392952,"[-0.004352355823562588, 0.031122346755582224, 0.05898114521847238, 0.029876801668335562, 0.013474253036300943]",0.8,0.0026030376371797464,0.004638815726976109,0.04432478793665808,True,existing,9.0
D_WQ_29,stock,2,1801,0.029813208152691343,0.167205994387521,3.3839872928833596,"[0.0035882739232932425, 0.04774730305744374, 0.04864995786794611, 0.03678497543383753, 0.012368377520462204]",1.0,0.004365003300196735,0.0007144130948173455,0.011616120099709656,True,existing,9.0
D_WQ_29,stock,6,1726,0.031376659734025834,0.14170329267344262,4.113979845382435,"[0.019859424729145893, 0.02543668418154676, 0.031836874532780994, 0.0436325268383506, 0.03465450025262558]",1.0,0.0041044247788505775,3.888954048614224e-05,0.0016205375110893794,True,existing,9.0
D_WQ_33,all,-1,1801,0.011308495630832907,0.07505011788459885,2.859731835205613,"[0.005436618473464415, 0.004006598352263843, 0.012628885738758765, 0.022362167231606698, 0.012124519127952392]",1.0,0.001715433801826807,0.004239993773804018,0.041683821205809636,True,existing,11.0
D_WQ_35,all,-1,1801,0.02020990852255345,0.06874039272013638,5.57987144111581,"[0.0079498753586662, 0.014028881105126621, 0.026962687324777034, 0.0348281532876377, 0.01731400118423717]",1.0,0.0026453279056978837,2.406964183521154e-08,5.0597825657876835e-06,True,existing,12.0
D_WQ_35,market,2,366,0.02074491324858187,0.06293935996868756,2.819972293179563,"[0.015736654311444248, 0.006100568314322407, 0.028065082617677373, 0.05406969469871275, 0.008246074421687755]",1.0,0.002598815694862517,0.004802779617788744,0.04535025041075462,True,existing,12.0
D_WQ_35,market,3,466,0.02525601032307986,0.0713034260394201,3.4194976130991837,"[0.020422307069354575, 0.021434747848070153, 0.032277241049785806, 0.023021306429974686]",1.0,0.002986746401165452,0.000627368829202668,0.010611186576686506,True,existing,12.0
D_WQ_35,stock,2,1801,0.025869964346346096,0.153520230112775,3.198173877945799,"[-0.02049482443402443, 0.02854878785255813, 0.04858692044700859, 0.04116631893249816, 0.031671410013635486]",0.8,0.003965689802554568,0.0013830086335531178,0.019866362638258122,True,existing,12.0
D_WQ_35,stock,6,1726,0.021813221856501322,0.13768199283101223,2.9435950679742726,"[-0.014975610628848156, 0.01172873961410626, 0.014792386495435508, 0.046072308409475314, 0.047717374470888634]",0.8,0.0035551037899633157,0.003244241660951497,0.035362234104371316,True,existing,12.0
D_WQ_38,all,-1,1801,0.012902506494265553,0.07793235024853865,3.1421590679475995,"[0.008125373994726902, 0.0018705340501972596, 0.01524381433642437, 0.02820289409965871, 0.011083185802819242]",1.0,0.0018774585943393451,0.0016770689754341817,0.022588622401385795,True,existing,11.0
D_WQ_40,all,-1,1801,0.02958430987327456,0.0684387150250798,8.204109536108122,"[0.0392647446347208, 0.026899764914185845, 0.029942543839669, 0.032005098390321576, 0.019782507490916007]",1.0,0.0031506774074907644,2.220446049250313e-16,1.3069545445887343e-12,True,existing,13.0
D_WQ_40,market,2,366,0.03470000600614142,0.06689216258864511,4.438230501874941,"[0.04220049694959259, 0.03407940420243109, 0.023035817177044834, 0.04668828749854771, 0.041654909398649735]",1.0,0.0035030655946432163,9.070145776002292e-06,0.0005619671372373631,True,existing,13.0
D_WQ_40,market,3,466,0.029162262471237474,0.07091800032756425,3.969837129392673,"[0.06888352692801612, 0.02524766430881136, 0.028405933046800495, 0.014831584056180631]",1.0,0.003022106682628896,7.192177769965724e-05,0.0023132873417496314,True,existing,13.0
D_WQ_40,market,4,323,0.03020203709946443,0.06501808843533464,3.7335184242286865,"[0.029126615335062608, 0.02418963627175791, 0.03653698136391089, 0.023107151774328854]",1.0,0.0033848317234919686,0.00018882337428482998,0.004573721732676993,True,existing,13.0
D_WQ_40,market,5,471,0.028901757465145787,0.0686802213111537,4.084303604917975,"[0.021764902338300546, 0.04215617556447176, 0.037129624194398005, 0.033228746451853634, 0.014863947337124187]",1.0,0.00262684585513802,4.420919851955141e-05,0.0017119430426715762,True,existing,13.0
D_WQ_40,stock,0,1801,0.020466488769222142,0.12486331384424204,3.110859084487142,"[0.032325739372483106, 0.017778825255397823, 0.01774210580267022, 0.01136309066981225, 0.02308974038296045]",1.0,0.0017940134011503479,0.0018654393591106544,0.024078894885362526,True,existing,13.0
D_WQ_40,stock,4,1801,0.026363829600147253,0.13008764627060468,3.846310091078649,"[0.0325468333461283, 0.01984854310940175, 0.01286288777018662, 0.040239500780181674, 0.026304207984432428]",1.0,0.002284684209440893,0.00011990999077271525,0.0033318923002766837,True,existing,13.0
D_WQ_40,stock,6,1726,0.03469674612106579,0.1429012712814557,4.511158116973098,"[0.09813811042103038, 0.014700545710072357, 0.030406311123380134, 0.03595654708019554, 0.0014118946342275606]",1.0,0.0039011393823269493,6.447463598791003e-06,0.00044646789108804524,True,existing,13.0
D_WQ_40,stock,7,1801,0.021304055233555847,0.125431805530728,3.2234909841652533,"[0.03152489948251806, 0.007637442690255414, 0.023862150622347287, 0.03070579210074727, 0.012761600037886324]",1.0,0.001679917297127231,0.0012663828496779495,0.018588352751133193,True,existing,13.0
D_WQ_41,all,-1,1801,0.011381939143267546,0.05621551647502579,3.8426595466036217,"[0.008045289944641761, 0.011036292980535095, 0.012138172138876902, 0.01460145327405675, 0.011097755848223402]",1.0,0.0013233704667179353,0.00012170824468338282,0.0033475454589083705,True,existing,14.0
D_WQ_41,market,3,466,0.016448844087286564,0.055453426532346466,2.8636171413272566,"[0.016737937356981245, 0.0166503676879592, 0.016974817537081664, 0.017781902850444654]",1.0,0.0017530473469596671,0.00418833914623451,0.0414328810331703,True,existing,14.0
D_WQ_44,all,-1,1801,0.024276742470923533,0.056847315820684495,8.104986620996625,"[0.03342293602276658, 0.026976865627577024, 0.014909638713111696, 0.025938754207395675, 0.020110111690567124]",1.0,0.0025747034136122814,4.440892098500626e-16,1.3069545445887343e-12,True,existing,15.0
D_WQ_44,market,2,366,0.024274169101176406,0.058893142390766186,3.5264293365197052,"[0.03273526486582731, 0.026420153029000207, 0.012605580698222837, 0.05942256278521238, 0.017220551974795426]",1.0,0.00230693084212706,0.00042120354860086806,0.007771799645970876,True,existing,15.0
D_WQ_44,market,3,466,0.028758250703858713,0.054112973425543,5.130610234896919,"[0.05432151649764924, 0.02967524423730737, 0.029767477798907385, 0.0186277302511976]",1.0,0.0031564469201707684,2.888043677540253e-07,4.059722016619175e-05,True,existing,15.0
D_WQ_44,market,4,323,0.025490857875645336,0.058390528625403275,3.508797488771324,"[0.021616509749029948, 0.03854380360290534, 0.014086175891066024, 0.04352641505474876]",1.0,0.0029297756484591136,0.000450137508383186,0.008152336536441332,True,existing,15.0
D_WQ_44,market,5,471,0.02019325755494242,0.05426365388799801,3.611792583935853,"[0.024579528326763658, 0.03014916492274746, 0.0024220255808896926, 0.01792438253446627, 0.018040195905924136]",1.0,0.0017636592648494754,0.00030408774416468276,0.0061507232376402845,True,existing,15.0
D_WQ_44,stock,6,1726,0.02939464989758659,0.13225884871445717,4.1293238779143655,"[0.06275743996726692, 0.0251097080487328, 0.013241461754648829, 0.026996882377723457, 0.023315311917510084]",1.0,0.0030091160588621305,3.63831582694818e-05,0.0015518207940157236,True,existing,15.0
D_body_ratio_rmean50,all,-1,1801,0.013416183076727648,0.0878668801023441,2.8978481487945893,"[0.008358724884650436, 0.016864124301436044, 0.00588174791966696, 0.01146978418436918, 0.024520582588493607]",1.0,0.0011763823675571621,0.003757324608215651,0.03874971193177026,True,existing,23.0
D_body_ratio_rmean50,stock,3,1689,0.037426618198287666,0.16266880789123617,4.228692694533444,"[0.0457740119400357, 0.04824671567446411, 0.03917505098053301, 0.028971467766193772, 0.027286762818363716]",1.0,0.0045054887715867175,2.3505314693084145e-05,0.001134035100684371,True,existing,23.0
D_body_ratio_rmean50,stock,5,1801,0.03407154531339042,0.14600560720456074,4.428882423145321,"[0.012275471483608424, 0.014920115869733299, 0.05252351016706166, 0.045542022867405864, 0.04515715082867005]",1.0,0.0030178578666865625,9.472264154819499e-06,0.0005671829010070031,True,existing,23.0
D_body_ratio_rmean20,stock,3,1689,0.025565612890484524,0.15486489807828271,3.0341220050078364,"[0.03036677887898338, 0.03635762233549433, 0.027256552834557968, 0.017354806143701766, 0.01868754084376794]",1.0,0.0032164383528045125,0.0024123684947174873,0.028114384820910398,True,existing,22.0
D_body_ratio_rmean20,stock,5,1801,0.02921462634367578,0.14052529675154687,3.945642012213033,"[0.01655356915642094, 0.00177236327554143, 0.04849472668123766, 0.03564437237436744, 0.04364326983410937]",1.0,0.0024928771449796274,7.958644535421833e-05,0.0024602244184291,True,existing,22.0
D_mdi14_diff1,all,-1,1801,0.023554514713633866,0.06854177887066792,6.522147912869068,"[0.015976189831007168, 0.018316484864839624, 0.029029410286795735, 0.03349323363692207, 0.02097830585105647]",1.0,0.0030875457208620134,6.930767071366972e-11,4.183822888137456e-08,True,existing,39.0
D_mdi14_diff1,market,2,366,0.024133747308832647,0.06499146313665603,3.1770495442477635,"[0.025954110661821517, 0.00979970149610853, 0.032476597578878726, 0.021284666055529693, 0.012021307879916161]",1.0,0.0029621213618705403,0.001487816168547873,0.020978086431500252,True,existing,39.0
D_mdi14_diff1,market,3,466,0.027594025429213177,0.06778026822634999,3.930245989618438,"[0.008865631943602752, 0.028479649616428973, 0.037227424891929456, 0.027569264171199478]",1.0,0.0035583396245626475,8.485899964116861e-05,0.00258797964708766,True,existing,39.0
D_mdi14_diff1,market,5,471,0.02496339866658651,0.06465965434251891,3.74710433001607,"[0.010154078530478061, 0.018338133850833552, 0.05400999684219539, 0.03224253974767153, 0.02163822274767866]",1.0,0.0030425614680039564,0.00017888769603557897,0.004369016509815011,True,existing,39.0
D_mdi14_diff1,stock,1,1668,0.028898670607215737,0.16558687730556765,3.187608452007547,"[0.012899678951210856, 0.01814361116463719, 0.04450841854980233, 0.046101366319901665, 0.02434312804744742]",1.0,0.00407657668850054,0.0014345464924465645,0.02039550882739246,True,existing,39.0
D_mdi14_diff1,stock,2,1801,0.03508876920543688,0.15804259237716473,4.213721657204652,"[0.024343679406724064, 0.00869281327579718, 0.05115132481687501, 0.043780018090804895, 0.04750585790864635]",1.0,0.0053653126806350185,2.5119682557361855e-05,0.0011923078092889129,True,existing,39.0
D_mdi14_diff1,stock,6,1726,0.02434324179344155,0.13585740882490072,3.3291278906878694,"[0.014623328092312213, 0.02389051998623115, 0.027164574762813448, 0.030523645621316195, 0.024094981508041617]",1.0,0.0031703389090463,0.0008711839070107974,0.013468427481666153,True,existing,39.0
D_mdi14_diff5,all,-1,1801,0.01879629623895771,0.0771246952658718,4.625414678614442,"[0.014625897587839472, 0.01204180902027667, 0.019443377030611955, 0.03538514216807835, 0.012496839828679645]",1.0,0.0024728138500928346,3.738496799909896e-06,0.0003385352640656869,True,existing,40.0
D_mdi14_diff5,market,3,466,0.032833277975270504,0.0855348945786927,3.705773533439372,"[0.03493865707794131, 0.04092395058256021, 0.041517946152262335, 0.023603084153896906]",1.0,0.00400060797470545,0.00021074654663366665,0.0049817436686175175,True,existing,40.0
D_mdi14_diff5,stock,2,1801,0.025208860310871932,0.16107048331995472,2.9703601109680484,"[0.006642570869673911, 0.03300936330451914, 0.035705688409110085, 0.03546444328142579, 0.015273808715856279]",1.0,0.0043361556481036284,0.0029745084172925207,0.03322192892634493,True,existing,40.0
D_mdi14_diff5,stock,6,1726,0.022119660117323282,0.14071095416166857,2.920693169464684,"[0.007326767498547277, 0.02022831512610462, 0.020362185708445554, 0.0472189625692008, 0.012752905762121517]",1.0,0.003138992668641655,0.0034925360752735557,0.0367747179589627,True,existing,40.0
D_mdi14_rrank10,all,-1,1801,0.01536317992643003,0.0738430886061676,3.9485997857293547,"[0.009892957408488962, 0.005539392768856968, 0.013545569159130456, 0.03557532727688908, 0.012277848081334539]",1.0,0.0017330937302264724,7.86096476044218e-05,0.002452369019066377,True,existing,40.0
D_mdi14_rrank10,market,3,466,0.029955673438689052,0.07921419324633848,3.6507663606863514,"[0.033341568902483944, 0.0329710621094615, 0.03870989331100505, 0.02210615045442258]",1.0,0.003372894266205646,0.000261459001593467,0.005637171001388817,True,existing,40.0
D_mdi14_rrank10,stock,2,1801,0.024663175689611804,0.1573546695182397,2.9746865905284534,"[0.010210036094804873, 0.019614283850268917, 0.02436294331489813, 0.045368632159777975, 0.023800130638294708]",1.0,0.004625239944778252,0.002932880264874038,0.03288177759818779,True,existing,40.0
D_mdi14_rrank20,all,-1,1801,0.012365604337246067,0.07288632147553777,3.2198909858240827,"[0.006318174794281957, 0.008113597185798774, 0.00956280050997111, 0.030383286781248194, 0.007466960830327417]",1.0,0.0016767035112238123,0.0012823935292756161,0.01874756416521186,True,existing,41.0
D_mdi14_rrank20,market,3,466,0.024037979240209877,0.0796650245566254,2.912984794132542,"[0.03096127335906191, 0.030851209804710653, 0.03385620089841662, 0.01290448354600499]",1.0,0.0031655207025800746,0.0035799203317585793,0.037560447544975034,True,existing,41.0
D_cmf20_rmean50,stock,7,1801,0.018990499843845883,0.12646141240862668,2.850035188047327,"[0.022380694036571565, 0.018857244729551553, -0.0015571451132622748, 0.021770681757096413, 0.033491606603181255]",0.8,0.0012004549974248652,0.004371439255599796,0.04252940736935603,True,existing,25.0
D_dist_from_52wl,stock,5,1801,0.025867063395644523,0.1581291523492321,3.104609905464268,"[0.015846385997666444, 0.0127510071379324, 0.048693235770240394, 0.012747240856264669, 0.03932528243111309]",1.0,0.0019270567885978154,0.0019053012705529948,0.02413604687970185,True,existing,31.0
D_dist_from_52wl,stock,6,1726,0.02807225532229964,0.1491757921198475,3.496345533461939,"[0.06004502438035169, 0.03212873193490439, 0.031177046734270335, 0.010943286971961506, 0.009553791557194699]",1.0,0.0025853182543992604,0.00047167748938137244,0.008465543024587357,True,existing,31.0
D_dist_from_52wl,stock,8,1542,0.030575392791646793,0.17208890889196748,3.120156290689299,"[0.056649527698929794, 0.025179896624416897, 0.03598449275023758, 0.012775911300727123, 0.022667630837813927]",1.0,0.0035377254320949677,0.0018075510670920725,0.023695424456356213,True,existing,31.0
D_intraday_ret_pct,stock,5,1801,0.021719828113715676,0.1421266241523445,2.9003659481072,"[0.012523393017078875, 0.019084997576911705, 0.034916758702949684, 0.012361219992503078, 0.029738316932181246]",1.0,0.0018585674541937143,0.0037272722758423527,0.038721249910535285,True,existing,11.0
D_amihud_20,all,-1,1801,-0.017863979140464375,0.11142993866588706,-3.04262315288693,"[-0.02901267459551771, -0.021549754929137313, -0.004956958560099718, -0.006984773354222974, -0.026784765664857893]",1.0,-0.00125930308043331,0.0023452583011558392,0.027613950157000616,True,existing,16.0
D_amihud_20,stock,3,1688,-0.03771662437934201,0.17182766775103828,-4.0331181074570805,"[-0.06852195024035493, -0.044123130602268995, -0.03921722579546696, -0.010380951788280718, -0.02787425328938728]",1.0,-0.0031100487640487082,5.504159785285623e-05,0.0019176931054614536,True,existing,16.0
D_amihud_20,stock,5,1801,-0.02391077669899639,0.15665911551238146,-2.896742342959824,"[-0.03640448819638334, -0.020522952866759415, -0.011235487181730702, -0.020628421176029164, -0.030727829319919926]",1.0,-0.0013008158261600868,0.003770592921908289,0.03874971193177026,True,existing,16.0
D_amihud_60,all,-1,1801,-0.018153769696233876,0.11336316835278118,-3.039251924924132,"[-0.031148977470004453, -0.019992178678788632, -0.006968067612505151, -0.006350165864987933, -0.026273361055511642]",1.0,-0.0011969628076017218,0.0023716643823719075,0.02786350609708792,True,existing,16.0
D_amihud_60,stock,3,1688,-0.0369720197725862,0.1743090247623306,-3.8972164096956012,"[-0.06477843523896055, -0.042795797282768666, -0.04012375682970852, -0.012137338555413803, -0.0264472634760037]",1.0,-0.0032584857336141184,9.730466236845814e-05,0.0027802681684502167,True,existing,16.0
D_realvol_20,all,-1,1801,-0.0339814266253179,0.17966382374454798,-3.5896559318494217,"[-0.06003486920604005, -0.04078258431226136, -0.021383036246212517, -0.016565931355123045, -0.03106834133311715]",1.0,-0.0021749034622130323,0.0003311147159708039,0.0064321492349972,True,existing,17.0
D_realvol_20,stock,1,1668,-0.03318023261142226,0.19510715655750854,-3.106127278426745,"[-0.04788332749019158, -0.017017233497404267, -0.034011009850581336, -0.03803465268265174, -0.02701831098931594]",1.0,-0.0023727001367818377,0.001895551066287915,0.02413604687970185,True,existing,17.0
D_realvol_20,stock,2,1801,-0.04136402149261168,0.19402394767205322,-4.046124786598657,"[-0.06061158596990032, -0.03625266376693303, -0.03881733999683356, -0.04254793393826354, -0.02853711833424658]",1.0,-0.0037999371692181176,5.207248207672599e-05,0.0019176931054614536,True,existing,17.0
D_realvol_20,stock,3,1689,-0.041216061466297624,0.2078768930889637,-3.6440983902663913,"[-0.08221704180685499, -0.051940415540577115, -0.03733482623270551, -0.024306275397232464, -0.013323088233408909]",1.0,-0.002639819333833124,0.0002683307651807354,0.005667572634010728,True,existing,17.0
D_realvol_20,stock,6,1726,-0.04194092239258443,0.18997153145635157,-4.1018979100357535,"[-0.10165997405519096, -0.039321445261816565, -0.008804303705664287, -0.012926726971424416, -0.05650848728578699]",1.0,-0.0036381293135769413,4.097750768150554e-05,0.0016205375110893794,True,existing,17.0
D_realvol_20,stock,8,1542,-0.03826012970803401,0.2196730023848741,-3.0586299507354324,"[-0.09671027297191968, -0.052130065230640586, -0.009887056892953387, -0.016233138624251846, -0.031067427940326377]",1.0,-0.003009500079576972,0.002223516195668296,0.0267094210769461,True,existing,17.0
D_realvol_60,all,-1,1801,-0.031066253984489717,0.18386464334915825,-3.206730918039721,"[-0.05813868603959108, -0.03789508885165939, -0.010447974305742732, -0.018820031688137766, -0.029954287837164535]",1.0,-0.0016127708330109288,0.0013425250790080057,0.01946330693359882,True,existing,17.0
D_realvol_60,stock,1,1668,-0.03448934351329429,0.19894185742848217,-3.1664437717270677,"[-0.04292551300632968, -0.028855221459925515, -0.027413448461362826, -0.040956763024410814, -0.03250629992655329]",1.0,-0.002367366567294324,0.0015431517643484938,0.02137174419989467,True,existing,17.0
D_realvol_60,stock,2,1801,-0.040708846335538805,0.19652728983922,-3.9313144618675016,"[-0.05799563780365403, -0.03902284239233202, -0.04061775677407659, -0.04180047418254572, -0.02405950165989644]",1.0,-0.0036556758485179306,8.448268217020605e-05,0.00258797964708766,True,existing,17.0
D_realvol_60,stock,3,1689,-0.03976825017522714,0.20644255476272558,-3.5405202275908207,"[-0.06991756941275082, -0.045412061012087765, -0.03128673882283997, -0.03873179138644393, -0.01558373908094768]",1.0,-0.002685047229398885,0.00039933902293665113,0.0074383211677377485,True,existing,17.0
D_realvol_60,stock,6,1726,-0.038160912170182235,0.19581679455213594,-3.6207972242944866,"[-0.09508043177940768, -0.023346088381584914, -0.0008486292279603303, -0.022930423712555412, -0.05803523828911461]",1.0,-0.0028802181964187163,0.00029369663707479177,0.005981655383467904,True,existing,17.0
D_realvol_60,stock,8,1542,-0.035956622983264123,0.22256547600329768,-2.837123773514239,"[-0.09165471552937524, -0.05846730530430528, 0.003660334139544457, -0.02422800733304432, -0.02778801690542613]",0.8,-0.002597092869593508,0.004552196109664175,0.043709993966530726,True,existing,17.0
D_realvol_ratio_20_60,all,-1,1801,-0.014932021002055276,0.07242450744956798,-3.9129553838735767,"[-0.01687756789055702, -0.014352350358164522, -0.024904445949905003, -0.002205354169980368, -0.01631498234475697]",1.0,-0.0014448003205292045,9.117338483344284e-05,0.002630620309459042,True,existing,50.0
D_ret_skew_60,stock,3,1689,-0.02506950458068355,0.15994194488465616,-2.8808006177867456,"[-0.025508988950081076, -0.045578126641723636, -0.02900162564097609, -0.019087845972125865, -0.010417210205190193]",1.0,-0.002518365271459276,0.003966664789783136,0.039639709597051855,True,existing,52.0
D_ret_skew_60,stock,5,1801,0.02061432351347489,0.1397685752376015,2.7991837194494633,"[0.0024553400083257636, 0.0013927943820740796, 0.04319489875235435, 0.032407544940853426, 0.023671481104614492]",1.0,0.0020420938563069395,0.005123197896719445,0.04756331675093163,True,existing,52.0
D_downside_dev_60,all,-1,1801,-0.030242377925747722,0.1844858027881752,-3.1111778638278054,"[-0.05288070035292905, -0.03995686945669277, -0.00560459645651861, -0.02158827827888806, -0.031118560854745726]",1.0,-0.001656086267247398,0.001863426633452514,0.024078894885362526,True,existing,32.0
D_downside_dev_60,stock,1,1668,-0.042416879868869564,0.19441060844930988,-3.9850317023079658,"[-0.03536981735869017, -0.030741466643446805, -0.03701626354944595, -0.06565493529875077, -0.045717253265266704]",1.0,-0.003660764869820982,6.747111708182985e-05,0.0022186312577857567,True,existing,32.0
D_downside_dev_60,stock,2,1801,-0.04485881826351093,0.1868604752766845,-4.556194271583621,"[-0.03652767011002939, -0.04857086708327084, -0.05086979006227484, -0.049311619146044636, -0.03903728699413903]",1.0,-0.004497270487399579,5.2088763260460524e-06,0.00040879261406809417,True,existing,32.0
D_downside_dev_60,stock,3,1689,-0.03239805690927798,0.2031012439608836,-2.931812574342885,"[-0.060223954455260215, -0.025093524356280164, -0.022199197197090355, -0.03909026603413915, -0.0148877496460636]",1.0,-0.0017239870954090578,0.0033699005530862802,0.03626185494600703,True,existing,32.0
D_downside_dev_60,stock,6,1726,-0.03635970093166854,0.19033174934545574,-3.5493142822613826,"[-0.09043599187252992, -0.02990864561979862, 0.0006817243619331645, -0.02396673730234714, -0.04660603914095904]",0.8,-0.002681073770367959,0.00038623580411045744,0.007275268190296887,True,existing,32.0
D_downside_dev_60,stock,8,1542,-0.03728738463248481,0.21830141479043005,-2.9995945579965677,"[-0.09285965157610661, -0.08771814613025548, 0.007556050843114148, -0.02095902398207007, -0.02522885550602534]",0.8,-0.0030324290762006813,0.0027033919646106686,0.0306003175071123,True,existing,32.0
D_days_since_5pct_up,all,-1,1801,0.026477238402721853,0.12048017843282911,4.170891938265396,"[0.048024233548885305, 0.030277529191717542, 0.026031371038986013, 0.010955278043758985, 0.01703792742596652]",1.0,0.0024258569192408133,3.034097245091516e-05,0.001373745875739128,True,existing,29.0
D_days_since_5pct_up,market,2,366,0.04007538262448324,0.10835008567595522,3.1644916859048715,"[0.042194380408520915, 0.08543739811747815, 0.016445474424515216, 0.00910790648197485, 0.07466953674972339]",1.0,0.003996658503019654,0.00155354100627636,0.02141485330899919,True,existing,29.0
D_days_since_5pct_up,market,4,323,0.04266543204731869,0.12095421852952362,2.8351196166045756,"[0.0021148525897631302, 0.04827501366078954, 0.052159055357258344, 0.040403134090676716]",1.0,0.004522025903925592,0.0045808530439690465,0.04389092010182727,True,existing,29.0
D_days_since_5pct_up,stock,2,1801,0.029938342101890426,0.1539291680982566,3.6912943563323575,"[0.03179217557865767, 0.017830012184940652, 0.05486155239822035, 0.03573302769728908, 0.009469793112908891]",1.0,0.0036024000165052004,0.000223115747274516,0.00514120360786224,True,existing,29.0
D_days_since_5pct_up,stock,3,1684,0.028807197560593883,0.16573700422386337,3.189830218366969,"[0.05548945637276323, 0.03183168206222165, 0.02501000321383063, 0.027995796972539268, 0.005256096751146803]",1.0,0.002490297008115028,0.0014235639951625245,0.0202883720957061,True,existing,29.0
D_days_since_5pct_up,stock,6,1726,0.03361350805749095,0.15762387455068402,3.9621164401803552,"[0.0994416279379031, 0.016501396947801415, 0.014685217479019044, 0.007888273999010775, 0.03941400493803546]",1.0,0.004083145123320904,7.428829224331857e-05,0.0023764178703487666,True,existing,29.0
D_n_5pct_up_60,all,-1,1801,-0.025052677264666933,0.14993997595812003,-3.171089949024949,"[-0.048417030428708666, -0.029616575805223908, -0.01514662991541625, -0.010653210715231759, -0.021365038477742862]",1.0,-0.0015128609319468764,0.001518681097085528,0.02108244560718259,True,existing,44.0
D_n_5pct_up_60,stock,2,1801,-0.02678639091122245,0.18018456221528756,-2.821424789526032,"[-0.05393847171555297, -0.02110532847395698, -0.03902997712299704, -0.016521425789373455, -0.0032613290075531013]",1.0,-0.0020445847905760242,0.004781084698441962,0.04527212388417003,True,existing,44.0
D_n_5pct_up_60,stock,3,1689,-0.03297017927865766,0.19255618038967776,-3.1469777239580248,"[-0.06325628390540662, -0.03627340667295518, -0.02640088685795396, -0.03169524899735904, -0.008847941622462243]",1.0,-0.002393375886053667,0.0016496752940522441,0.022420460948065202,True,existing,44.0
D_n_5pct_up_60,stock,6,1726,-0.03372642741643688,0.18491640143503718,-3.3886779740071544,"[-0.09636761919588037, -0.01536146314653213, -0.006107542442373075, -0.010065530611036235, -0.05082294075875732]",1.0,-0.0029158848082711944,0.0007023043612934821,0.011514661477920433,True,existing,44.0
D_n_5pct_up_252,stock,1,1668,-0.029957597979201746,0.18493663724289425,-2.9586735751449145,"[-0.028837840854629246, -0.03160128299361094, -0.02670722896970758, -0.029314353416487693, -0.03348572163156101]",1.0,-0.0019153693540365964,0.003089661867059057,0.03399205560656002,True,existing,43.0
D_n_5pct_up_252,stock,3,1689,-0.03052810511447008,0.19399939810804329,-2.8922064378727743,"[-0.06220330637446194, -0.028132233510361412, -0.015276095456969847, -0.03011139354324796, -0.017236100779709006]",1.0,-0.0022868565654537835,0.0038254649600157897,0.038956205457877056,True,existing,43.0
X_rank_D_range_pct,all,-1,1801,-0.041302701119173856,0.126078649543541,-6.217399308158193,"[-0.05391886330027123, -0.0442253176585971, -0.04837775253326119, -0.024401560534580074, -0.035554966674212214]",1.0,-0.003815901326284453,5.054623386513413e-10,2.2891168099520726e-07,True,existing,48.0
X_rank_D_range_pct,market,2,366,-0.05333919519943066,0.10207592089845319,-4.470732574237529,"[-0.05871460757754878, -0.07363547100299213, -0.035655928606537816, -0.0176975648499342, -0.08614074305959687]",1.0,-0.005220729359118545,7.79521220306556e-06,0.0005042046046949877,True,existing,48.0
X_rank_D_range_pct,market,4,323,-0.060815997011708256,0.12490798309753214,-3.913306768819658,"[-0.011572309835391578, -0.05936430595557732, -0.07606004896423929, -0.06953272428571212]",1.0,-0.006059318013423909,9.10407567396021e-05,0.002630620309459042,True,existing,48.0
X_rank_D_range_pct,market,5,471,-0.043847380302551094,0.11536902139496555,-3.6887557017768664,"[-0.07353966548847514, -0.06010758984681374, -0.036472146786361556, -0.027246484276419396, -0.03616390432727623]",1.0,-0.00407959813808119,0.0002253534710887628,0.00514120360786224,True,existing,48.0
X_rank_D_range_pct,stock,2,1801,-0.04244328743661242,0.17008961990411092,-4.735905831698973,"[-0.03367347531155667, -0.03324410764295597, -0.06333896488545264, -0.03699755274218152, -0.044986697190151574]",1.0,-0.00498644120129766,2.180788368333353e-06,0.00021756136162729008,True,existing,48.0
X_rank_D_range_pct,stock,3,1689,-0.052434525958062736,0.17098964182530632,-5.636082817602385,"[-0.07748553628509848, -0.06257230116657929, -0.050574615482561085, -0.03759352761945393, -0.0364063116678381]",1.0,-0.005445692381204515,1.7396174278871968e-08,3.792365992794089e-06,True,existing,48.0
X_rank_D_range_pct,stock,5,1801,-0.04510745697745388,0.1628424897043976,-5.257175364719086,"[-0.0494619228188619, -0.056606223539335775, -0.04349741097445237, -0.03557947394628709, -0.04038015786988391]",1.0,-0.00344688261716761,1.4628480737854943e-07,2.2077753236670308e-05,True,existing,48.0
X_rank_D_range_pct,stock,6,1726,-0.052478255459102986,0.16358320451898906,-5.96040912967412,"[-0.10567438998049444, -0.035511981085945776, -0.04928397457615515, -0.023006785284084605, -0.05686618363252265]",1.0,-0.005183305034572396,2.5160717953554013e-09,7.052189803553282e-07,True,existing,48.0
X_rank_D_range_pct,stock,8,1542,-0.05023281694537738,0.1894723038335916,-4.655850021535488,"[-0.10109399747452101, -0.03958966637143391, -0.047801590694065414, -0.032756423247488335, -0.030291684820722475]",1.0,-0.005334162723601434,3.2264674951765215e-06,0.0003014442488350636,True,existing,48.0
X_z_D_range_pct,all,-1,1801,-0.04130270443667186,0.12607940857263225,-6.217362377271395,"[-0.0539196072577909, -0.0442250694938359, -0.048376731373467034, -0.024402181168071753, -0.03555488593791282]",1.0,-0.003815901326284453,5.055813545595811e-10,2.2891168099520726e-07,True,existing,48.0
X_z_D_range_pct,market,2,366,-0.05333877350756209,0.10207384348676461,-4.470788217121676,"[-0.0587170443191543, -0.07364145095344465, -0.03565167107692088, -0.01769335500647717, -0.0861410965190323]",1.0,-0.005220729359118545,7.793184164883726e-06,0.0005042046046949877,True,existing,48.0
X_z_D_range_pct,market,4,323,-0.060816901943192204,0.12491179755304278,-3.913245494968179,"[-0.011577079813128659, -0.05936026106735124, -0.0760630591007893, -0.06953379801789689]",1.0,-0.006059318013423909,9.106387105339842e-05,0.002630620309459042,True,existing,48.0
X_z_D_range_pct,market,5,471,-0.04384746876922713,0.11536814731794887,-3.6887910918294953,"[-0.07353908157621468, -0.060107468157408285, -0.036464958103384036, -0.0272479372896038, -0.03616453272591571]",1.0,-0.00407959813808119,0.00022532213187576033,0.00514120360786224,True,existing,48.0
X_z_D_range_pct,stock,2,1801,-0.042451972221170496,0.17008888093504104,-4.7368954769634275,"[-0.033701337674600894, -0.033260083945025075, -0.06334391027991171, -0.03699755274218152, -0.04498128378231817]",1.0,-0.00498644120129766,2.1701702077603358e-06,0.00021756136162729008,True,existing,48.0
X_z_D_range_pct,stock,3,1689,-0.05241799363018956,0.1709252589730959,-5.636428078887436,"[-0.0774752663550607, -0.0626869736682205, -0.05046913081825019, -0.03753700945247875, -0.0364062550518826]",1.0,-0.005445692381204515,1.736134946916934e-08,3.792365992794089e-06,True,existing,48.0
X_z_D_range_pct,stock,5,1801,-0.045108526983976945,0.16284329696771574,-5.257274009615508,"[-0.0494619228188619, -0.05660712137501571, -0.04350275243082185, -0.03557849711149296, -0.040380248417484284]",1.0,-0.00344688261716761,1.4620639054996332e-07,2.2077753236670308e-05,True,existing,48.0
X_z_D_range_pct,stock,6,1726,-0.05247900465916436,0.16358410120252567,-5.960461550451489,"[-0.10567764919930886, -0.03551105766025053, -0.049285071594319746, -0.02300681393861551, -0.05686682407924162]",1.0,-0.005183305034572396,2.5152648852611037e-09,7.052189803553282e-07,True,existing,48.0
X_z_D_range_pct,stock,8,1542,-0.050184471120271905,0.18945312081845114,-4.651840041042857,"[-0.1010869196224201, -0.039566591320433796, -0.047801590694065414, -0.03275827830110075, -0.030087587739252585]",1.0,-0.005334162723601434,3.2898623456567577e-06,0.00030256452760211994,True,existing,48.0
X_rank_D_atr_pct,all,-1,1801,-0.03718965900909843,0.20586544397301024,-3.428550868559434,"[-0.06443968737167538, -0.038894342627543176, -0.02753994059911627, -0.01727333614408584, -0.03772529377984209]",1.0,-0.002548559846952093,0.0006068128067724388,0.010405287750420246,True,existing,17.0
X_rank_D_atr_pct,stock,1,1668,-0.040224701576377635,0.2191812835947843,-3.351987464367541,"[-0.053278484940589045, -0.02794233649359208, -0.029184680195068317, -0.045836147871958124, -0.04374104446244184]",1.0,-0.003125950930324706,0.0008023365164928631,0.012660999292431613,True,existing,17.0
X_rank_D_atr_pct,stock,2,1801,-0.04891577243769973,0.21042663523980537,-4.41184310322809,"[-0.06430083236290408, -0.0403949364876979, -0.05314854166401437, -0.04872175767083738, -0.03797005772547489]",1.0,-0.0041387054164829596,1.0249437642384507e-05,0.0005671829010070031,True,existing,17.0
X_rank_D_atr_pct,stock,3,1689,-0.0438812902920181,0.22267458313230992,-3.6219175840968925,"[-0.0821455908957807, -0.04222573025121567, -0.040658143924171324, -0.028622217606861053, -0.026126348622450606]",1.0,-0.0026945724553556244,0.0002924272937225858,0.005976482815455347,True,existing,17.0
X_rank_D_atr_pct,stock,5,1801,-0.05073345847415557,0.21259275299496705,-4.529162129224198,"[-0.058154373407530116, -0.05502390452289323, -0.0323616584940629, -0.0416820925992825, -0.06642464969441642]",1.0,-0.002771766937453496,5.921804710595779e-06,0.0004220629774104486,True,existing,17.0
X_rank_D_atr_pct,stock,6,1726,-0.04627793517562382,0.21319446827748875,-4.033048409771966,"[-0.11256971680449068, -0.03220745673494774, -0.02442121664938315, -0.011972335292443213, -0.060674201815695016]",1.0,-0.0035061340223629662,5.505793188431696e-05,0.0019176931054614536,True,existing,17.0
X_rank_D_atr_pct,stock,8,1542,-0.04946681356933874,0.2368972701238556,-3.667001304628214,"[-0.11854180128117843, -0.06363838072306266, -0.020575821816042516, -0.024958515532694805, -0.03556617123221798]",1.0,-0.004421840048046311,0.0002454115434724624,0.005369860018137226,True,existing,17.0
X_z_D_atr_pct,all,-1,1801,-0.03719006823824532,0.2058662387602194,-3.428575359050522,"[-0.06443926999140906, -0.03889666888201455, -0.027539646117507515, -0.017273770193361262, -0.03772529377984209]",1.0,-0.002548559846952093,0.0006067580595663369,0.010405287750420246,True,existing,17.0
X_z_D_atr_pct,stock,1,1668,-0.040198693687807756,0.2191755678643625,-3.3499075439065003,"[-0.05327965451636705, -0.027793670705522206, -0.029185656139542788, -0.045836147871958124, -0.04374104446244184]",1.0,-0.003125950930324706,0.0008083853826079679,0.012722343213985292,True,existing,17.0
X_z_D_atr_pct,stock,2,1801,-0.04892082551469727,0.21042313866087925,-4.412372172330051,"[-0.06430257879388893, -0.04041846462682857, -0.05314854166401437, -0.04872175767083738, -0.03797005772547489]",1.0,-0.0041387054164829596,1.0224416121529245e-05,0.0005671829010070031,True,existing,17.0
X_z_D_atr_pct,stock,3,1689,-0.0438812902920181,0.22267458313230992,-3.6219175840968925,"[-0.0821455908957807, -0.04222573025121567, -0.040658143924171324, -0.028622217606861053, -0.026126348622450606]",1.0,-0.0026945724553556244,0.0002924272937225858,0.005976482815455347,True,existing,17.0
X_z_D_atr_pct,stock,5,1801,-0.05072468226973983,0.2125928757045779,-4.528376031428613,"[-0.058154373407530116, -0.05502390452289323, -0.03231775309363854, -0.0416820925992825, -0.06642464969441642]",1.0,-0.002771766937453496,5.943873645275488e-06,0.0004220629774104486,True,existing,17.0
X_z_D_atr_pct,stock,6,1726,-0.046277786829244286,0.21319451852635507,-4.033034531055048,"[-0.11256971680449068, -0.03220745673494774, -0.02442050541090791, -0.011972335292443213, -0.060674201815695016]",1.0,-0.0035061340223629662,5.506118498521673e-05,0.0019176931054614536,True,existing,17.0
X_z_D_atr_pct,stock,8,1542,-0.04946681356933874,0.2368972701238556,-3.667001304628214,"[-0.11854180128117843, -0.06363838072306266, -0.020575821816042516, -0.024958515532694805, -0.03556617123221798]",1.0,-0.004421840048046311,0.0002454115434724624,0.005369860018137226,True,existing,17.0
X_rank_D_rsi14,all,-1,1801,-0.01456743903457854,0.09451109842503867,-2.9253124050110446,"[-0.018507245683295794, -0.006100124616263543, -0.028166536888895054, -0.021112640647982267, 0.0010602965709015102]",0.8,-0.0019179382331677344,0.0034411057897505426,0.03649432194319224,True,existing,62.0
X_z_D_rsi14,all,-1,1801,-0.01456743903457854,0.09451109842503867,-2.9253124050110446,"[-0.018507245683295794, -0.006100124616263543, -0.028166536888895054, -0.021112640647982267, 0.0010602965709015102]",0.8,-0.0019179382331677344,0.0034411057897505426,0.03649432194319224,True,existing,62.0
X_rank_D_dist_from_52wl,stock,5,1801,0.025867063395644523,0.1581291523492321,3.104609905464268,"[0.015846385997666444, 0.0127510071379324, 0.048693235770240394, 0.012747240856264669, 0.03932528243111309]",1.0,0.0019270567885978154,0.0019053012705529948,0.02413604687970185,True,existing,31.0
X_rank_D_dist_from_52wl,stock,6,1726,0.02807225532229964,0.1491757921198475,3.496345533461939,"[0.06004502438035169, 0.03212873193490439, 0.031177046734270335, 0.010943286971961506, 0.009553791557194699]",1.0,0.0025853182543992604,0.00047167748938137244,0.008465543024587357,True,existing,31.0
X_rank_D_dist_from_52wl,stock,8,1542,0.030575392791646793,0.17208890889196748,3.120156290689299,"[0.056649527698929794, 0.025179896624416897, 0.03598449275023758, 0.012775911300727123, 0.022667630837813927]",1.0,0.0035377254320949677,0.0018075510670920725,0.023695424456356213,True,existing,31.0
X_z_D_dist_from_52wl,stock,5,1801,0.025864630049341367,0.15812590538525792,3.104381595204801,"[0.015846385997666444, 0.012751673037714874, 0.04869051172528402, 0.012748297387008369, 0.03931411055473222]",1.0,0.0019270567885978154,0.001906772307010085,0.02413604687970185,True,existing,98.0
X_z_D_dist_from_52wl,stock,6,1726,0.028072004884705876,0.14917611942478412,3.49630667073284,"[0.06004502438035169, 0.03212753122577431, 0.031177046734270335, 0.010943286971961506, 0.009553791557194699]",1.0,0.0025853182543992604,0.00047174619640921733,0.008465543024587357,True,existing,98.0
X_z_D_dist_from_52wl,stock,8,1542,0.030575392791646793,0.17208890889196748,3.120156290689299,"[0.056649527698929794, 0.025179896624416897, 0.03598449275023758, 0.012775911300727123, 0.022667630837813927]",1.0,0.0035377254320949677,0.0018075510670920725,0.023695424456356213,True,existing,98.0
X_rank_D_dvol_z20,all,-1,1801,-0.01254850495357916,0.0717402994338762,-3.3197138905710895,"[-0.003448214220550692, -0.008444623951903043, -0.02453135833037405, -0.018980720968940108, -0.007362885881497426]",1.0,-0.0018174874678789181,0.0009010974664289684,0.013599916966082997,True,existing,33.0
X_z_D_dvol_z20,all,-1,1801,-0.012548460548612547,0.07174016834343377,-3.319708209287472,"[-0.0034478917919474336, -0.00844502652127946, -0.024531137587213484, -0.018980848640468024, -0.007362677559811736]",1.0,-0.0018174874678789181,0.0009011158030534094,0.013599916966082997,True,existing,33.0
X_rank_D_dvol_z252,all,-1,1801,-0.015314894022601585,0.0774909178828191,-3.7508961917814903,"[-0.003904372101632327, -0.0053159424108796165, -0.04058442734758198, -0.01744533596468779, -0.009356088182451098]",1.0,-0.0016670359887246084,0.0001762036445567272,0.004321394382753735,True,existing,34.0
X_rank_D_dvol_z252,stock,6,1726,-0.028158760817551753,0.13929161751886474,-3.7559858785577527,"[-0.034502230569161844, -0.026392880850588746, -0.029958705370202402, -0.01217043813618703, -0.03937102185585897]",1.0,-0.003024493714705618,0.0001726604294303158,0.004301233773652448,True,existing,34.0
X_rank_D_dvol_z252,stock,8,1542,-0.03059485899237282,0.16893447481537183,-3.180441081825089,"[-0.04628692370489645, -0.038347450513495106, -0.04710519338048497, -0.0362146344033314, 0.011332871097438055]",0.8,-0.003846223423653364,0.0014705103844170342,0.020806307987208325,True,existing,34.0
X_z_D_dvol_z252,all,-1,1801,-0.015315502691454876,0.07748948787961506,-3.7511144882376866,"[-0.0039055500196403512, -0.005315011796198129, -0.04058697267074832, -0.017447374403314682, -0.009354298880350158]",1.0,-0.0016670359887246084,0.0001760502831225086,0.004321394382753735,True,existing,34.0
X_z_D_dvol_z252,stock,6,1726,-0.028154609253760305,0.13928582493858,-3.7555882977323645,"[-0.03447705544266764, -0.026387382027616996, -0.02995664019441204, -0.012171104792949599, -0.03938010878774067]",1.0,-0.003024493714705618,0.00017293477648694378,0.004301233773652448,True,existing,34.0
X_z_D_dvol_z252,stock,8,1542,-0.03053564320065981,0.1689360920392884,-3.174255008693576,"[-0.04630482211854972, -0.03816219245423836, -0.047128216225387536, -0.036223942312511546, 0.011557886326162647]",0.8,-0.00384516301844261,0.0015022164696250062,0.020978086431500252,True,existing,34.0
X_rank_D_realvol_20,all,-1,1801,-0.0339814266253179,0.17966382374454798,-3.5896559318494217,"[-0.06003486920604005, -0.04078258431226136, -0.021383036246212517, -0.016565931355123045, -0.03106834133311715]",1.0,-0.0021749034622130323,0.0003311147159708039,0.0064321492349972,True,existing,68.0
X_rank_D_realvol_20,stock,1,1668,-0.03318023261142226,0.19510715655750854,-3.106127278426745,"[-0.04788332749019158, -0.017017233497404267, -0.034011009850581336, -0.03803465268265174, -0.02701831098931594]",1.0,-0.0023727001367818377,0.001895551066287915,0.02413604687970185,True,existing,68.0
X_rank_D_realvol_20,stock,2,1801,-0.04136402149261168,0.19402394767205322,-4.046124786598657,"[-0.06061158596990032, -0.03625266376693303, -0.03881733999683356, -0.04254793393826354, -0.02853711833424658]",1.0,-0.0037999371692181176,5.207248207672599e-05,0.0019176931054614536,True,existing,68.0
X_rank_D_realvol_20,stock,3,1689,-0.041216061466297624,0.2078768930889637,-3.6440983902663913,"[-0.08221704180685499, -0.051940415540577115, -0.03733482623270551, -0.024306275397232464, -0.013323088233408909]",1.0,-0.002639819333833124,0.0002683307651807354,0.005667572634010728,True,existing,68.0
X_rank_D_realvol_20,stock,6,1726,-0.04194092239258443,0.18997153145635157,-4.1018979100357535,"[-0.10165997405519096, -0.039321445261816565, -0.008804303705664287, -0.012926726971424416, -0.05650848728578699]",1.0,-0.0036381293135769413,4.097750768150554e-05,0.0016205375110893794,True,existing,68.0
X_rank_D_realvol_20,stock,8,1542,-0.03826012970803401,0.2196730023848741,-3.0586299507354324,"[-0.09671027297191968, -0.052130065230640586, -0.009887056892953387, -0.016233138624251846, -0.031067427940326377]",1.0,-0.003009500079576972,0.002223516195668296,0.0267094210769461,True,existing,68.0
X_z_D_realvol_20,all,-1,1801,-0.03398158264750861,0.17966455746969592,-3.5896577536572347,"[-0.060035378316482466, -0.040783434984638496, -0.021382948769240948, -0.016565431614348022, -0.031068347898197107]",1.0,-0.0021749034622130323,0.00033111240197669645,0.0064321492349972,True,existing,68.0
X_z_D_realvol_20,stock,1,1668,-0.03317563174956645,0.19516253343198064,-3.1048153407824515,"[-0.04787597874838818, -0.016991173121950403, -0.034011009850581336, -0.038043994915384884, -0.02701831098931594]",1.0,-0.0023727001367818377,0.0019039785116181651,0.02413604687970185,True,existing,68.0
X_z_D_realvol_20,stock,2,1801,-0.041353360785583645,0.19402116542041933,-4.045139989216352,"[-0.0605731198891986, -0.036281259280270026, -0.03879939678820165, -0.04252850878943075, -0.028531130961084953]",1.0,-0.0037999371692181176,5.229186742283787e-05,0.0019176931054614536,True,existing,68.0
X_z_D_realvol_20,stock,3,1689,-0.04121346323908714,0.20788104070528793,-3.643795967240017,"[-0.0822049570754635, -0.051942786483963374, -0.037332342278630366, -0.024306306769615534, -0.013323088233408909]",1.0,-0.002639819333833124,0.00026864640925738925,0.005667572634010728,True,existing,68.0
X_z_D_realvol_20,stock,6,1726,-0.04193372236562216,0.18996997458098444,-4.101227345227997,"[-0.10165997405519096, -0.039321445261816565, -0.008804303705664287, -0.012926726971424416, -0.056471720284198605]",1.0,-0.0036381293135769413,4.109645451122468e-05,0.0016205375110893794,True,existing,68.0
X_z_D_realvol_20,stock,8,1542,-0.03824886953711672,0.2196722871576305,-3.0577397343837345,"[-0.09671027297191968, -0.052030847038900783, -0.009887056892953387, -0.016233138624251846, -0.031067427940326377]",1.0,-0.003009500079576972,0.002230131767129384,0.026734329086198685,True,existing,68.0
X_rank_D_realvol_ratio_20_60,all,-1,1801,-0.014932021002055276,0.07242450744956798,-3.9129553838735767,"[-0.01687756789055702, -0.014352350358164522, -0.024904445949905003, -0.002205354169980368, -0.01631498234475697]",1.0,-0.0014448003205292045,9.117338483344284e-05,0.002630620309459042,True,existing,50.0
X_z_D_realvol_ratio_20_60,all,-1,1801,-0.014932021002055276,0.07242450744956798,-3.9129553838735767,"[-0.01687756789055702, -0.014352350358164522, -0.024904445949905003, -0.002205354169980368, -0.01631498234475697]",1.0,-0.0014448003205292045,9.117338483344284e-05,0.002630620309459042,True,existing,50.0
X_rank_D_amihud_20,all,-1,1801,-0.017863979140464375,0.11142993866588706,-3.04262315288693,"[-0.02901267459551771, -0.021549754929137313, -0.004956958560099718, -0.006984773354222974, -0.026784765664857893]",1.0,-0.00125930308043331,0.0023452583011558392,0.027613950157000616,True,existing,16.0
X_rank_D_amihud_20,stock,3,1688,-0.03771662437934201,0.17182766775103828,-4.0331181074570805,"[-0.06852195024035493, -0.044123130602268995, -0.03921722579546696, -0.010380951788280718, -0.02787425328938728]",1.0,-0.0031100487640487082,5.504159785285623e-05,0.0019176931054614536,True,existing,16.0
X_rank_D_amihud_20,stock,5,1801,-0.02391077669899639,0.15665911551238146,-2.896742342959824,"[-0.03640448819638334, -0.020522952866759415, -0.011235487181730702, -0.020628421176029164, -0.030727829319919926]",1.0,-0.0013008158261600868,0.003770592921908289,0.03874971193177026,True,existing,16.0
X_z_D_amihud_20,all,-1,1801,-0.01786354114118804,0.11142942979686687,-3.0425624466314245,"[-0.029014753712120946, -0.02154478638817947, -0.0049582145666114165, -0.006984260160113363, -0.026784715288440186]",1.0,-0.00125930308043331,0.0023457314098709325,0.027613950157000616,True,existing,16.0
X_z_D_amihud_20,stock,3,1688,-0.03772138301140965,0.17182149126748464,-4.033771955183135,"[-0.06852193334947843, -0.04412070190512882, -0.03924583409069513, -0.010377879407225895, -0.027873392322980455]",1.0,-0.0031100487640487082,5.488858846502964e-05,0.0019176931054614536,True,existing,16.0
X_z_D_amihud_20,stock,5,1801,-0.023910131056883766,0.1566624337247668,-2.8966027714879963,"[-0.036403891696579156, -0.020520983136705324, -0.011235487181730702, -0.020628421176029164, -0.030727167202708683]",1.0,-0.0013013303887714923,0.003772270631482222,0.03874971193177026,True,existing,16.0
X_rank_D_gap_pct,all,-1,1801,-0.016258915097329144,0.06717678214661824,-4.5935052884782,"[-0.018361901367648713, -0.007674194588773623, -0.021541693901324193, -0.01927054055734827, -0.014440403443022248]",1.0,-0.0017637806860696743,4.35861968672846e-06,0.0003668448541570906,True,existing,36.0
X_rank_D_gap_pct,market,2,366,-0.019899630730328882,0.05895944375078564,-2.8876674695810896,"[-0.020929100952172264, -0.013713662106301112, -0.018231725155440182, -0.006221138561563056, -0.031767821011258995]",1.0,-0.0022090819227330812,0.003881099385703024,0.03912028350979047,True,existing,36.0
X_rank_D_gap_pct,market,5,471,-0.021458514456664093,0.05870970020013931,-3.5474414954962827,"[-0.02568179772501645, -0.01703981477406116, -0.02672911193583771, -0.02397810249031012, -0.01465932996605539]",1.0,-0.002174358200271988,0.000388992134894961,0.007275268190296887,True,existing,36.0
X_rank_D_gap_pct,stock,5,1801,-0.03222023308783841,0.13864140884736423,-4.4107005031062325,"[-0.021165947658124344, -0.02481376891162466, -0.0393185122014676, -0.03883658621914243, -0.036997056797248885]",1.0,-0.0025004217339361884,1.030367485332917e-05,0.0005671829010070031,True,existing,36.0
X_z_D_gap_pct,all,-1,1801,-0.01625820491269011,0.06717673637318691,-4.593307775338813,"[-0.018360664821251538, -0.007672003906437153, -0.021539440243241233, -0.019271154815132235, -0.014441920610975724]",1.0,-0.0017637806860696743,4.362748860176069e-06,0.0003668448541570906,True,existing,87.0
X_z_D_gap_pct,market,2,366,-0.019898845148821953,0.058959568499044754,-2.8875473630190083,"[-0.020928565870114886, -0.013708550832455327, -0.018230615912455107, -0.006219901135843928, -0.03177024604084464]",1.0,-0.0022090819227330812,0.0038825814704694928,0.03912028350979047,True,existing,87.0
X_z_D_gap_pct,market,5,471,-0.02145707363249632,0.05870975843039843,-3.5471997855918396,"[-0.025681373253322114, -0.01703307046054823, -0.026720123138553438, -0.02397902890673704, -0.014659026708830307]",1.0,-0.002174358200271988,0.00038934921507705056,0.007275268190296887,True,existing,87.0
X_z_D_gap_pct,stock,5,1801,-0.03221853688888234,0.13863872537013738,-4.410553675179914,"[-0.021166314686391945, -0.024812051796203743, -0.039323762744096664, -0.03882146483770975, -0.03699979099723873]",1.0,-0.0025004151627189674,1.0310664357415789e-05,0.0005671829010070031,True,existing,87.0
X_rank_D_intraday_ret_pct,stock,5,1801,0.021719828113715676,0.1421266241523445,2.9003659481072,"[0.012523393017078875, 0.019084997576911705, 0.034916758702949684, 0.012361219992503078, 0.029738316932181246]",1.0,0.0018585674541937143,0.0037272722758423527,0.038721249910535285,True,existing,11.0
X_z_D_intraday_ret_pct,stock,5,1801,0.021717185389670605,0.14212068457570434,2.9001342496463596,"[0.012523393017078875, 0.019084997576911705, 0.03490380046659806, 0.012360957267729214, 0.029738316932181246]",1.0,0.0018585674541937143,0.0037300286611066102,0.038721249910535285,True,existing,11.0
X_rank_D_ret_skew_60,stock,3,1689,-0.02506950458068355,0.15994194488465616,-2.8808006177867456,"[-0.025508988950081076, -0.045578126641723636, -0.02900162564097609, -0.019087845972125865, -0.010417210205190193]",1.0,-0.002518365271459276,0.003966664789783136,0.039639709597051855,True,existing,52.0
X_rank_D_ret_skew_60,stock,5,1801,0.02061432351347489,0.1397685752376015,2.7991837194494633,"[0.0024553400083257636, 0.0013927943820740796, 0.04319489875235435, 0.032407544940853426, 0.023671481104614492]",1.0,0.0020420938563069395,0.005123197896719445,0.04756331675093163,True,existing,52.0
X_z_D_ret_skew_60,stock,3,1689,-0.02506950458068355,0.15994194488465616,-2.8808006177867456,"[-0.025508988950081076, -0.045578126641723636, -0.02900162564097609, -0.019087845972125865, -0.010417210205190193]",1.0,-0.002518365271459276,0.003966664789783136,0.039639709597051855,True,existing,52.0
X_z_D_ret_skew_60,stock,5,1801,0.020614347400875244,0.13976866413813702,2.7991851826422667,"[0.0024553400083257636, 0.0013927943820740796, 0.04319477632170148, 0.03240778687486195, 0.023671481104614492]",1.0,0.0020420938563069395,0.005123174680108145,0.04756331675093163,True,existing,52.0
X_rank_D_downside_dev_60,all,-1,1801,-0.030242377925747722,0.1844858027881752,-3.1111778638278054,"[-0.05288070035292905, -0.03995686945669277, -0.00560459645651861, -0.02158827827888806, -0.031118560854745726]",1.0,-0.001656086267247398,0.001863426633452514,0.024078894885362526,True,existing,32.0
X_rank_D_downside_dev_60,stock,1,1668,-0.042416879868869564,0.19441060844930988,-3.9850317023079658,"[-0.03536981735869017, -0.030741466643446805, -0.03701626354944595, -0.06565493529875077, -0.045717253265266704]",1.0,-0.003660764869820982,6.747111708182985e-05,0.0022186312577857567,True,existing,32.0
X_rank_D_downside_dev_60,stock,2,1801,-0.04485881826351093,0.1868604752766845,-4.556194271583621,"[-0.03652767011002939, -0.04857086708327084, -0.05086979006227484, -0.049311619146044636, -0.03903728699413903]",1.0,-0.004497270487399579,5.2088763260460524e-06,0.00040879261406809417,True,existing,32.0
X_rank_D_downside_dev_60,stock,3,1689,-0.03239805690927798,0.2031012439608836,-2.931812574342885,"[-0.060223954455260215, -0.025093524356280164, -0.022199197197090355, -0.03909026603413915, -0.0148877496460636]",1.0,-0.0017239870954090578,0.0033699005530862802,0.03626185494600703,True,existing,32.0
X_rank_D_downside_dev_60,stock,6,1726,-0.03635970093166854,0.19033174934545574,-3.5493142822613826,"[-0.09043599187252992, -0.02990864561979862, 0.0006817243619331645, -0.02396673730234714, -0.04660603914095904]",0.8,-0.002681073770367959,0.00038623580411045744,0.007275268190296887,True,existing,32.0
X_rank_D_downside_dev_60,stock,8,1542,-0.03728738463248481,0.21830141479043005,-2.9995945579965677,"[-0.09285965157610661, -0.08771814613025548, 0.007556050843114148, -0.02095902398207007, -0.02522885550602534]",0.8,-0.0030324290762006813,0.0027033919646106686,0.0306003175071123,True,existing,32.0
X_z_D_downside_dev_60,all,-1,1801,-0.03024295407869952,0.18448683000323546,-3.1112198121937884,"[-0.05287957500770209, -0.03995961052918084, -0.005604596766802397, -0.02158931752307665, -0.03111879106415508]",1.0,-0.001656086267247398,0.001863161926254353,0.024078894885362526,True,existing,32.0
X_z_D_downside_dev_60,stock,1,1668,-0.042345222611149536,0.19441971529007146,-3.9781132125762224,"[-0.03532976270707665, -0.030390555228684654, -0.03701626354944595, -0.06565210734390063, -0.045717195066381174]",1.0,-0.003660764869820982,6.946429723608816e-05,0.002258932892439861,True,existing,32.0
X_z_D_downside_dev_60,stock,2,1801,-0.0448608540498534,0.1868591000176284,-4.556434575671061,"[-0.03653440691452649, -0.04857385494580764, -0.05086979006227484, -0.049311619146044636, -0.03903772820043375]",1.0,-0.004497270487399579,5.202923485159161e-06,0.00040879261406809417,True,existing,32.0
X_z_D_downside_dev_60,stock,3,1689,-0.03240608341194593,0.20310716369158138,-2.932453449080965,"[-0.06022645052735542, -0.02513525754532056, -0.022199197197090355, -0.03909280977255155, -0.0148877496460636]",1.0,-0.0017239870954090578,0.0033629533385048926,0.03626185494600703,True,existing,32.0
X_z_D_downside_dev_60,stock,6,1726,-0.036358439753680485,0.19033090182588308,-3.5492069743208945,"[-0.09043599187252992, -0.02990864561979862, 0.0006817243619331645, -0.023960690654548818, -0.04660603914095904]",0.8,-0.002681073770367959,0.00038639324358213933,0.007275268190296887,True,existing,32.0
X_z_D_downside_dev_60,stock,8,1542,-0.03728738463248481,0.21830141479043005,-2.9995945579965677,"[-0.09285965157610661, -0.08771814613025548, 0.007556050843114148, -0.02095902398207007, -0.02522885550602534]",0.8,-0.0030324290762006813,0.0027033919646106686,0.0306003175071123,True,existing,32.0
X_rank_D_bb_pctB_20,all,-1,1801,-0.014176714614419186,0.08478973904433207,-3.173249004219973,"[-0.013147490794946674, -0.007873406938123625, -0.023636785496162518, -0.025540513020763506, -0.0006882357771536927]",1.0,-0.0019323154651700416,0.0015074317869141485,0.020978086431500252,True,existing,21.0
X_z_D_bb_pctB_20,all,-1,1801,-0.014176560331893497,0.08478967920684065,-3.173216709736741,"[-0.013147516759433498, -0.007872592152123728, -0.023636779515077797, -0.025540515750208295, -0.0006882559369921061]",1.0,-0.0019323154651700416,0.0015075994836093454,0.020978086431500252,True,existing,21.0
X_rank_D_donch_pos_20,all,-1,1801,-0.013884468940249675,0.08602987716027735,-3.06303405087099,"[-0.01574414363788196, -0.01035648043834634, -0.021434767810726073, -0.02257108363854459, 0.0006892965872995649]",0.8,-0.002009322894817552,0.0021910512673790628,0.0265911730119148,True,existing,85.0
X_z_D_donch_pos_20,all,-1,1801,-0.013884450356073807,0.086029886583683,-3.0630296155275736,"[-0.015744095403352015, -0.01035646759476261, -0.021434737005104176, -0.022571079691524647, 0.000689293595061304]",0.8,-0.002009322894817552,0.00219108374291177,0.0265911730119148,True,existing,85.0
X_rank_D_ema20_angle_deg,all,-1,1801,-0.018641011637927057,0.11310554004848872,-3.1279330876086666,"[-0.02191612311004612, -0.009991382722778665, -0.034223685840710956, -0.022820317950915627, -0.0042444510333169245]",1.0,-0.002850349715229133,0.001760402532142713,0.02338990813587361,True,existing,62.0
X_rank_D_ema20_angle_deg,stock,3,1689,-0.02889421826390294,0.17177316583951457,-3.0916153275691967,"[-0.04841232863552001, -0.05402335512502621, -0.009974591710497359, -0.020848792936595764, -0.016610927447101402]",1.0,-0.0026827805635044433,0.0019907063616808607,0.02485393453890749,True,existing,62.0
X_rank_D_ema20_angle_deg,stock,6,1726,-0.039680191212957336,0.14417034240321305,-5.1136761416495045,"[-0.08230375191639952, -0.022988030949340994, -0.010360227767056291, -0.03958078931380154, -0.049952654297164945]",1.0,-0.004049517597564524,3.159488621840012e-07,4.059722016619175e-05,True,existing,62.0
X_rank_D_ema20_angle_deg,stock,8,1542,-0.03365169564721853,0.1734987325560531,-3.4061818509298782,"[-0.07434997494377037, -0.013563204874068409, -0.0317600516297122, -0.033162389287776685, -0.00925604415329556]",1.0,-0.0031780527329517416,0.0006587828252515582,0.01095366019613184,True,existing,62.0
X_z_D_ema20_angle_deg,all,-1,1801,-0.01864126700469925,0.11310550462375162,-3.127976917444987,"[-0.021916184586806817, -0.009992777017772328, -0.03422276495047243, -0.022821128516478526, -0.0042443829586825375]",1.0,-0.002850349715229133,0.0017601400383440158,0.02338990813587361,True,existing,62.0
X_z_D_ema20_angle_deg,stock,3,1689,-0.02889188631620586,0.17177866253072674,-3.0912668948552615,"[-0.04844259119176483, -0.05394620195394119, -0.00995742681415627, -0.020887606257941237, -0.016610995169219767]",1.0,-0.0026827805635044433,0.001993044020109469,0.02485393453890749,True,existing,62.0
X_z_D_ema20_angle_deg,stock,6,1726,-0.03967257570882809,0.1441649447075933,-5.112886139346135,"[-0.08229148279793369, -0.02298295594145713, -0.010360230063689873, -0.03958579783893747, -0.0499250141650985]",1.0,-0.004049517597564524,3.172735520973191e-07,4.059722016619175e-05,True,existing,62.0
X_z_D_ema20_angle_deg,stock,8,1542,-0.03364931879157287,0.17356189198778438,-3.404701841508336,"[-0.07433710060294862, -0.01362402371769855, -0.03175695187283644, -0.033236061096556864, -0.009150344739601466]",1.0,-0.0031780527329517416,0.0006623633030800047,0.010982170146278614,True,existing,62.0
X_relvol_20,all,-1,1801,-0.03398143002238511,0.17966383266496447,-3.589656112472832,"[-0.06003486920604005, -0.04078258431226136, -0.021383053198665486, -0.016565931355123045, -0.031068341375436542]",1.0,-0.0021749034622130323,0.00033111448654876696,0.0064321492349972,True,existing,97.0
X_relvol_20,stock,1,1668,-0.03318023261142226,0.19510715655750854,-3.106127278426745,"[-0.04788332749019158, -0.017017233497404267, -0.034011009850581336, -0.03803465268265174, -0.02701831098931594]",1.0,-0.0023727001367818377,0.001895551066287915,0.02413604687970185,True,existing,97.0
X_relvol_20,stock,2,1801,-0.04136402149261168,0.19402394767205322,-4.046124786598657,"[-0.06061158596990032, -0.03625266376693303, -0.03881733999683356, -0.04254793393826354, -0.02853711833424658]",1.0,-0.0037999371692181176,5.207248207672599e-05,0.0019176931054614536,True,existing,97.0
X_relvol_20,stock,3,1689,-0.041216061466297624,0.2078768930889637,-3.6440983902663913,"[-0.08221704180685499, -0.051940415540577115, -0.03733482623270551, -0.024306275397232464, -0.013323088233408909]",1.0,-0.002639819333833124,0.0002683307651807354,0.005667572634010728,True,existing,97.0
X_relvol_20,stock,6,1726,-0.04194092239258443,0.18997153145635157,-4.1018979100357535,"[-0.10165997405519096, -0.039321445261816565, -0.008804303705664287, -0.012926726971424416, -0.05650848728578699]",1.0,-0.0036381293135769413,4.097750768150554e-05,0.0016205375110893794,True,existing,97.0
X_relvol_20,stock,8,1542,-0.03826012970803401,0.2196730023848741,-3.0586299507354324,"[-0.09671027297191968, -0.052130065230640586, -0.009887056892953387, -0.016233138624251846, -0.031067427940326377]",1.0,-0.003009500079576972,0.002223516195668296,0.0267094210769461,True,existing,97.0
R_ema20_angle_deg__csrank,all,-1,1801,-0.018641011637927057,0.11310554004848872,-3.1279330876086666,"[-0.02191612311004612, -0.009991382722778665, -0.034223685840710956, -0.022820317950915627, -0.0042444510333169245]",1.0,-0.002850349715229133,0.001760402532142713,0.02338990813587361,True,representation,62.0
R_ema20_angle_deg__csrank,stock,3,1689,-0.02889421826390294,0.17177316583951457,-3.0916153275691967,"[-0.04841232863552001, -0.05402335512502621, -0.009974591710497359, -0.020848792936595764, -0.016610927447101402]",1.0,-0.0026827805635044433,0.0019907063616808607,0.02485393453890749,True,representation,62.0
R_ema20_angle_deg__csrank,stock,6,1726,-0.039680191212957336,0.14417034240321305,-5.1136761416495045,"[-0.08230375191639952, -0.022988030949340994, -0.010360227767056291, -0.03958078931380154, -0.049952654297164945]",1.0,-0.004049517597564524,3.159488621840012e-07,4.059722016619175e-05,True,representation,62.0
R_ema20_angle_deg__csrank,stock,8,1542,-0.03365169564721853,0.1734987325560531,-3.4061818509298782,"[-0.07434997494377037, -0.013563204874068409, -0.0317600516297122, -0.033162389287776685, -0.00925604415329556]",1.0,-0.0031780527329517416,0.0006587828252515582,0.01095366019613184,True,representation,62.0
R_ema20_angle_deg__csz,all,-1,1801,-0.01864101886637319,0.1131055495406529,-3.127934038024984,"[-0.02191612311004612, -0.009991382722778665, -0.03422370695029065, -0.0228203330036456, -0.0042444510333169245]",1.0,-0.002850349715229133,0.0017603968397847947,0.02338990813587361,True,representation,62.0
R_ema20_angle_deg__csz,stock,3,1689,-0.02889421826390294,0.17177316583951457,-3.0916153275691967,"[-0.04841232863552001, -0.05402335512502621, -0.009974591710497359, -0.020848792936595764, -0.016610927447101402]",1.0,-0.0026827805635044433,0.0019907063616808607,0.02485393453890749,True,representation,62.0
R_ema20_angle_deg__csz,stock,6,1726,-0.03968077253724952,0.14416989978466663,-5.113766758045211,"[-0.08230375191639952, -0.022988030949340994, -0.01036223531332222, -0.03958156889455866, -0.049952654297164945]",1.0,-0.004049517597564524,3.1579725678909654e-07,4.059722016619175e-05,True,representation,62.0
R_ema20_angle_deg__csz,stock,8,1542,-0.03365169564721853,0.1734987325560531,-3.4061818509298782,"[-0.07434997494377037, -0.013563204874068409, -0.0317600516297122, -0.033162389287776685, -0.00925604415329556]",1.0,-0.0031780527329517416,0.0006587828252515582,0.01095366019613184,True,representation,62.0
R_ema20_angle_deg__tsz60,all,-1,1801,-0.019512150243101784,0.08357126667210318,-4.431186212946753,"[-0.020578377091143324, -0.017749272496503515, -0.02464876449511241, -0.02911438878042346, -0.005466986611081655]",1.0,-0.002459841767826889,9.371611371822297e-06,0.0005671829010070031,True,representation,21.0
R_ema20_angle_deg__tsz60,stock,6,1716,-0.02931881108478282,0.1513511781143846,-3.5886754927280426,"[-0.048871688665488126, -0.03171903789619203, -0.010399829847720775, -0.04524916298023162, -0.012599269584018934]",1.0,-0.0034328539019096807,0.000332362232031036,0.006435145058337756,True,representation,21.0
R_ema20_angle_deg__d5,all,-1,1801,-0.021454633440958864,0.10672036125682165,-3.8154491193193714,"[-0.009706868773474856, -0.01016224891551482, -0.03013759514891525, -0.03936281811312999, -0.017936268933391286]",1.0,-0.0030314233347894766,0.0001359354650154465,0.003636891577640537,True,representation,9.0
R_ema20_angle_deg__d5,market,3,466,-0.03545138643001378,0.12012266223924407,-2.8491560182477147,"[-0.01813547959767352, -0.04050910835061245, -0.04517507533543597, -0.03371169897301013]",1.0,-0.004746402146894443,0.004383537851185393,0.04253004038131626,True,representation,9.0
R_ema20_angle_deg__d20,all,-1,1801,-0.014949060893732415,0.09586735027625731,-2.9594774919713562,"[-0.010370788529960694, -0.021300950456196736, -0.01599146898401617, -0.019924890465388798, -0.007169923456332366]",1.0,-0.0022208942213529075,0.003081612120048316,0.03399205560656002,True,representation,86.0
R_ema20_angle_deg__accel,all,-1,1801,-0.01917146259013413,0.08710311709890048,-4.177278239148014,"[-0.0167633376653025, -0.016421025259556885, -0.023212728107101628, -0.030403941914902137, -0.009062969239709808]",1.0,-0.002293018591515811,2.950180593264129e-05,0.0013566221071838018,True,representation,81.0
R_rsi14__csrank,all,-1,1801,-0.01456743903457854,0.09451109842503867,-2.9253124050110446,"[-0.018507245683295794, -0.006100124616263543, -0.028166536888895054, -0.021112640647982267, 0.0010602965709015102]",0.8,-0.0019179382331677344,0.0034411057897505426,0.03649432194319224,True,representation,62.0
R_rsi14__csz,all,-1,1801,-0.01456743903457854,0.09451109842503867,-2.9253124050110446,"[-0.018507245683295794, -0.006100124616263543, -0.028166536888895054, -0.021112640647982267, 0.0010602965709015102]",0.8,-0.0019179382331677344,0.0034411057897505426,0.03649432194319224,True,representation,62.0
R_rsi14__tsz60,all,-1,1801,-0.017370918838953017,0.08027499197131502,-4.106902329840864,"[-0.020466862805419386, -0.01501526710370063, -0.022079738650130284, -0.026299779545068076, -0.002984346246095419]",1.0,-0.0020980115243083614,4.0100069019999296e-05,0.0016205375110893794,True,representation,21.0
R_rsi14__tsz60,stock,6,1716,-0.023843270419915116,0.15304147284572467,-2.8862259516921105,"[-0.04581925363657875, -0.026021924751591107, -0.00469252187747033, -0.04349210054171775, -0.0014858700942337758]",1.0,-0.002762095548797918,0.0038989213305467008,0.03916220298907488,True,representation,21.0
R_rsi14__d5,all,-1,1801,-0.021393454401163157,0.08405530653337913,-4.830450474266843,"[-0.009692299743479151, -0.014227196327524904, -0.03071260556299999, -0.036554912739039616, -0.015812760840154583]",1.0,-0.0027829270479464733,1.3622449637207268e-06,0.00014848470104555922,True,representation,9.0
R_rsi14__d5,market,3,466,-0.032731327976523096,0.09164384997834756,-3.4480079329100906,"[-0.018236673105981142, -0.03845612604094944, -0.04159287433295476, -0.030323296559430012]",1.0,-0.004067940896179137,0.0005647374503434666,0.009863633924990041,True,representation,9.0
R_rsi14__d5,stock,2,1800,-0.026569038720232523,0.17012613532647647,-2.963166503579451,"[0.0024351670543276086, -0.038267285832947036, -0.04111092095817304, -0.034253352984536106, -0.021750713435497525]",0.8,-0.004342803610877493,0.003044918132673491,0.033688699490443924,True,representation,9.0
R_rsi14__d5,stock,6,1723,-0.022796923615263233,0.1417729062534378,-2.984974589421269,"[-0.001040674847667906, -0.01686397967054136, -0.02840676856364484, -0.052646359849688344, -0.01098087174664201]",1.0,-0.002851020084578173,0.0028360188191893787,0.03193706222934324,True,representation,9.0
R_rsi14__d20,all,-1,1801,-0.013335644083443175,0.07564905276693078,-3.3456642510840577,"[-0.010357008404897582, -0.01986808059881441, -0.013950832178907744, -0.019186291727362657, -0.003324281495229434]",1.0,-0.0018371786780871624,0.0008208572556664961,0.012884175484941323,True,representation,86.0
R_rsi14__accel,all,-1,1801,-0.01840741344764349,0.06941454389928556,-5.032851855732756,"[-0.011074894709279704, -0.01662513896415197, -0.02559582892630038, -0.02717197924425837, -0.011589593501833598]",1.0,-0.002187692498643552,4.832365576579178e-07,5.688660756749009e-05,True,representation,81.0
R_rsi14__accel,market,3,466,-0.02475804582605967,0.07056263341383678,-3.3872678357547037,"[-0.013484012807048376, -0.02187781836756318, -0.03209712334034157, -0.024093511370198065]",1.0,-0.002748053614217325,0.0007059243552030026,0.011541863207569092,True,representation,81.0
R_rsi7__csrank,all,-1,1801,-0.018495748878194284,0.08890910337067903,-3.9481854526256863,"[-0.01819381278444868, -0.008010569050040923, -0.030752590840928275, -0.029749959382644582, -0.005772651044280471]",1.0,-0.002444328944702138,7.874579419020478e-05,0.002452369019066377,True,representation,85.0
R_rsi7__csrank,stock,6,1726,-0.02345910493276653,0.14373592132583823,-3.0323652722907726,"[-0.02734261293541245, -0.01224676246890726, -0.0069884752637579105, -0.048593220082960846, -0.022635045905984114]",1.0,-0.0029362367291911294,0.0024264538717333473,0.028114384820910398,True,representation,85.0
R_rsi7__csz,all,-1,1801,-0.018495748878194284,0.08890910337067903,-3.9481854526256863,"[-0.01819381278444868, -0.008010569050040923, -0.030752590840928275, -0.029749959382644582, -0.005772651044280471]",1.0,-0.002444328944702138,7.874579419020478e-05,0.002452369019066377,True,representation,21.0
R_rsi7__csz,stock,6,1726,-0.02345910493276653,0.14373592132583823,-3.0323652722907726,"[-0.02734261293541245, -0.01224676246890726, -0.0069884752637579105, -0.048593220082960846, -0.022635045905984114]",1.0,-0.0029362367291911294,0.0024264538717333473,0.028114384820910398,True,representation,21.0
R_rsi7__tsz60,all,-1,1801,-0.019436731398702917,0.08123431718296803,-4.54104235833294,"[-0.015332551079551634, -0.015689912315372624, -0.025201736282462868, -0.032195223569832086, -0.008775634247181887]",1.0,-0.002454063664461624,5.597678269131379e-06,0.0004220629774104486,True,representation,21.0
R_rsi7__tsz60,stock,2,1800,-0.02761933225469801,0.16795141817524983,-3.120187908862933,"[-0.013909436923515473, -0.03157019336770727, -0.03204023549124335, -0.04662779193458679, -0.014039887875912349]",1.0,-0.004284384450322408,0.0018073570475218848,0.023695424456356213,True,representation,21.0
R_rsi7__tsz60,stock,6,1716,-0.026924958828708944,0.15042779691439243,-3.3158936447089653,"[-0.030701159551457018, -0.030939802032204602, -0.012441046596063822, -0.051943388786063784, -0.008032217136555794]",1.0,-0.0030581097581629914,0.0009135058690532549,0.013751651010863066,True,representation,21.0
R_rsi7__d5,all,-1,1801,-0.020417199099876812,0.07952194416199858,-4.872827403934627,"[-0.007906615734810492, -0.011614312380350333, -0.03120268424851821, -0.03549062122430003, -0.01590651353186349]",1.0,-0.002715595171687468,1.1001232826934881e-06,0.00012452549311411292,True,representation,9.0
R_rsi7__d5,market,3,466,-0.03061241083143881,0.08371447040003212,-3.5302458825807674,"[-0.013313310198284684, -0.03300880625866778, -0.04031735582138679, -0.02948221440912301]",1.0,-0.003834052026471713,0.00041517362963183757,0.0076846288805440125,True,representation,9.0
R_rsi7__d5,stock,2,1800,-0.02684515295503431,0.16727102279731565,-3.0450639705732874,"[0.004057668822622155, -0.03350453472997655, -0.04436263759340346, -0.03314070774132672, -0.02737888235687572]",0.8,-0.00457281652649887,0.002326308237998509,0.027550604202936063,True,representation,9.0
R_rsi7__d5,stock,6,1723,-0.02238849590021002,0.14009955532122292,-2.9665098697236125,"[0.002909014473179831, -0.016725985832687622, -0.029927100594324137, -0.05121994113173282, -0.012509875530277105]",0.8,-0.002947459197783557,0.003012006935311007,0.033450326077812426,True,representation,9.0
R_rsi7__d20,all,-1,1801,-0.013455441499101542,0.0733766257655849,-3.4802630436341215,"[-0.004626545118115381, -0.017741845898665707, -0.01714627501396283, -0.020571954070140803, -0.007215112106792385]",1.0,-0.001950435392759427,0.0005009217100029328,0.008880798750232718,True,representation,86.0
R_rsi7__accel,all,-1,1801,-0.01669963934640805,0.0659975792919044,-4.8023182764443835,"[-0.010102221222947278, -0.014695190164589918, -0.023404141033262674, -0.024907860973741987, -0.010407109498952453]",1.0,-0.0018350816074346934,1.5683913596742372e-06,0.00016784639169168292,True,representation,81.0
R_rsi7__accel,market,3,466,-0.021412878199961446,0.0658567868206672,-3.13893603199327,"[-0.010044570293027718, -0.01917965174965661, -0.029022843775552115, -0.020488037365421152]",1.0,-0.002365514762977705,0.0016956245834827133,0.02278640707392523,True,representation,81.0
R_macd_hist__csrank,all,-1,1801,-0.012785352780824247,0.0668161603689177,-3.6316422088108435,"[-0.008934311864273804, -0.015363647775359738, -0.02073897118647043, -0.016738827062195486, -0.0021617033517010906]",1.0,-0.0012988237508675348,0.0002816233966935755,0.00587816340067763,True,representation,38.0
R_macd_hist__csz,all,-1,1801,-0.012785350358695284,0.066816167087138,-3.6316411556585106,"[-0.008934274129302965, -0.01536367657509365, -0.020738968689067067, -0.01673881938104587, -0.0021617104529374105]",1.0,-0.0012988237508675348,0.00028162454620983546,0.00587816340067763,True,representation,89.0
R_macd_hist__d5,all,-1,1801,-0.013003296818935637,0.06837065697064974,-3.60957090431561,"[-0.003653641901517563, -0.011139456050961625, -0.019095497620171174, -0.01703772201131786, -0.014116137774369462]",1.0,-0.0016115021488373829,0.00030670393287701714,0.006182395030527818,True,representation,90.0
R_macd_hist__accel,all,-1,1801,-0.012403887009807801,0.0623881686396528,-3.7733528491490658,"[-0.006744524390451665, -0.014252870029506148, -0.014734029416164494, -0.014539002859912154, -0.01176472880472498]",1.0,-0.0014730684125060782,0.00016106823575134932,0.004121946241880183,True,representation,88.0
R_atr_pct__csrank,all,-1,1801,-0.03718965900909843,0.20586544397301024,-3.428550868559434,"[-0.06443968737167538, -0.038894342627543176, -0.02753994059911627, -0.01727333614408584, -0.03772529377984209]",1.0,-0.002548559846952093,0.0006068128067724388,0.010405287750420246,True,representation,17.0
R_atr_pct__csrank,stock,1,1668,-0.040224701576377635,0.2191812835947843,-3.351987464367541,"[-0.053278484940589045, -0.02794233649359208, -0.029184680195068317, -0.045836147871958124, -0.04374104446244184]",1.0,-0.003125950930324706,0.0008023365164928631,0.012660999292431613,True,representation,17.0
R_atr_pct__csrank,stock,2,1801,-0.04891577243769973,0.21042663523980537,-4.41184310322809,"[-0.06430083236290408, -0.0403949364876979, -0.05314854166401437, -0.04872175767083738, -0.03797005772547489]",1.0,-0.0041387054164829596,1.0249437642384507e-05,0.0005671829010070031,True,representation,17.0
R_atr_pct__csrank,stock,3,1689,-0.0438812902920181,0.22267458313230992,-3.6219175840968925,"[-0.0821455908957807, -0.04222573025121567, -0.040658143924171324, -0.028622217606861053, -0.026126348622450606]",1.0,-0.0026945724553556244,0.0002924272937225858,0.005976482815455347,True,representation,17.0
R_atr_pct__csrank,stock,5,1801,-0.05073345847415557,0.21259275299496705,-4.529162129224198,"[-0.058154373407530116, -0.05502390452289323, -0.0323616584940629, -0.0416820925992825, -0.06642464969441642]",1.0,-0.002771766937453496,5.921804710595779e-06,0.0004220629774104486,True,representation,17.0
R_atr_pct__csrank,stock,6,1726,-0.04627793517562382,0.21319446827748875,-4.033048409771966,"[-0.11256971680449068, -0.03220745673494774, -0.02442121664938315, -0.011972335292443213, -0.060674201815695016]",1.0,-0.0035061340223629662,5.505793188431696e-05,0.0019176931054614536,True,representation,17.0
R_atr_pct__csrank,stock,8,1542,-0.04946681356933874,0.2368972701238556,-3.667001304628214,"[-0.11854180128117843, -0.06363838072306266, -0.020575821816042516, -0.024958515532694805, -0.03556617123221798]",1.0,-0.004421840048046311,0.0002454115434724624,0.005369860018137226,True,representation,17.0
R_atr_pct__csz,all,-1,1801,-0.03718965900909843,0.20586544397301024,-3.428550868559434,"[-0.06443968737167538, -0.038894342627543176, -0.02753994059911627, -0.01727333614408584, -0.03772529377984209]",1.0,-0.002548559846952093,0.0006068128067724388,0.010405287750420246,True,representation,17.0
R_atr_pct__csz,stock,1,1668,-0.040224701576377635,0.2191812835947843,-3.351987464367541,"[-0.053278484940589045, -0.02794233649359208, -0.029184680195068317, -0.045836147871958124, -0.04374104446244184]",1.0,-0.003125950930324706,0.0008023365164928631,0.012660999292431613,True,representation,17.0
R_atr_pct__csz,stock,2,1801,-0.04891577243769973,0.21042663523980537,-4.41184310322809,"[-0.06430083236290408, -0.0403949364876979, -0.05314854166401437, -0.04872175767083738, -0.03797005772547489]",1.0,-0.0041387054164829596,1.0249437642384507e-05,0.0005671829010070031,True,representation,17.0
R_atr_pct__csz,stock,3,1689,-0.0438812902920181,0.22267458313230992,-3.6219175840968925,"[-0.0821455908957807, -0.04222573025121567, -0.040658143924171324, -0.028622217606861053, -0.026126348622450606]",1.0,-0.0026945724553556244,0.0002924272937225858,0.005976482815455347,True,representation,17.0
R_atr_pct__csz,stock,5,1801,-0.05073345847415557,0.21259275299496705,-4.529162129224198,"[-0.058154373407530116, -0.05502390452289323, -0.0323616584940629, -0.0416820925992825, -0.06642464969441642]",1.0,-0.002771766937453496,5.921804710595779e-06,0.0004220629774104486,True,representation,17.0
R_atr_pct__csz,stock,6,1726,-0.04627793517562382,0.21319446827748875,-4.033048409771966,"[-0.11256971680449068, -0.03220745673494774, -0.02442121664938315, -0.011972335292443213, -0.060674201815695016]",1.0,-0.0035061340223629662,5.505793188431696e-05,0.0019176931054614536,True,representation,17.0
R_atr_pct__csz,stock,8,1542,-0.04946681356933874,0.2368972701238556,-3.667001304628214,"[-0.11854180128117843, -0.06363838072306266, -0.020575821816042516, -0.024958515532694805, -0.03556617123221798]",1.0,-0.004421840048046311,0.0002454115434724624,0.005369860018137226,True,representation,17.0
R_atr_pct__tsz60,all,-1,1801,-0.015784876081819513,0.09972919270749749,-3.0039363593492108,"[-0.020485902893698008, -0.004165271433152483, -0.03110047966865449, -0.00036330937289474647, -0.02279635863288706]",1.0,-0.0011736377719644843,0.002665110661629999,0.030342052909775968,True,representation,76.0
R_realvol_20__csrank,all,-1,1801,-0.0339814266253179,0.17966382374454798,-3.5896559318494217,"[-0.06003486920604005, -0.04078258431226136, -0.021383036246212517, -0.016565931355123045, -0.03106834133311715]",1.0,-0.0021749034622130323,0.0003311147159708039,0.0064321492349972,True,representation,68.0
R_realvol_20__csrank,stock,1,1668,-0.03318023261142226,0.19510715655750854,-3.106127278426745,"[-0.04788332749019158, -0.017017233497404267, -0.034011009850581336, -0.03803465268265174, -0.02701831098931594]",1.0,-0.0023727001367818377,0.001895551066287915,0.02413604687970185,True,representation,68.0
R_realvol_20__csrank,stock,2,1801,-0.04136402149261168,0.19402394767205322,-4.046124786598657,"[-0.06061158596990032, -0.03625266376693303, -0.03881733999683356, -0.04254793393826354, -0.02853711833424658]",1.0,-0.0037999371692181176,5.207248207672599e-05,0.0019176931054614536,True,representation,68.0
R_realvol_20__csrank,stock,3,1689,-0.041216061466297624,0.2078768930889637,-3.6440983902663913,"[-0.08221704180685499, -0.051940415540577115, -0.03733482623270551, -0.024306275397232464, -0.013323088233408909]",1.0,-0.002639819333833124,0.0002683307651807354,0.005667572634010728,True,representation,68.0
R_realvol_20__csrank,stock,6,1726,-0.04194092239258443,0.18997153145635157,-4.1018979100357535,"[-0.10165997405519096, -0.039321445261816565, -0.008804303705664287, -0.012926726971424416, -0.05650848728578699]",1.0,-0.0036381293135769413,4.097750768150554e-05,0.0016205375110893794,True,representation,68.0
R_realvol_20__csrank,stock,8,1542,-0.03826012970803401,0.2196730023848741,-3.0586299507354324,"[-0.09671027297191968, -0.052130065230640586, -0.009887056892953387, -0.016233138624251846, -0.031067427940326377]",1.0,-0.003009500079576972,0.002223516195668296,0.0267094210769461,True,representation,68.0
R_realvol_20__csz,all,-1,1801,-0.033981428081927285,0.1796638205823309,-3.589656148900173,"[-0.06003486920604005, -0.04078258203293334, -0.02138304272164653, -0.016565935171694173, -0.031068340607533124]",1.0,-0.0021749034622130323,0.00033111444028000037,0.0064321492349972,True,representation,68.0
R_realvol_20__csz,stock,1,1668,-0.03318023261142226,0.19510715655750854,-3.106127278426745,"[-0.04788332749019158, -0.017017233497404267, -0.034011009850581336, -0.03803465268265174, -0.02701831098931594]",1.0,-0.0023727001367818377,0.001895551066287915,0.02413604687970185,True,representation,68.0
R_realvol_20__csz,stock,2,1801,-0.04136402149261168,0.19402394767205322,-4.046124786598657,"[-0.06061158596990032, -0.03625266376693303, -0.03881733999683356, -0.04254793393826354, -0.02853711833424658]",1.0,-0.0037999371692181176,5.207248207672599e-05,0.0019176931054614536,True,representation,68.0
R_realvol_20__csz,stock,3,1689,-0.041216061466297624,0.2078768930889637,-3.6440983902663913,"[-0.08221704180685499, -0.051940415540577115, -0.03733482623270551, -0.024306275397232464, -0.013323088233408909]",1.0,-0.002639819333833124,0.0002683307651807354,0.005667572634010728,True,representation,68.0
R_realvol_20__csz,stock,6,1726,-0.04194092239258443,0.18997153145635157,-4.1018979100357535,"[-0.10165997405519096, -0.039321445261816565, -0.008804303705664287, -0.012926726971424416, -0.05650848728578699]",1.0,-0.0036381293135769413,4.097750768150554e-05,0.0016205375110893794,True,representation,68.0
R_realvol_20__csz,stock,8,1542,-0.03826012970803401,0.2196730023848741,-3.0586299507354324,"[-0.09671027297191968, -0.052130065230640586, -0.009887056892953387, -0.016233138624251846, -0.031067427940326377]",1.0,-0.003009500079576972,0.002223516195668296,0.0267094210769461,True,representation,68.0
R_realvol_20__tsz60,all,-1,1801,-0.016344339787954847,0.07465043402553254,-4.1553432047995065,"[-0.021621123878253587, -0.011668480364489071, -0.027870547992812123, -0.0006790834593594589, -0.019867805511275823]",1.0,-0.001599834597596043,3.247996225441696e-05,0.0014241147225570571,True,representation,50.0
R_realvol_20__tsz60,market,2,366,-0.021920226485980215,0.06686334096907726,-2.8048684950258322,"[-0.02079546251616403, -0.023021269470414305, -0.016733399609298528, -0.006395566662603093, -0.042173020301410485]",1.0,-0.0022171390346389704,0.005033711229104343,0.046990636190520955,True,representation,50.0
R_realvol_20__d5,all,-1,1801,-0.01603321750029124,0.06729722649971773,-4.521633649712149,"[-0.009546084731309178, -0.01963543927329915, -0.0340420620147528, -0.005702171567660636, -0.011258349727681607]",1.0,-0.0020141298312886177,6.136419614000133e-06,0.0004299876886667236,True,representation,95.0
R_realvol_20__d5,stock,2,1800,-0.0239854973801412,0.16037529230257247,-2.8376741121748617,"[-0.014976340145167024, -0.025231323974811277, -0.028901086384657215, -0.025428177187961042, -0.025419592088783884]",1.0,-0.0030961541946092053,0.004544355424756397,0.04370600658515711,True,representation,95.0
R_realvol_20__d20,all,-1,1801,-0.012915945424419902,0.07229202621787173,-3.3908428140098543,"[-0.008720256220568979, -0.02062509651911353, -0.025191135582516882, 0.0004799667704479057, -0.010534860262580943]",0.8,-0.0014443639784899745,0.0006967805135777994,0.011456005874075215,True,representation,50.0
R_realvol_20__d20,stock,2,1800,-0.026227630308592167,0.16959004227011323,-2.9343367674352807,"[-0.04119266410079765, -0.01958260117279227, -0.03474373942439269, -0.026593454523385494, -0.008985138961655483]",1.0,-0.0020425433129793516,0.003342613185302712,0.03616658310421279,True,representation,50.0
R_realvol_ratio_20_60__csrank,all,-1,1801,-0.014932021002055276,0.07242450744956798,-3.9129553838735767,"[-0.01687756789055702, -0.014352350358164522, -0.024904445949905003, -0.002205354169980368, -0.01631498234475697]",1.0,-0.0014448003205292045,9.117338483344284e-05,0.002630620309459042,True,representation,50.0
R_realvol_ratio_20_60__csz,all,-1,1801,-0.014932021002055276,0.07242450744956798,-3.9129553838735767,"[-0.01687756789055702, -0.014352350358164522, -0.024904445949905003, -0.002205354169980368, -0.01631498234475697]",1.0,-0.0014448003205292045,9.117338483344284e-05,0.002630620309459042,True,representation,50.0
R_realvol_ratio_20_60__tsz60,all,-1,1801,-0.013049793732750661,0.061757728829028295,-4.010367621079953,"[-0.0145230138381968, -0.013020309497755386, -0.020110368820521574, -0.0014976801853494803, -0.016093504043859373]",1.0,-0.0014356666072150434,6.062428282938015e-05,0.0020431312716200317,True,representation,50.0
R_realvol_ratio_20_60__d5,all,-1,1801,-0.013461086755256578,0.054056688815368396,-4.7260959831382605,"[-0.009668577719243688, -0.01240276474490383, -0.024142568482054996, -0.007561609825263897, -0.01354044775213874]",1.0,-0.0016867137074479044,2.288774950898187e-06,0.00022381293234074824,True,representation,95.0
R_realvol_ratio_20_60__d5,market,4,323,-0.02692634737664133,0.05696785736141788,-3.798952102445815,"[-0.004393256390316455, -0.024276980714211988, -0.03555669322512281, -0.030734098151669206]",1.0,-0.0032722577304985317,0.00014530916851396292,0.0038353801160232546,True,representation,95.0
R_realvol_ratio_20_60__d20,all,-1,1801,-0.011613348468972226,0.06002122260692221,-3.6721843406046024,"[-0.008894615977964156, -0.015254191954762355, -0.019594094260956138, -0.003061257438116537, -0.011270134747759198]",1.0,-0.0012678045068129423,0.00024048610589821884,0.005361747042867107,True,representation,96.0
R_bb_bw_20__csrank,all,-1,1801,-0.02919473901005045,0.15769047807501022,-3.5137509948576597,"[-0.05052834588787678, -0.029061237310528152, -0.025172271503664374, -0.01775812117013726, -0.023394459158940624]",1.0,-0.0017478167987166032,0.000441826776027332,0.008026538761330934,True,representation,20.0
R_bb_bw_20__csrank,stock,2,1801,-0.035211730496700844,0.18585451125362673,-3.5957220741763716,"[-0.042879797236697645, -0.036877232063229355, -0.04302940323862985, -0.024404185948946586, -0.0288467338106119]",1.0,-0.0027270471778651,0.0003234930275766157,0.0064110436374274745,True,representation,20.0
R_bb_bw_20__csrank,stock,3,1689,-0.037867694683961804,0.1885381902288001,-3.6914701034512585,"[-0.09104807245741009, -0.029678740256955854, -0.03182751809537667, -0.02183043554654618, -0.01438146416388538]",1.0,-0.0031265913247655727,0.00022296160767276696,0.00514120360786224,True,representation,20.0
R_bb_bw_20__csrank,stock,6,1726,-0.03808014248416318,0.16484431956182144,-4.2920025569940226,"[-0.10089084821569959, -0.022217269302682904, -0.01596372285923133, -0.016959776100360688, -0.0437907340319858]",1.0,-0.003525037556679697,1.770689092506217e-05,0.0009062848694340515,True,representation,20.0
R_bb_bw_20__csrank,stock,8,1542,-0.03621656473887387,0.20650375560734044,-3.079899064830715,"[-0.10447539461285958, 0.009220510304513712, -0.012838672714112279, -0.02562597022500438, -0.0332477130629558]",0.8,-0.0021838697277296974,0.0020707075737063096,0.025445062168758536,True,representation,20.0
R_bb_bw_20__csz,all,-1,1801,-0.029194734065468513,0.15769047958376267,-3.5137503661305267,"[-0.05052834588787678, -0.02906124155416797, -0.025172272301390238, -0.017758088832056713, -0.023394461719010815]",1.0,-0.0017478167987166032,0.0004418278217246385,0.008026538761330934,True,representation,20.0
R_bb_bw_20__csz,stock,2,1801,-0.035211730496700844,0.18585451125362673,-3.5957220741763716,"[-0.042879797236697645, -0.036877232063229355, -0.04302940323862985, -0.024404185948946586, -0.0288467338106119]",1.0,-0.0027270471778651,0.0003234930275766157,0.0064110436374274745,True,representation,20.0
R_bb_bw_20__csz,stock,3,1689,-0.037867694683961804,0.1885381902288001,-3.6914701034512585,"[-0.09104807245741009, -0.029678740256955854, -0.03182751809537667, -0.02183043554654618, -0.01438146416388538]",1.0,-0.0031265913247655727,0.00022296160767276696,0.00514120360786224,True,representation,20.0
R_bb_bw_20__csz,stock,6,1726,-0.03808015522624249,0.16484431363326565,-4.292004147510437,"[-0.10089084821569959, -0.022217269302682904, -0.015963764791223217, -0.016959795259560175, -0.0437907340319858]",1.0,-0.003525037556679697,1.7706764058988966e-05,0.0009062848694340515,True,representation,20.0
R_bb_bw_20__csz,stock,8,1542,-0.03621656473887387,0.20650375560734044,-3.079899064830715,"[-0.10447539461285958, 0.009220510304513712, -0.012838672714112279, -0.02562597022500438, -0.0332477130629558]",0.8,-0.0021838697277296974,0.0020707075737063096,0.025445062168758536,True,representation,20.0
R_bb_bw_20__tsz60,all,-1,1801,-0.013185444140504985,0.07115086816231674,-3.5171137454267414,"[-0.014265297955276023, -0.005166727919149545, -0.028111254871991103, -0.0067586802573210295, -0.0116222601048573]",1.0,-0.0011085650761006275,0.00043626678683561515,0.007999583511882962,True,representation,26.0
R_bb_bw_20__tsz60,market,4,323,-0.025766515683226875,0.07199497550362974,-2.8765356786878837,"[-0.013865822941245913, -0.001025851897394127, -0.04802121787559978, -0.02321835281377019]",1.0,-0.0025381119816285922,0.00402066738995277,0.04009795857420279,True,representation,26.0
R_atr_ratio_14_30__csrank,all,-1,1801,-0.021594644841279546,0.10470749492551787,-3.914174205248158,"[-0.030555755118529725, -0.014871071318599159, -0.040248121489874035, -0.005785213787546396, -0.016488170518856034]",1.0,-0.0020487835890641475,9.071412795735867e-05,0.002630620309459042,True,representation,19.0
R_atr_ratio_14_30__csrank,market,2,366,-0.029889013306375608,0.08961723058658211,-2.853485039899071,"[-0.020913747717103595, -0.012646096894117402, -0.0264177800153982, -0.04024898233761236, -0.06163102224496443]",1.0,-0.0030569962734575532,0.00432425638677425,0.04217200409098243,True,representation,19.0
R_atr_ratio_14_30__csrank,stock,2,1801,-0.026269630603678422,0.17435069206367518,-2.8595792995016165,"[-0.04266483387304068, -0.004164742945401577, -0.05703444733302396, -0.01503530451803245, -0.01240328211758966]",1.0,-0.0024699453634415103,0.004242033452646954,0.041683821205809636,True,representation,19.0
R_atr_ratio_14_30__csrank,stock,5,1801,-0.02344589833895695,0.1537630843060938,-2.8939208576862336,"[-0.027573336841725804, -0.0381581506957864, -0.03737925753261298, -0.006303895080685841, -0.007803386437021563]",1.0,-0.0018174624461628347,0.0038046404446498983,0.03881128883398493,True,representation,19.0
R_atr_ratio_14_30__csrank,stock,6,1726,-0.03221972239997007,0.1588447511835844,-3.7686370992955665,"[-0.07898177630651029, -0.019965958080229336, -0.018836674443501726, 0.004441933180405849, -0.05596154436788785]",0.8,-0.002968138998677622,0.00016414132267073,0.004146505687724965,True,representation,19.0
R_atr_ratio_14_30__csz,all,-1,1801,-0.021594644841279546,0.10470749492551787,-3.914174205248158,"[-0.030555755118529725, -0.014871071318599159, -0.040248121489874035, -0.005785213787546396, -0.016488170518856034]",1.0,-0.0020487835890641475,9.071412795735867e-05,0.002630620309459042,True,representation,19.0
R_atr_ratio_14_30__csz,market,2,366,-0.029889013306375608,0.08961723058658211,-2.853485039899071,"[-0.020913747717103595, -0.012646096894117402, -0.0264177800153982, -0.04024898233761236, -0.06163102224496443]",1.0,-0.0030569962734575532,0.00432425638677425,0.04217200409098243,True,representation,19.0
R_atr_ratio_14_30__csz,stock,2,1801,-0.026269630603678422,0.17435069206367518,-2.8595792995016165,"[-0.04266483387304068, -0.004164742945401577, -0.05703444733302396, -0.01503530451803245, -0.01240328211758966]",1.0,-0.0024699453634415103,0.004242033452646954,0.041683821205809636,True,representation,19.0
R_atr_ratio_14_30__csz,stock,5,1801,-0.02344589833895695,0.1537630843060938,-2.8939208576862336,"[-0.027573336841725804, -0.0381581506957864, -0.03737925753261298, -0.006303895080685841, -0.007803386437021563]",1.0,-0.0018174624461628347,0.0038046404446498983,0.03881128883398493,True,representation,19.0
R_atr_ratio_14_30__csz,stock,6,1726,-0.03221972239997007,0.1588447511835844,-3.7686370992955665,"[-0.07898177630651029, -0.019965958080229336, -0.018836674443501726, 0.004441933180405849, -0.05596154436788785]",0.8,-0.002968138998677622,0.00016414132267073,0.004146505687724965,True,representation,19.0
R_atr_ratio_14_30__tsz60,all,-1,1801,-0.02189869976688076,0.07701326337923455,-5.396655022483974,"[-0.034015329896999236, -0.01727059641816616, -0.029918135242324694, -0.0077654130578799765, -0.020490366913116738]",1.0,-0.002585107413090935,6.789475137658485e-08,1.2488390831330576e-05,True,representation,80.0
R_atr_ratio_14_30__tsz60,market,2,366,-0.025246503127027815,0.067144086844261,-3.2169847455238445,"[-0.032531601822839616, -0.020808809706241736, -0.01581262679539477, -0.008831029436361553, -0.04271292546625604]",1.0,-0.0028088226064469195,0.0012954548640904395,0.01883461021867685,True,representation,80.0
R_atr_ratio_14_30__tsz60,market,5,471,-0.02341138303801178,0.07345667834130276,-3.0932942624111535,"[-0.03859813215214858, -0.03991190333584842, -0.009977121795944729, -0.01453882564915462, -0.01684241253032507]",1.0,-0.00220288205221779,0.001979477513780248,0.02485393453890749,True,representation,80.0
R_atr_ratio_14_30__tsz60,stock,5,1801,-0.02364849956065281,0.14264838439161748,-3.146361273472837,"[-0.036098535465129304, -0.03541309874371593, -0.03151251451679289, -0.021920981632333823, 0.006737215987775898]",0.8,-0.002181712717314782,0.0016531566516242435,0.022420460948065202,True,representation,80.0
R_atr_ratio_14_30__d5,all,-1,1801,-0.021441830795894578,0.07153146212947138,-5.68900894346126,"[-0.019919635153564246, -0.01894600003073321, -0.038328712338681674, -0.016591962268308603, -0.013427072509413867]",1.0,-0.0028117030391799002,1.2777877644865043e-08,3.133774492403152e-06,True,representation,79.0
R_atr_ratio_14_30__d5,market,2,366,-0.024389427008642654,0.06599549211264259,-3.1618616731065026,"[-0.0335734101523581, -0.010820222346927616, -0.030167688455259127, -0.014736516385779167, -0.006329351879068281]",1.0,-0.0027987185079635804,0.0015676401191893063,0.021508460936009922,True,representation,79.0
R_atr_ratio_14_30__d5,market,4,323,-0.026706638002548435,0.07218369716837682,-2.9736945465736193,"[-0.021530829719291964, -0.007404873600787872, -0.043895278746734795, -0.01719198182791026]",1.0,-0.0033329020168632656,0.0029423781733664,0.03292554739246128,True,representation,79.0
R_atr_ratio_14_30__d5,market,5,471,-0.022387003429954803,0.061407329053976625,-3.538353420622471,"[-0.014437211035813538, -0.01742439802203279, -0.03690670076539304, -0.02976951296977991, -0.015644208536233037]",1.0,-0.002695316530868912,0.0004026307563727016,0.00747597675712846,True,representation,79.0
R_atr_ratio_14_30__d5,stock,6,1723,-0.021418383426496247,0.1415604155624298,-2.808681518878202,"[-0.030662407241368036, -0.0042514761077937155, -0.035157257627477255, -0.021329815034102848, -0.016822375379471035]",1.0,-0.003012145472285487,0.004974483036226607,0.04666444570369974,True,representation,79.0
R_atr_ratio_14_30__d20,all,-1,1801,-0.01684762475724197,0.07696782840080839,-4.154332965782475,"[-0.024983391896432984, -0.02098015981070683, -0.021432479543405644, -0.004302403370566482, -0.012517089811933483]",1.0,-0.0019993618304434703,3.262378291224444e-05,0.0014241147225570571,True,representation,78.0
R_atr_ratio_14_30__accel,all,-1,1801,-0.013857791376825532,0.06950899795945518,-3.7837710094302466,"[-0.0027420745250782137, -0.015951693434562576, -0.025928861300619003, -0.01673038104960605, -0.007966823565516677]",1.0,-0.001793406509817975,0.00015446995376966477,0.003994853156824574,True,representation,77.0
R_dvol_z20__csrank,all,-1,1801,-0.01254850495357916,0.0717402994338762,-3.3197138905710895,"[-0.003448214220550692, -0.008444623951903043, -0.02453135833037405, -0.018980720968940108, -0.007362885881497426]",1.0,-0.0018174874678789181,0.0009010974664289684,0.013599916966082997,True,representation,33.0
R_dvol_z20__csz,all,-1,1801,-0.012548506591471748,0.07174029928489595,-3.3197143307703945,"[-0.003448214220550692, -0.008444623951903043, -0.02453135833037405, -0.018980720968940108, -0.007362894075510071]",1.0,-0.0018174874678789181,0.0009010960456783401,0.013599916966082997,True,representation,33.0
R_dvol_z20__tsz60,all,-1,1801,-0.011666748082044142,0.07269034877920433,-3.0461053675243415,"[-0.0026628787676683196, -0.009508574066575664, -0.02071403845777201, -0.01922041770189416, -0.006252842164406046]",1.0,-0.0018125254005056139,0.0023182657833098474,0.02754931033110035,True,representation,33.0
R_pos_in_52w_range__d5,all,-1,1801,-0.022869231386923875,0.08568601412350281,-5.065396917537322,"[-0.01800576133956846, -0.02463725208290673, -0.026196014735961833, -0.03470124374619509, -0.01081939466900768]",1.0,-0.0029896993402231376,4.0755027086447626e-07,4.99758519647564e-05,True,representation,9.0
R_pos_in_52w_range__d5,market,3,466,-0.029998746271782572,0.09693203495939,-2.9877463923893943,"[-0.023885750708128817, -0.039608369839949205, -0.037421188318735116, -0.023787979592826622]",1.0,-0.0037611732378419888,0.002810426558989665,0.03175080753591779,True,representation,9.0
R_pos_in_52w_range__d5,stock,2,1800,-0.026494808368043524,0.16563185531576324,-3.0350661877081273,"[-0.011511410474158825, -0.04375711416296205, -0.03708296984853996, -0.03163944920436146, -0.008539009368890332]",1.0,-0.0040756568572242104,0.0024048290542304507,0.028114384820910398,True,representation,9.0
R_pos_in_52w_range__accel,all,-1,1801,-0.02056445728934896,0.07053931729949157,-5.532964130880058,"[-0.016510706081383386, -0.02251919868944056, -0.02388546420325065, -0.02968104633704014, -0.010237131555652182]",1.0,-0.0024761615129296056,3.148638794137071e-08,6.390651014583034e-06,True,representation,81.0
R_pos_in_52w_range__accel,market,3,466,-0.026964299080965218,0.07534593419897337,-3.4549142261062062,"[-0.02382853657152659, -0.023271408851499233, -0.03472645706150497, -0.02253790463917827]",1.0,-0.0029951692861324842,0.0005504679149141989,0.009643018295193376,True,representation,81.0
R_pos_in_52w_range__accel,stock,0,1801,-0.01920875492138461,0.1299242206589456,-2.805956599368709,"[-0.01833528335798066, -0.0317596035237686, -0.021480334274443392, -0.011936088693423396, -0.012534891067205334]",1.0,-0.0019157148260377046,0.005016744886538582,0.046945247062267235,True,representation,81.0
R_dist_from_20h__tsz60,all,-1,1801,-0.013597788064493485,0.07752392020700354,-3.328927955913262,"[-0.013549540616761521, -0.01616596241438992, -0.012978590449358441, -0.02363051776797951, -0.0016644630946661743]",1.0,-0.0019806464514071915,0.0008718095260813463,0.013468427481666153,True,representation,84.0
R_dist_from_20h__d5,all,-1,1801,-0.016251155226217822,0.08043213696737506,-3.834656663215904,"[-0.005309079298991784, -0.006397652610979342, -0.02822258061308279, -0.029518715207852476, -0.011838143055536121]",1.0,-0.002245216945049465,0.00012573980895291825,0.0034106198870823817,True,representation,82.0
R_dist_from_20h__d5,market,3,466,-0.03087959040792074,0.08150400870874061,-3.657636289630156,"[-0.021682744942508214, -0.0497160270795194, -0.032762599893847485, -0.028662034000714567]",1.0,-0.0037295817449170296,0.0002545519122898465,0.005528754818221538,True,representation,82.0
R_dist_from_20h__accel,all,-1,1801,-0.015777652706240406,0.06612994457916119,-4.528100817074649,"[-0.011268884483452202, -0.006116262173907193, -0.02584612728798384, -0.025033747693257533, -0.010635766248775677]",1.0,-0.0018624704321376785,5.95161860772464e-06,0.0004220629774104486,True,representation,81.0
R_dist_from_20h__accel,market,3,466,-0.026358553923214727,0.067195610899598,-3.7869417938730083,"[-0.022804290689147265, -0.03662941388021108, -0.028627561344339712, -0.023026019158420553]",1.0,-0.0029449529735481525,0.00015251280837214054,0.003989735067015197,True,representation,81.0
R_donch_pos_20__csrank,all,-1,1801,-0.013884468940249675,0.08602987716027735,-3.06303405087099,"[-0.01574414363788196, -0.01035648043834634, -0.021434767810726073, -0.02257108363854459, 0.0006892965872995649]",0.8,-0.002009322894817552,0.0021910512673790628,0.0265911730119148,True,representation,85.0
R_donch_pos_20__csz,all,-1,1801,-0.013884468940249675,0.08602987716027735,-3.06303405087099,"[-0.01574414363788196, -0.01035648043834634, -0.021434767810726073, -0.02257108363854459, 0.0006892965872995649]",0.8,-0.002009322894817552,0.0021910512673790628,0.0265911730119148,True,representation,85.0
R_donch_pos_20__tsz60,all,-1,1801,-0.015143314553557117,0.0752633674343391,-3.8186438219894465,"[-0.014560043290004574, -0.01629696729526982, -0.015891038352863547, -0.024292030665245868, -0.004678113362356089]",1.0,-0.001937622257586339,0.00013418734341574812,0.003606514627146545,True,representation,21.0
R_donch_pos_20__d5,all,-1,1801,-0.015243031142836405,0.074983124849954,-3.858154863371136,"[-0.002928173696197139, -0.009288384389326205, -0.025752544262438545, -0.028404345770993426, -0.009875915532578479]",1.0,-0.002061360250603558,0.00011424625382527864,0.0032021592857885244,True,representation,82.0
R_donch_pos_20__d5,market,3,466,-0.024428794839004505,0.07824919451644578,-3.0139089118331706,"[-0.0034438969070026385, -0.02993754036591944, -0.0325115833781496, -0.024961375347601053]",1.0,-0.003001325873521736,0.002579052260139436,0.02953366070657728,True,representation,82.0
R_donch_pos_20__accel,all,-1,1801,-0.01325304290256895,0.06364107121613721,-3.9523006788581503,"[-0.005332415038517825, -0.010009265843334968, -0.0232773081204494, -0.020194182952609066, -0.007474044302000298]",1.0,-0.0016060009361747324,7.740339573958366e-05,0.002452369019066377,True,representation,81.0
R_bb_pctB_20__csrank,all,-1,1801,-0.014176714614419186,0.08478973904433207,-3.173249004219973,"[-0.013147490794946674, -0.007873406938123625, -0.023636785496162518, -0.025540513020763506, -0.0006882357771536927]",1.0,-0.0019323154651700416,0.0015074317869141485,0.020978086431500252,True,representation,21.0
R_bb_pctB_20__csz,all,-1,1801,-0.014176704466622041,0.08478972644268941,-3.173247204400044,"[-0.013147490794946674, -0.007873341318989459, -0.023636784710672487, -0.025540515750208295, -0.0006882486851590554]",1.0,-0.0019323154651700416,0.0015074411324500492,0.020978086431500252,True,representation,21.0
R_bb_pctB_20__tsz60,all,-1,1801,-0.013709001969481468,0.07799740007385948,-3.3357812764723445,"[-0.010106501122660445, -0.013363246738520285, -0.016414974019248334, -0.025318762718740277, -0.0033515321950347257]",1.0,-0.0018119573196291872,0.0008506005743331713,0.013210118682124131,True,representation,21.0
R_bb_pctB_20__d5,all,-1,1801,-0.015601850684611718,0.07625803301624642,-3.882955134128721,"[-0.0020629991277984626, -0.009936978541283373, -0.023870645373669723, -0.030672876442869656, -0.011503361858428542]",1.0,-0.0021247961463991363,0.0001031946146334839,0.002934316433491238,True,representation,82.0
R_bb_pctB_20__d5,market,3,466,-0.025371561034299266,0.07965086897531114,-3.0751381191993135,"[-0.006050843916938963, -0.019989982577481243, -0.03353896668437938, -0.02859032443137035]",1.0,-0.0031516384679421395,0.002104050908471322,0.025800924265129588,True,representation,82.0
R_bb_pctB_20__d5,stock,2,1800,-0.025170739243443634,0.16334184609810506,-2.9238141346213946,"[0.006761547099412004, -0.03427923408595408, -0.04344681983060353, -0.03938494960214286, -0.015632424510989583]",0.8,-0.004133076177052215,0.003457711403941577,0.036604477200719646,True,representation,82.0
R_bb_pctB_20__accel,all,-1,1801,-0.01434953087629302,0.06382398343036363,-4.267029556503144,"[-0.005580418011215984, -0.013536677007877074, -0.0223540900101464, -0.02186541523328676, -0.008435412765786306]",1.0,-0.0017479948825006029,1.9809292316486093e-05,0.0010051508153003203,True,representation,81.0
R_intraday_ret_pct__csrank,stock,5,1801,0.021719828113715676,0.1421266241523445,2.9003659481072,"[0.012523393017078875, 0.019084997576911705, 0.034916758702949684, 0.012361219992503078, 0.029738316932181246]",1.0,0.0018585674541937143,0.0037272722758423527,0.038721249910535285,True,representation,11.0
R_intraday_ret_pct__csz,stock,5,1801,0.021719874005253857,0.1421266638899055,2.9003712653296163,"[0.012523393017078875, 0.019084997576911705, 0.034916758702949684, 0.012361449577670467, 0.029738316932181246]",1.0,0.0018585674541937143,0.003727209041600066,0.038721249910535285,True,representation,11.0
R_intraday_ret_pct__tsz60,all,-1,1801,-0.01310294861053437,0.07251128262277996,-3.4295355158483707,"[-0.007525918569173824, -0.006454708732635544, -0.013936473842529254, -0.024371626595949103, -0.01324150706249901]",1.0,-0.0017290799117239152,0.0006046152988192777,0.010405287750420246,True,representation,11.0
R_gap_pct__csrank,all,-1,1801,-0.016258915097329144,0.06717678214661824,-4.5935052884782,"[-0.018361901367648713, -0.007674194588773623, -0.021541693901324193, -0.01927054055734827, -0.014440403443022248]",1.0,-0.0017637806860696743,4.35861968672846e-06,0.0003668448541570906,True,representation,36.0
R_gap_pct__csrank,market,2,366,-0.019899630730328882,0.05895944375078564,-2.8876674695810896,"[-0.020929100952172264, -0.013713662106301112, -0.018231725155440182, -0.006221138561563056, -0.031767821011258995]",1.0,-0.0022090819227330812,0.003881099385703024,0.03912028350979047,True,representation,36.0
R_gap_pct__csrank,market,5,471,-0.021458514456664093,0.05870970020013931,-3.5474414954962827,"[-0.02568179772501645, -0.01703981477406116, -0.02672911193583771, -0.02397810249031012, -0.01465932996605539]",1.0,-0.002174358200271988,0.000388992134894961,0.007275268190296887,True,representation,36.0
R_gap_pct__csrank,stock,5,1801,-0.03222023308783841,0.13864140884736423,-4.4107005031062325,"[-0.021165947658124344, -0.02481376891162466, -0.0393185122014676, -0.03883658621914243, -0.036997056797248885]",1.0,-0.0025004217339361884,1.030367485332917e-05,0.0005671829010070031,True,representation,36.0
R_gap_pct__csz,all,-1,1801,-0.016258915456908263,0.06717678338651241,-4.593505305284133,"[-0.018361901367648713, -0.007674190947400878, -0.021541693477550295, -0.019270546558534014, -0.014440403305877576]",1.0,-0.0017637806860696743,4.358619335453895e-06,0.0003668448541570906,True,representation,87.0
R_gap_pct__csz,market,2,366,-0.01989963045328263,0.05895944386219383,-2.887667423922003,"[-0.020929100952172264, -0.013713662106301112, -0.01823172399969319, -0.006221138561563056, -0.03176782189332234]",1.0,-0.0022090819227330812,0.003881099949027078,0.03912028350979047,True,representation,87.0
R_gap_pct__csz,market,5,471,-0.021458516515142797,0.05870970067264254,-3.5474418072460283,"[-0.02568179772501645, -0.01703981477406116, -0.02672911193583771, -0.023978108607490896, -0.014659328736006847]",1.0,-0.002174358200271988,0.000388991674541872,0.007275268190296887,True,representation,87.0
R_gap_pct__csz,stock,5,1801,-0.03222037503330417,0.13864150641344153,-4.410716830389299,"[-0.021165947658124344, -0.02481376891162466, -0.0393185122014676, -0.03883717580448758, -0.036997177333525484]",1.0,-0.0025004151627189674,1.0302897899272523e-05,0.0005671829010070031,True,representation,87.0
R_gap_pct__tsz60,market,5,471,-0.01571812514245474,0.04929520045435415,-3.0947213893546963,"[-0.007260113032602033, -0.017685051197336935, -0.02934965807392059, -0.022251707523378607, -0.005926743659279555]",1.0,-0.0018388968601974949,0.001969978521346283,0.02485393453890749,True,representation,36.0
R_obv_slope__csrank,all,-1,1801,-0.01575668423558876,0.07198868480886865,-4.154056955199487,"[-0.01168125364077996, -0.013141197864925836, -0.018268632963053533, -0.022837056132657733, -0.012866601217067864]",1.0,-0.002070278926339002,3.266318171002425e-05,0.0014241147225570571,True,representation,46.0
R_obv_slope__csz,all,-1,1801,-0.01575668423558876,0.07198868480886865,-4.154056955199487,"[-0.01168125364077996, -0.013141197864925836, -0.018268632963053533, -0.022837056132657733, -0.012866601217067864]",1.0,-0.002070278926339002,3.266318171002425e-05,0.0014241147225570571,True,representation,92.0
R_obv_slope__tsz60,all,-1,1801,-0.02060542269849312,0.0657220816476115,-5.950343971108968,"[-0.01430653189010215, -0.02246903821884479, -0.021594403825350113, -0.02928511009671162, -0.015389526380369127]",1.0,-0.002451510148311516,2.675795585105334e-09,7.15896946087727e-07,True,representation,46.0
R_obv_slope__tsz60,market,3,466,-0.023203366026288096,0.06087195307509048,-3.679948245423607,"[-0.01731877818053397, -0.013694558550420075, -0.030693249101372107, -0.022658070297595187]",1.0,-0.002641633070128051,0.00023328129440769452,0.005220888588911368,True,representation,46.0
R_obv_slope__tsz60,market,5,471,-0.019734005983307466,0.06538315302606641,-2.9293741634881916,"[0.0008352641260949959, -0.014048130958770135, -0.053047639185072916, -0.02978217105069588, -0.01468515885699634]",0.8,-0.0022298696848032434,0.003396453044913317,0.03648088069773683,True,representation,46.0
R_obv_slope__d5,all,-1,1801,-0.013653472130916531,0.06170856641365918,-4.199228480009472,"[-0.008604260290355785, -0.01484328034148902, -0.013979797932831587, -0.021396848548417488, -0.009457199129934785]",1.0,-0.001632466198465554,2.6782597051022705e-05,0.0012511298908120607,True,representation,94.0
R_obv_slope__d20,all,-1,1801,-0.013576503283135602,0.06481239733367049,-3.975590987723179,"[-0.010841406324183307, -0.013257657839445075, -0.0160775894893504, -0.015113883989839634, -0.01259957626441224]",1.0,-0.0017576825220910772,7.020469548035813e-05,0.0022704661406449888,True,representation,93.0
R_cmf20__tsz60,all,-1,1801,-0.010286977086118015,0.058449523428141775,-3.340247535503779,"[-0.013597286078419524, -0.013315710578470077, -0.020986120810826007, -0.0036404321659274535, 0.0001138595058093914]",0.8,-0.001249532702616555,0.0008370374668555947,0.01306844172390459,True,representation,83.0
R_WQ_38__csrank,all,-1,1801,0.012902506494265553,0.07793235024853865,3.1421590679475995,"[0.008125373994726902, 0.0018705340501972596, 0.01524381433642437, 0.02820289409965871, 0.011083185802819242]",1.0,0.0018774585943393451,0.0016770689754341817,0.022588622401385795,True,representation,73.0
R_WQ_38__csz,all,-1,1801,0.012902506780472727,0.07793234867671374,3.1421592010223964,"[0.008125372268058362, 0.0018704847936269432, 0.015243840320255176, 0.028202906929335903, 0.011083199409177305]",1.0,0.0018774585943393451,0.00167706821316993,0.022588622401385795,True,representation,73.0
R_WQ_38__tsz60,all,-1,1801,0.01485622579468762,0.07555491201225968,3.731793823504658,"[0.006735159788588421, 0.008218529143191438, 0.015233363505986825, 0.03136076366115048, 0.012755871391204545]",1.0,0.0020286613657304626,0.00019012108304705677,0.004586281536126951,True,representation,11.0
R_WQ_38__tsz60,market,3,466,0.02411749653565078,0.07933105959065405,2.9349244482406336,"[0.011114311112291613, 0.021593896507146146, 0.034449472406874765, 0.02203519080645215]",1.0,0.0031534064730727126,0.0033362891069619316,0.03616658310421279,True,representation,11.0
R_WQ_38__tsz60,stock,6,1716,0.022030830830712347,0.14217059491632872,2.870745776153202,"[0.00815858707141003, 0.02136600483749613, 0.009488471412973548, 0.04183544158363141, 0.027291150596066457]",1.0,0.003018951900366693,0.004095047160740162,0.040646623251461365,True,representation,11.0
R_WQ_38__d5,all,-1,1801,0.013285642071103134,0.06561459040690014,3.8428548426556177,"[0.002820895691920576, 0.0077292372155484, 0.017010529827797567, 0.026796395421036005, 0.012100220939155299]",1.0,0.0017236785866701725,0.0001216114018740555,0.0033475454589083705,True,representation,75.0
R_WQ_38__d5,market,3,466,0.020853250282065423,0.06629305215858951,3.0367825646374027,"[0.004894299726285677, 0.01561250368844315, 0.030368167743606428, 0.021118449361654166]",1.0,0.0025068994132521226,0.002391178745230871,0.02803680895304563,True,representation,75.0
R_WQ_38__d20,all,-1,1801,0.010390452566098789,0.06905747410543857,2.8555885313931815,"[0.00024559271908524495, 0.006379786958975262, 0.015000562827917754, 0.02098630255525777, 0.009368197935499612]",1.0,0.0016632324759652084,0.004295714472183354,0.042140958972118704,True,representation,74.0
R_compress_state__csrank,all,-1,1801,-0.014449957069835513,0.0668488037194294,-4.102463929365016,"[-0.013990357752303857, -0.007740623132715067, -0.02900353602589461, -0.00947523848679868, -0.012041306616236277]",1.0,-0.001534376324376675,4.0877359769320165e-05,0.0016205375110893794,True,representation,26.0
R_compress_state__csrank,market,4,323,-0.02537711384446453,0.06546387906888224,-3.1157080119566105,"[-0.008878119091328603, -0.003627492253023527, -0.04682287278287442, -0.023176771101333087]",1.0,-0.0028240196188244614,0.0018350387466026241,0.02389610190819258,True,representation,26.0
R_compress_state__csz,all,-1,1801,-0.014449957069835513,0.0668488037194294,-4.102463929365016,"[-0.013990357752303857, -0.007740623132715067, -0.02900353602589461, -0.00947523848679868, -0.012041306616236277]",1.0,-0.001534376324376675,4.0877359769320165e-05,0.0016205375110893794,True,representation,26.0
R_compress_state__csz,market,4,323,-0.02537711384446453,0.06546387906888224,-3.1157080119566105,"[-0.008878119091328603, -0.003627492253023527, -0.04682287278287442, -0.023176771101333087]",1.0,-0.0028240196188244614,0.0018350387466026241,0.02389610190819258,True,representation,26.0
R_compress_state__tsz60,all,-1,1801,-0.01154383913716531,0.06315191354099953,-3.4692500723749204,"[-0.009661757246743875, -0.008028687575742533, -0.024614492828979925, -0.00855215427469754, -0.006867331764913852]",1.0,-0.0011491376283233818,0.0005219134096137168,0.009218204479956499,True,representation,26.0
R_compress_state__tsz60,market,4,323,-0.025235355622892582,0.06271653031154874,-3.234027172683015,"[-0.014684487666742227, -0.007890928451532182, -0.040934361210708835, -0.02709228125130452]",1.0,-0.0028040533181714245,0.001220578420931151,0.017960811464001886,True,representation,26.0
R_drawdown_252__d5,all,-1,1801,-0.02156088896103965,0.10247468636396256,-3.9932078796507597,"[-0.020745741619681228, -0.018396135608573855, -0.023292775946616346, -0.03387476278576743, -0.01149729314272984]",1.0,-0.003061762784674441,6.518537248223488e-05,0.002167689844239743,True,representation,9.0
R_drawdown_252__accel,all,-1,1801,-0.020195819157891527,0.08380833621206242,-4.573472883108585,"[-0.020172195776102513, -0.020711556002645348, -0.020479320375306448, -0.030063628360259123, -0.009552460895649172]",1.0,-0.002611107739603071,4.797057884253775e-06,0.0003976828550241932,True,representation,81.0
R_macd_hist_rstd10__tsz60,all,-1,1801,-0.010568657244740822,0.07151832501319401,-2.8046219785128272,"[-0.017137162526419846, -0.008080405950427166, -0.02353816992514951, 0.001996253947981704, -0.00606555592168463]",0.8,-0.0010434756381325606,0.005037562255558736,0.046990636190520955,True,representation,91.0
N_max_ret20,all,-1,1801,-0.026018082100592265,0.13892024131685898,-3.554525260932272,"[-0.0504538888758439, -0.02972627955363353, -0.019329545290130114, -0.010691262501496025, -0.01982155704081538]",1.0,-0.0016989794354556546,0.0003786621344012975,0.007259952192462661,True,distribution,68.0
N_max_ret20,stock,3,1679,-0.03797077673836023,0.18733509937867202,-3.714246066554058,"[-0.07459646160745532, -0.0488039197634874, -0.041916949257905595, -0.026136328449144312, -0.0019382004681599593]",1.0,-0.002910006345720667,0.00020381040764227976,0.004837209916864753,True,distribution,68.0
N_max_ret20,stock,6,1718,-0.028757391392933603,0.16653846606403735,-3.20082186945675,"[-0.0978142920265172, -0.0271699020676383, -0.004606922269827825, -0.01484374917744477, -0.009435282040683479]",1.0,-0.0022058002133168828,0.0013703622064189513,0.019818063751798395,True,distribution,68.0
N_min_ret20,all,-1,1801,0.024924598767150686,0.1563532560399267,3.02547173708461,"[0.04648218013575989, 0.03184048963414606, 0.009578687928289427, 0.010906751098184756, 0.025755002868904923]",1.0,0.0014722771074436197,0.002482456045289405,0.02865446783639777,True,distribution,69.0
N_min_ret20,stock,0,1801,0.02466179538206735,0.16299364483104167,2.871612749625947,"[0.0233490073676964, 0.04422952611420542, 0.02593405935446417, 0.02331305027943084, 0.006486980427913158]",1.0,0.0017035792653553074,0.004083830703748292,0.0406037627065244,True,distribution,69.0
N_min_ret20,stock,1,1651,0.0299983077794089,0.17849870593227368,3.05386770404505,"[0.020624627198252848, 0.019418001624948254, 0.032286739187598605, 0.0544774709717283, 0.02653162928498964]",1.0,0.003581315282158936,0.0022591168106007586,0.02697193011601636,True,distribution,69.0
N_min_ret20,stock,2,1800,0.027319137238560182,0.16959851690882755,3.0563013978836153,"[0.028046065343530924, 0.029267906236680272, 0.014500579782032643, 0.039335310476420214, 0.02547718336839486]",1.0,0.002892990278234358,0.00224085877340241,0.02680832264277761,True,distribution,69.0
N_min_ret20,stock,6,1718,0.027102138188562747,0.1705135510617135,2.946261114966745,"[0.0709986761298235, 0.034705074368498824, -0.003858040266958423, 6.676266351702742e-05, 0.04172672123873367]",0.8,0.0025068810938687013,0.0032164075490623834,0.03512388651907456,True,distribution,69.0
N_autocorr20,all,-1,1801,-0.01234516216899847,0.05888807958882025,-3.9787006224068744,"[-0.015177614789674002, -0.014295248569655397, -0.01282326435483585, -0.011808265356540781, -0.007613549850339988]",1.0,-0.0012249439056718396,6.929292704227485e-05,0.002258932892439861,True,distribution,63.0
N_volofvol20,all,-1,1801,-0.020726655877636963,0.1128936540220033,-3.4844285307182252,"[-0.03379804002997163, -0.03149880829758073, -0.008946176364100654, -0.009005029662029892, -0.02034891563407877]",1.0,-0.0015088275117564865,0.000493189156880236,0.008823438837073158,True,volatility,72.0
N_volofvol20,stock,6,1718,-0.023796369033161423,0.14959431218434885,-2.948642980194343,"[-0.06020790137247789, -0.017499004985213083, -0.004613026862417205, -0.01772303514620962, -0.024982075869653175]",1.0,-0.001897325307966834,0.003191724595974499,0.03498415451006685,True,volatility,72.0
N_range_expansion,all,-1,1801,-0.02239702569977329,0.06928845019452022,-6.13481336722197,"[-0.01664271700499793, -0.019049880489142232, -0.03942967311460183, -0.018781276676734515, -0.018097565404208746]",1.0,-0.0029216789065421326,8.525922190472102e-10,3.3455718675412525e-07,True,volatility,49.0
N_range_expansion,market,2,366,-0.028575902762861587,0.06322998478117664,-3.866628277011977,"[-0.033197681427621674, -0.0009605116230426179, -0.03853208384017643, -0.03412679899210896, -0.012040890329920588]",1.0,-0.003435377699409088,0.0001103504318236137,0.0031077638359511494,True,volatility,49.0
N_range_expansion,market,5,471,-0.02130430806530597,0.06471407179966163,-3.1951713873194434,"[-0.004220425980334428, -0.02005353834196538, -0.042922469082675434, -0.027972388305060773, -0.019376245032166988]",1.0,-0.0024017642335849906,0.0013974782579364575,0.020013520745046202,True,volatility,49.0
N_range_expansion,stock,3,1681,-0.030712767216393266,0.16792130402056193,-3.3536057412316103,"[-0.029013111032991114, -0.05150943279607728, -0.02949902687960202, -0.02173660264784129, -0.026220796480052336]",1.0,-0.003933218077305766,0.0007976592940763805,0.012660999292431613,True,volatility,49.0
N_range_expansion,stock,6,1720,-0.02624553129733343,0.1352516497047004,-3.5990842994442835,"[-0.030026475596265898, -0.008916526179635686, -0.04220176638287433, -0.020614025947823262, -0.030328359234495412]",1.0,-0.0033534861924138155,0.0003193396671681281,0.006393310479427218,True,volatility,49.0
N_body_range,stock,5,1801,0.020031621291962648,0.13448907320433293,2.8268382199978093,"[0.0070657971611390305, 0.01684021149656068, 0.030217394377112714, 0.013929565554403136, 0.03214115404873883]",1.0,0.0017476558967349535,0.004701007107122734,0.04477366963191653,True,structure,11.0
N_streak,all,-1,1801,-0.014697476804634785,0.06721050078780245,-4.1502810400132235,"[-0.004298232166875565, -0.004929819785332468, -0.02441768190949352, -0.02524903982794545, -0.01462149712418736]",1.0,-0.0019187081400044508,3.320672967110916e-05,0.0014306867400370447,True,momentum,71.0
N_streak,stock,2,1799,-0.022776786355368256,0.1518374758312002,-2.8454047508698186,"[0.002832089592243032, -0.017376835340440322, -0.035699272384226995, -0.03051968428121471, -0.03325637088126442]",0.8,-0.003567161854150512,0.004435502260582869,0.04286923859735758,True,momentum,71.0
N_dist_hi10,stock,5,1801,0.029172535050212035,0.16650281851587992,3.3252510175193337,"[0.025681588596936172, 0.033142886794408875, 0.03864817561916571, 0.01313490174783752, 0.0352648195661932]",1.0,0.0018541954860919149,0.0008833896227522509,0.013551873421432825,True,location,64.0
N_dist_lo10,all,-1,1801,-0.030597131448533592,0.0860967159305493,-6.744751920490834,"[-0.03672328709185949, -0.02087307727210545, -0.046415484930711806, -0.02629197713554376, -0.022664813713438203]",1.0,-0.0029569967791945903,1.5328849300999536e-11,1.4143862081539282e-08,True,location,66.0
N_dist_lo10,market,2,366,-0.03958181086452095,0.08076070959568583,-4.193253070077593,"[-0.042992026054868064, -0.019129490834957075, -0.03481996940423972, -0.041932301903071706, -0.05576856656002858]",1.0,-0.0037426241441288473,2.749823780190397e-05,0.001274445887417376,True,location,66.0
N_dist_lo10,market,5,471,-0.02988580323764631,0.07747719558220109,-3.7438332055316526,"[-0.029281355905764632, -0.04089608633822661, -0.048345495838403245, -0.025026997937305444, -0.02514673148605535]",1.0,-0.00265617925464904,0.0001812339861233525,0.004408029926950632,True,location,66.0
N_dist_lo10,stock,2,1800,-0.045670653398808096,0.16517502400606804,-5.246190984529413,"[-0.04361552576757528, -0.04625167602067969, -0.06389219690891913, -0.04946585550026211, -0.025144263712528387]",1.0,-0.0054895946700306095,1.552759418821381e-07,2.2848854847956625e-05,True,location,66.0
N_dist_lo10,stock,3,1686,-0.03906647287213762,0.1780498906394658,-4.0290835590840155,"[-0.06248076612363439, -0.04399790354676002, -0.030209723809359674, -0.03024688360887182, -0.0298232783084902]",1.0,-0.0036124509410042473,5.5994714172280524e-05,0.0019273970036142874,True,location,66.0
N_dist_lo10,stock,5,1801,-0.036142843232713114,0.15416525981799833,-4.449463505905864,"[-0.03845600261136852, -0.059645201217167924, -0.042593939002571295, -0.030199299611642007, -0.009813348278097375]",1.0,-0.0026223063736418944,8.608505527085697e-06,0.0005391517522333431,True,location,66.0
N_dist_lo10,stock,6,1723,-0.04189099743751776,0.14756512242904887,-5.269805849955976,"[-0.06960167673472618, -0.026388041083745126, -0.02982355388903499, -0.0407190236273922, -0.04749897776535377]",1.0,-0.004160835111502025,1.3656813346862862e-07,2.2077753236670308e-05,True,location,66.0
N_dist_lo10,stock,8,1531,-0.0345927074712766,0.18301218965647745,-3.307555424110262,"[-0.069212637424752, -0.013212149869062235, -0.035353208294894314, -0.027208110391387694, -0.02027219952532108]",1.0,-0.0030040400919010926,0.0009411408650752406,0.014095018187554383,True,location,66.0
N_dist_lo50,all,-1,1801,-0.02415880124639407,0.10218293781316798,-4.48713205025266,"[-0.050548066124495375, -0.017703024430927344, -0.0281554343344445, -0.01487863660463116, -0.009435541223921698]",1.0,-0.0021240691468002205,7.218833541600134e-06,0.0004828415252938453,True,location,67.0
N_dist_lo50,market,2,366,-0.04005689503706718,0.09505862190199912,-3.6052991741559013,"[-0.04766393102344537, -0.03678381233996366, -0.016036684446168264, -0.06719168723496204, -0.06982710528164446]",1.0,-0.003729282575680181,0.000311793527645321,0.006263538237953445,True,location,67.0
N_dist_lo50,stock,2,1800,-0.03513911063135115,0.18235840428646571,-3.656084565419309,"[-0.06768516501837817, -0.04449175171674999, -0.05472229651620888, -0.014271004944814246, 0.005623037706266522]",0.8,-0.0032679818431858186,0.00025609690282024644,0.005541861654411656,True,location,67.0
N_dist_lo50,stock,3,1674,-0.03228556006702491,0.18363993516157623,-3.2168730219308146,"[-0.07348793889351274, -0.051250303567260236, -0.013699414458479876, -0.024399988466334475, -0.004047889746423184]",1.0,-0.0025710535475413714,0.001295959418716297,0.01883461021867685,True,location,67.0
N_dist_lo50,stock,5,1801,-0.03362154671701584,0.15121993926171562,-4.2196893883319815,"[-0.03928397114744481, -0.053880918529372206, -0.04264492710260658, -0.024323382379857192, -0.007958805469047231]",1.0,-0.0027138370278397524,2.4463913826267003e-05,0.0011706877787106308,True,location,67.0
N_dist_lo50,stock,6,1716,-0.030269002505644585,0.1651335472856878,-3.3957557025695206,"[-0.07897914625686613, -0.01962132078461355, -0.0007858934972553164, -0.017292970770748387, -0.043782720919706024]",1.0,-0.0025096644219628414,0.0006843941439731438,0.011283876558616035,True,location,67.0
N_dist_lo50,stock,8,1497,-0.03316769030644578,0.20435342185563204,-2.808401610393158,"[-0.10124566349004094, -0.01928712238699008, -0.009181491869666917, -0.025695848043058012, -0.011199999134727766]",1.0,-0.0017136433339742622,0.00497880936152284,0.04666444570369974,True,location,67.0
N_dist_hi100,stock,2,1800,0.029969093615583524,0.18840694485505524,3.01806057018641,"[0.018790196394313532, 0.03202816032084116, 0.015603957629014755, 0.04937505800658615, 0.03413305367608501]",1.0,0.003287090106740232,0.002543980522192957,0.02918882914937182,True,location,65.0
N_dist_hi100,stock,3,1668,0.029724274858420194,0.18728933613103038,2.8987531880355975,"[0.04079371293962838, 0.011776698613348085, 0.04891363301789772, 0.019570304680383784, 0.02334619457083703]",1.0,0.0027181163259122165,0.0037464968415685806,0.03874971193177026,True,location,65.0
N_dist_lo100,all,-1,1801,-0.01787628830501939,0.10462561285906091,-3.2427329874677806,"[-0.03670479488144332, -0.020286057865374803, -0.01752566068910125, -0.009744912680592608, -0.005067714001428227]",1.0,-0.0013721073913000952,0.0011838910608801267,0.017464618507118862,True,location,67.0
N_dist_lo100,market,2,366,-0.031188194263875885,0.09277712137592938,-2.8761059318042106,"[-0.027040399715834607, -0.054300630594285845, -0.0032695704345684184, -0.0665833555753356, -0.07219724238584363]",1.0,-0.002834141038195398,0.004026145687623828,0.04009795857420279,True,location,67.0
N_dist_hi250,stock,6,1690,0.030570178388827047,0.17836196060596093,3.1510412284769993,"[0.08379029071366939, 0.006614016984731078, 0.012263581918785908, 0.03583655481561595, 0.025482363992925125]",1.0,0.002555818325844509,0.0016268952360687372,0.022217877864270506,True,location,65.0
N_ret3,all,-1,1801,-0.021549162075314453,0.10674223307656375,-3.8314746605490058,"[-0.01382088369287131, -0.007114727802659553, -0.038283266146677444, -0.03474208965021283, -0.013806310524102337]",1.0,-0.003080469858566509,0.00012737749498059614,0.0034391923644760958,True,momentum,70.0
N_ret3,stock,2,1800,-0.029833051671210628,0.1693209671202344,-3.3430139612016543,"[-0.009356227320796969, -0.030516328227846414, -0.05833609886563622, -0.028475600557720682, -0.0225341127541554]",1.0,-0.004524361236215774,0.0008287373029336464,0.012973265332626178,True,momentum,70.0
N_ret3,stock,3,1688,-0.027201275108172093,0.17751774801330433,-2.8154557240884466,"[-0.009048258473751222, -0.045142998986238185, -0.021812006330452806, -0.032364986972264365, -0.030965992363973162]",1.0,-0.003328655856153739,0.004870810813639714,0.045871347918533374,True,momentum,70.0
N_ret3,stock,6,1724,-0.026927621083415315,0.14635576712717216,-3.416424090548489,"[-0.011629491976647857, -0.020963483573242476, -0.030956429166870723, -0.048870629018840164, -0.019467453164883287]",1.0,-0.003440607824954719,0.0006344935052151612,0.01070094203924481,True,momentum,70.0
M_rel_ret5,all,-1,1801,-0.023341825155096647,0.1080470148549987,-4.100094751774007,"[-0.01936259799382574, -0.007859628980134975, -0.03634854371600067, -0.03771712192575584, -0.01543228656854732]",1.0,-0.0032626800005322127,4.129810170971915e-05,0.0016205375110893794,True,market-relative,9.0
M_rel_ret5,stock,2,1800,-0.03053909798989342,0.17215060956281047,-3.365882034820129,"[-0.009691605993828697, -0.037326602062626224, -0.05528032679516151, -0.03774450642721962, -0.012730373394057127]",1.0,-0.004408711112593593,0.0007629933043549197,0.012270110014088792,True,market-relative,9.0
M_rel_ret5,stock,3,1688,-0.02668115905629826,0.17576912794591912,-2.7890950363281064,"[-0.01983588644760894, -0.04930252211292073, -0.019357586477729147, -0.02256601248560502, -0.02669545640891608]",1.0,-0.0028487968081527242,0.00528555523140839,0.04858373007746404,True,market-relative,9.0
M_rel_ret5,stock,6,1724,-0.029664529323311907,0.1466850027594986,-3.755219929734481,"[-0.018084090705921572, -0.013237805837016036, -0.02798670335570482, -0.05331067616530043, -0.034246301977781245]",1.0,-0.003794599632708352,0.00017318933135501702,0.004301233773652448,True,market-relative,9.0
M_rel_ret5,stock,8,1532,-0.029917634984543598,0.181179697162323,-2.8904276978650945,"[-0.03560557311538815, -0.034424681250723566, -0.03860943013750945, -0.038586402813803114, -0.004035876603094846]",1.0,-0.003493898038907717,0.003847180170433173,0.03910967613673516,True,market-relative,9.0
M_rel_ret20,stock,6,1718,-0.025573295413520564,0.14976736822833825,-3.165162959967734,"[-0.0801226860164243, -0.014255377123936744, 0.014433016933234856, -0.013257137340199504, -0.04483493744320508]",0.8,-0.002528373242649426,0.0015499611583613682,0.02141485330899919,True,market-relative,62.0
M_rel_ret20,stock,8,1521,-0.029644412601072076,0.18326738867558845,-2.821222003669269,"[-0.08614684346098597, -0.02066185346041648, -0.013770481125579558, -0.019445051757776298, -0.009832450572600217]",1.0,-0.0019650985524150635,0.004784108232408046,0.04527212388417003,True,market-relative,62.0
M_ivol60,all,-1,1801,-0.02814247377300277,0.16088486909248495,-3.319853526087561,"[-0.053417145231203174, -0.030064225463783303, -0.011298241404822947, -0.0191488844815577, -0.026713664862929514]",1.0,-0.0015767626550779181,0.0009006468945700341,0.013599916966082997,True,market-relative,44.0
M_ivol60,stock,1,1625,-0.0313536433958189,0.18937229787124651,-2.984786323211282,"[-0.030338827535996378, -0.016929816797991454, -0.03259640662142595, -0.053982618517805, -0.025384285513343704]",1.0,-0.0022726630599030164,0.00283776478864195,0.03193706222934324,True,market-relative,44.0
M_ivol60,stock,2,1800,-0.039282774052282705,0.18893726869508398,-3.9448978914409767,"[-0.061039211006825286, -0.03015138867821924, -0.04084260134242626, -0.04239683975482457, -0.021932045114529293]",1.0,-0.003098490295733212,7.983398979272138e-05,0.0024602244184291,True,market-relative,44.0
M_ivol60,stock,3,1673,-0.036481050944991406,0.19509995108679706,-3.4203704740248644,"[-0.061714757606691165, -0.03523809506301887, -0.03545358239012398, -0.03459612656636104, -0.015900729329450785]",1.0,-0.0019355551194774208,0.0006253590782854257,0.010611186576686506,True,market-relative,44.0
M_ivol60,stock,6,1716,-0.037082558759013805,0.18562519071571676,-3.700892073694233,"[-0.09723583717852771, -0.014676593366542652, -0.002211230543725084, -0.026985834307574556, -0.055684387405533164]",1.0,-0.0027074130310901184,0.0002148428458110807,0.005058259961776084,True,market-relative,44.0
I_rsi14__x__realvol_20,stock,3,1689,-0.03928966822661488,0.1959066311113242,-3.6860315464195943,"[-0.07975915405565034, -0.058608023826777114, -0.025462777274340074, -0.02617789823652155, -0.011255109074404]",1.0,-0.002963781545127466,0.00022777812881669135,0.005145195596812938,True,interaction,61.0
I_rsi14__x__realvol_20,stock,6,1726,-0.0370124636562563,0.18059374966444572,-3.807857364553842,"[-0.1017709039748264, -0.03918450870796624, 0.0031728983978093306, -0.011576483538033585, -0.045580946926341015]",0.8,-0.003075162864895766,0.00014017608276906124,0.0037333774804465814,True,interaction,61.0
I_dvol_z20__x__ema20_angle_deg,all,-1,1801,-0.020712365479791002,0.04904069198575737,-8.015764797603897,"[-0.020534121077772437, -0.026190830613059074, -0.02009349557594239, -0.022711059677020844, -0.014032815578499195]",1.0,-0.002353276680221161,1.1102230246251565e-15,2.178257574314557e-12,True,interaction,58.0
I_dvol_z20__x__ema20_angle_deg,market,2,366,-0.022058907077941805,0.050628216811649314,-3.7277510440259953,"[-0.025565356521434216, -0.035929301211213474, -0.018699158484120522, -0.02103112743025622, -0.014486074581020095]",1.0,-0.0025779823984947753,0.00019319608015355705,0.004622569625137548,True,interaction,58.0
I_dvol_z20__x__ema20_angle_deg,market,3,466,-0.01879558745194313,0.04308079135951153,-4.211920719133838,"[-0.022047857870051497, -0.02492109769160251, -0.020877544548998875, -0.015237159944988081]",1.0,-0.0020563035158938296,2.532084202533369e-05,0.0011923078092889129,True,interaction,58.0
I_dvol_z20__x__ema20_angle_deg,market,4,323,-0.0214553040832646,0.051822615553650614,-3.327603745868121,"[-0.009355202174393784, -0.032843204468252486, -0.01924725323995498, -0.009929250218862191]",1.0,-0.0022303747749832757,0.0008759636600059739,0.01349717827956849,True,interaction,58.0
I_dvol_z20__x__ema20_angle_deg,market,5,471,-0.020397537420966585,0.04661720106987423,-4.246752932317625,"[-0.019222827127448373, -0.02129280688661064, -0.021600858184510015, -0.024616064821365014, -0.012693990272612242]",1.0,-0.002229095726037657,2.168909041055933e-05,0.0010712895320557525,True,interaction,58.0
I_dvol_z20__x__ema20_angle_deg,stock,3,1689,-0.026723616029103926,0.16189011816321713,-3.0339240570536905,"[-0.021400712267734948, -0.05512956988101221, -0.009913909926184971, -0.026934165403406984, -0.025804557240010937]",1.0,-0.00308406822981025,0.002413951879657761,0.028114384820910398,True,interaction,58.0
I_dvol_z20__x__ema20_angle_deg,stock,8,1542,-0.029375624675942926,0.1671551261707306,-3.0862037574787657,"[-0.03753058675620682, -0.033280894714099465, -0.03621714458093791, -0.041345565554529014, 0.00014137196235113953]",0.8,-0.003800185010823966,0.0020272984678395556,0.025174427809501316,True,interaction,58.0
I_compress_state__x__dist_from_20h,stock,6,1726,-0.019657112830872174,0.12981039024398267,-2.813491895685572,"[-0.04368501208848215, -0.016650187945361775, -0.015319999019483775, -0.01717973107275053, -0.008222551861829226]",1.0,-0.002712167694998415,0.004900662145585155,0.04607874982254668,True,interaction,57.0
I_macd_hist__x__atr_pct,stock,8,1542,-0.0285776943235332,0.17995831722925112,-2.7887683938983305,"[-0.09011111127826074, -0.005824577445375219, -0.015198874802008787, -0.006554006858888377, -0.021589409983922288]",1.0,-0.0020441714643928363,0.005290888715537623,0.04858373007746404,True,interaction,60.0
I_intraday_ret_pct__x__dvol_z20,all,-1,1801,-0.012759069150739532,0.04558963130570596,-5.311592701364942,"[-0.014153136528802276, -0.015772970097373017, -0.016115314441775726, -0.01384948167379572, -0.0039005706025674047]",1.0,-0.0013654831086788858,1.0867126709612762e-07,1.827540223222306e-05,True,interaction,59.0
I_intraday_ret_pct__x__dvol_z20,market,4,323,-0.016286969388396362,0.04607022012442968,-2.841425356873127,"[-0.018843600427432848, -0.01605111542830573, -0.016716033408729587, -0.010095667317430414]",1.0,-0.0015303184710985112,0.004491236438306068,0.04326582271009741,True,interaction,59.0
I_bb_pctB_20__x__adx14,all,-1,1801,-0.011110862335470534,0.048179220995884196,-4.3768317002315325,"[-0.01484700540974535, -0.006792202490358918, -0.01017354799694555, -0.015940577213775058, -0.007790600391321477]",1.0,-0.0012779648038337903,1.2041688143060725e-05,0.0006443397855459584,True,interaction,56.0
I_bb_pctB_20__x__adx14,market,3,466,-0.01491483361392714,0.04499940842517636,-3.1997759110396347,"[-0.023497575744124977, -0.025074496072506034, -0.0175675169809457, -0.0058830281151653705]",1.0,-0.0018329503933402493,0.001375344754708241,0.019841370652482124,True,interaction,56.0
